item_id,retailer_id,retailer_name,website_domain,store_location,store_number,region,postal_code,department,subcategory,product_name,brand,package_size,price_cad,regular_price_cad,is_on_sale,savings_cad,sale_details,unit_price_cad,unit_measure,in_stock,scraped_timestamp,scraped_source,flyer_valid_from,flyer_valid_to,source_url
CAN-SAVEON-20001001,saveon,Save-On,saveonfoods.com,"Cambie St, Vancouver",1982,BC - Greater Vancouver,V5K0A1,Produce,Fruits,"Western Family Cavendish Bananas, 1 kg",Western Family,1 kg,1.8,3.3,YES,1.5,Save $1.50 With More Rewards Card,1.8,kg,In Stock,2026-10-04T09:30:11.470760+00:00,Official saveonfoods.com Web Storefront,2026-10-01T04:00:00+00:00,2026-10-08T03:59:59+00:00,https://www.saveonfoods.com/sm/pickup/rsid/1982/product/western-family-cavendish-bananas-1-kg-20001001
CAN-NOFRILLS-20001002,nofrills,No Frills,nofrills.ca,"Hastings St, Vancouver",3942,BC - Greater Vancouver,V5K0A1,Produce,Fruits,"No Name Cavendish Bananas, 1 kg",No Name,1 kg,1.55,2.05,YES,0.5,Hit of the Month - Rollback $0.50,1.55,kg,In Stock,2026-10-04T09:30:18.796596+00:00,Official nofrills.ca Web Storefront,2026-10-01T04:00:00+00:00,2026-10-08T03:59:59+00:00,https://www.nofrills.ca/en/no-name-cavendish-bananas-1-kg/p/20001002_EA
CAN-WALMART-20001003,walmart,Walmart,walmart.ca,"Grandview Hwy, Vancouver",1128,BC - Greater Vancouver,V5K0A1,Produce,Fruits,"Great Value Cavendish Bananas, 1 kg",Great Value,1 kg,1.57,1.57,NO,0.0,Regular Everyday Price,1.57,kg,In Stock,2026-10-04T09:30:29.954152+00:00,Official walmart.ca Web Storefront,2026-10-01T04:00:00+00:00,2026-10-08T03:59:59+00:00,https://www.walmart.ca/en/ip/great-value-cavendish-bananas-1-kg/60000001003
CAN-TNT-20001004,tnt,T&T,tntsupermarket.com,"Marine Gateway, Vancouver",012,BC - Greater Vancouver,V5K0A1,Produce,Fruits,"T&T Fresh Cavendish Bananas, 1 kg",T&T Fresh,1 kg,1.75,1.75,NO,0.0,Regular Everyday Price,1.75,kg,In Stock,2026-10-04T09:30:36.008677+00:00,Official tntsupermarket.com Web Storefront,2026-10-01T04:00:00+00:00,2026-10-08T03:59:59+00:00,https://www.tntsupermarket.com/eng/2000100-tt-fresh-cavendish-bananas-1-kg.html
CAN-LOBLAWS-20001005,loblaws,Loblaws,loblaws.ca,"City Market Arbutus, Vancouver",1524,BC - Greater Vancouver,V5K0A1,Produce,Fruits,"President's Choice Cavendish Bananas, 1 kg",President's Choice,1 kg,1.93,1.93,NO,0.0,Regular Everyday Price,1.93,kg,In Stock,2026-10-04T09:30:46.369457+00:00,Official loblaws.ca Web Storefront,2026-10-01T04:00:00+00:00,2026-10-08T03:59:59+00:00,https://www.loblaws.ca/en/presidents-choice-cavendish-bananas-1-kg/p/20001005_EA
CAN-COSTCO-20001006,costco,Costco,costco.ca,"Expo Blvd, Downtown Vancouver",0552,BC - Greater Vancouver,V5K0A1,Produce,Fruits,"Kirkland Signature Cavendish Bananas, 1.36 kg",Kirkland Signature,1.36 kg,2.34,2.34,NO,0.0,Regular Everyday Price,1.72,kg,In Stock,2026-10-04T09:30:49.795481+00:00,Official costco.ca Web Storefront,2026-10-01T04:00:00+00:00,2026-10-08T03:59:59+00:00,https://www.costco.ca/kirkland-signature-cavendish-bananas-136-kg.product.001006.html
CAN-FRESHCO-20001007,freshco,FreshCo,freshco.com,"Broadmoor / Blundell, Richmond",9814,BC - Greater Vancouver,V5K0A1,Produce,Fruits,"Compliments Cavendish Bananas, 1 kg",Compliments,1 kg,1.57,1.57,NO,0.0,Regular Everyday Price,1.57,kg,In Stock,2026-10-04T09:31:00.766730+00:00,Official freshco.com Web Storefront,2026-10-01T04:00:00+00:00,2026-10-08T03:59:59+00:00,https://freshco.com/products/compliments-cavendish-bananas-1-kg-20001007
CAN-SOBEYS-20001008,sobeys,Sobeys,sobeys.com,"Safeway Broadway, Vancouver",4920,BC - Greater Vancouver,V5K0A1,Produce,Fruits,"Compliments Cavendish Bananas, 1 kg",Compliments,1 kg,1.93,1.93,NO,0.0,Regular Everyday Price,1.93,kg,In Stock,2026-10-04T09:31:07.897583+00:00,Official sobeys.com Web Storefront,2026-10-01T04:00:00+00:00,2026-10-08T03:59:59+00:00,https://www.sobeys.com/en/products/compliments-cavendish-bananas-1-kg-20001008
CAN-METRO-20001009,metro,Metro,metro.ca,"Western Fulfillment, Vancouver",8801,BC - Greater Vancouver,V5K0A1,Produce,Fruits,"Selection Cavendish Bananas, 1 kg",Selection,1 kg,1.89,1.89,NO,0.0,Regular Everyday Price,1.89,kg,In Stock,2026-10-04T09:31:20.985799+00:00,Official metro.ca Web Storefront,2026-10-01T04:00:00+00:00,2026-10-08T03:59:59+00:00,https://www.metro.ca/en/online-grocery/aisles/produce/selection-cavendish-bananas-1-kg-p-20001009
CAN-FOODBASICS-20001010,foodbasics,Food Basics,foodbasics.ca,"Western Regional, Vancouver",8802,BC - Greater Vancouver,V5K0A1,Produce,Fruits,"Selection Cavendish Bananas, 1 kg",Selection,1 kg,1.57,1.57,NO,0.0,Regular Everyday Price,1.57,kg,In Stock,2026-10-04T09:31:26.541405+00:00,Official foodbasics.ca Web Storefront,2026-10-01T04:00:00+00:00,2026-10-08T03:59:59+00:00,https://www.foodbasics.ca/aisles/produce/selection-cavendish-bananas-1-kg-p-20001010
CAN-SAVEON-20001011,saveon,Save-On,saveonfoods.com,"Cambie St, Vancouver",1982,BC - Greater Vancouver,V5K0A1,Produce,Fruits,"Western Family Royal Gala Apples, 3 lb bag",Western Family,3 lb bag,5.4,6.1,YES,0.7,Save $0.70 With More Rewards Card,5.4,each,In Stock,2026-10-04T09:31:40.022352+00:00,Official saveonfoods.com Web Storefront,2026-10-01T04:00:00+00:00,2026-10-08T03:59:59+00:00,https://www.saveonfoods.com/sm/pickup/rsid/1982/product/western-family-royal-gala-apples-3-lb-bag-20001011
CAN-NOFRILLS-20001012,nofrills,No Frills,nofrills.ca,"Hastings St, Vancouver",3942,BC - Greater Vancouver,V5K0A1,Produce,Fruits,"Farmer's Market Royal Gala Apples, 3 lb bag",Farmer's Market,3 lb bag,4.58,4.58,NO,0.0,Regular Everyday Price,4.58,each,In Stock,2026-10-04T09:31:53.718240+00:00,Official nofrills.ca Web Storefront,2026-10-01T04:00:00+00:00,2026-10-08T03:59:59+00:00,https://www.nofrills.ca/en/farmers-market-royal-gala-apples-3-lb-bag/p/20001012_EA
CAN-WALMART-20001013,walmart,Walmart,walmart.ca,"Grandview Hwy, Vancouver",1128,BC - Greater Vancouver,V5K0A1,Produce,Fruits,"Your Fresh Market Royal Gala Apples, 3 lb bag",Your Fresh Market,3 lb bag,4.56,6.56,YES,2.0,Rollback - Save $2.00,4.56,each,In Stock,2026-10-04T09:32:06.863284+00:00,Official walmart.ca Web Storefront,2026-10-01T04:00:00+00:00,2026-10-08T03:59:59+00:00,https://www.walmart.ca/en/ip/your-fresh-market-royal-gala-apples-3-lb-bag/60000001013
CAN-TNT-20001014,tnt,T&T,tntsupermarket.com,"Marine Gateway, Vancouver",012,BC - Greater Vancouver,V5K0A1,Produce,Fruits,"T&T Select Royal Gala Apples, 3 lb bag",T&T Select,3 lb bag,4.98,4.98,NO,0.0,Regular Everyday Price,4.98,each,In Stock,2026-10-04T09:32:12.606079+00:00,Official tntsupermarket.com Web Storefront,2026-10-01T04:00:00+00:00,2026-10-08T03:59:59+00:00,https://www.tntsupermarket.com/eng/2000101-tt-select-royal-gala-apples-3-lb-bag.html
CAN-LOBLAWS-20001015,loblaws,Loblaws,loblaws.ca,"City Market Arbutus, Vancouver",1524,BC - Greater Vancouver,V5K0A1,Produce,Fruits,"President's Choice Royal Gala Apples, 3 lb bag",President's Choice,3 lb bag,5.6,5.6,NO,0.0,Regular Everyday Price,5.6,each,In Stock,2026-10-04T09:32:20.491491+00:00,Official loblaws.ca Web Storefront,2026-10-01T04:00:00+00:00,2026-10-08T03:59:59+00:00,https://www.loblaws.ca/en/presidents-choice-royal-gala-apples-3-lb-bag/p/20001015_EA
CAN-COSTCO-20001016,costco,Costco,costco.ca,"Expo Blvd, Downtown Vancouver",0552,BC - Greater Vancouver,V5K0A1,Produce,Fruits,"Kirkland Signature Royal Gala Apples, 6 lb bag",Kirkland Signature,6 lb bag,9.17,9.17,NO,0.0,Regular Everyday Price,9.17,each,In Stock,2026-10-04T09:32:24.654984+00:00,Official costco.ca Web Storefront,2026-10-01T04:00:00+00:00,2026-10-08T03:59:59+00:00,https://www.costco.ca/kirkland-signature-royal-gala-apples-6-lb-bag.product.001016.html
CAN-FRESHCO-20001017,freshco,FreshCo,freshco.com,"Broadmoor / Blundell, Richmond",9814,BC - Greater Vancouver,V5K0A1,Produce,Fruits,"Compliments Royal Gala Apples, 3 lb bag",Compliments,3 lb bag,4.58,4.58,NO,0.0,Regular Everyday Price,4.58,each,In Stock,2026-10-04T09:32:31.784339+00:00,Official freshco.com Web Storefront,2026-10-01T04:00:00+00:00,2026-10-08T03:59:59+00:00,https://freshco.com/products/compliments-royal-gala-apples-3-lb-bag-20001017
CAN-SOBEYS-20001018,sobeys,Sobeys,sobeys.com,"Safeway Broadway, Vancouver",4920,BC - Greater Vancouver,V5K0A1,Produce,Fruits,"Compliments Royal Gala Apples, 3 lb bag",Compliments,3 lb bag,5.6,5.6,NO,0.0,Regular Everyday Price,5.6,each,In Stock,2026-10-04T09:32:45.726642+00:00,Official sobeys.com Web Storefront,2026-10-01T04:00:00+00:00,2026-10-08T03:59:59+00:00,https://www.sobeys.com/en/products/compliments-royal-gala-apples-3-lb-bag-20001018
CAN-METRO-20001019,metro,Metro,metro.ca,"Western Fulfillment, Vancouver",8801,BC - Greater Vancouver,V5K0A1,Produce,Fruits,"Selection Royal Gala Apples, 3 lb bag",Selection,3 lb bag,5.4,7.4,YES,2.0,Weekly Flyer Special - Save $2.00,5.4,each,In Stock,2026-10-04T09:32:54.493389+00:00,Official metro.ca Web Storefront,2026-10-01T04:00:00+00:00,2026-10-08T03:59:59+00:00,https://www.metro.ca/en/online-grocery/aisles/produce/selection-royal-gala-apples-3-lb-bag-p-20001019
CAN-FOODBASICS-20001020,foodbasics,Food Basics,foodbasics.ca,"Western Regional, Vancouver",8802,BC - Greater Vancouver,V5K0A1,Produce,Fruits,"Selection Royal Gala Apples, 3 lb bag",Selection,3 lb bag,4.58,4.58,NO,0.0,Regular Everyday Price,4.58,each,In Stock,2026-10-04T09:33:02.927671+00:00,Official foodbasics.ca Web Storefront,2026-10-01T04:00:00+00:00,2026-10-08T03:59:59+00:00,https://www.foodbasics.ca/aisles/produce/selection-royal-gala-apples-3-lb-bag-p-20001020
CAN-SAVEON-20001021,saveon,Save-On,saveonfoods.com,"Cambie St, Vancouver",1982,BC - Greater Vancouver,V5K0A1,Produce,Fruits,"Western Family Honeycrisp Apples, 1 kg",Western Family,1 kg,6.27,6.27,NO,0.0,Regular Everyday Price,6.27,kg,In Stock,2026-10-04T09:33:13.677558+00:00,Official saveonfoods.com Web Storefront,2026-10-01T04:00:00+00:00,2026-10-08T03:59:59+00:00,https://www.saveonfoods.com/sm/pickup/rsid/1982/product/western-family-honeycrisp-apples-1-kg-20001021
CAN-NOFRILLS-20001022,nofrills,No Frills,nofrills.ca,"Hastings St, Vancouver",3942,BC - Greater Vancouver,V5K0A1,Produce,Fruits,"Farmer's Market Honeycrisp Apples, 1 kg",Farmer's Market,1 kg,5.6,5.6,NO,0.0,Regular Everyday Price,5.6,kg,In Stock,2026-10-04T09:33:20.055613+00:00,Official nofrills.ca Web Storefront,2026-10-01T04:00:00+00:00,2026-10-08T03:59:59+00:00,https://www.nofrills.ca/en/farmers-market-honeycrisp-apples-1-kg/p/20001022_EA
CAN-WALMART-20001023,walmart,Walmart,walmart.ca,"Grandview Hwy, Vancouver",1128,BC - Greater Vancouver,V5K0A1,Produce,Fruits,"Your Fresh Market Honeycrisp Apples, 1 kg",Your Fresh Market,1 kg,5.36,6.56,YES,1.2,Rollback - Save $1.20,5.36,kg,In Stock,2026-10-04T09:33:30.591201+00:00,Official walmart.ca Web Storefront,2026-10-01T04:00:00+00:00,2026-10-08T03:59:59+00:00,https://www.walmart.ca/en/ip/your-fresh-market-honeycrisp-apples-1-kg/60000001023
CAN-TNT-20001024,tnt,T&T,tntsupermarket.com,"Marine Gateway, Vancouver",012,BC - Greater Vancouver,V5K0A1,Produce,Fruits,"T&T Select Honeycrisp Apples, 1 kg",T&T Select,1 kg,6.0,6.0,NO,0.0,Regular Everyday Price,6.0,kg,In Stock,2026-10-04T09:33:39.574974+00:00,Official tntsupermarket.com Web Storefront,2026-10-01T04:00:00+00:00,2026-10-08T03:59:59+00:00,https://www.tntsupermarket.com/eng/2000102-tt-select-honeycrisp-apples-1-kg.html
CAN-LOBLAWS-20001025,loblaws,Loblaws,loblaws.ca,"City Market Arbutus, Vancouver",1524,BC - Greater Vancouver,V5K0A1,Produce,Fruits,"President's Choice Honeycrisp Apples, 1 kg",President's Choice,1 kg,6.62,6.62,NO,0.0,Regular Everyday Price,6.62,kg,In Stock,2026-10-04T09:33:48.371142+00:00,Official loblaws.ca Web Storefront,2026-10-01T04:00:00+00:00,2026-10-08T03:59:59+00:00,https://www.loblaws.ca/en/presidents-choice-honeycrisp-apples-1-kg/p/20001025_EA
CAN-COSTCO-20001026,costco,Costco,costco.ca,"Expo Blvd, Downtown Vancouver",0552,BC - Greater Vancouver,V5K0A1,Produce,Fruits,"Kirkland Signature Honeycrisp Apples, 2.5 kg",Kirkland Signature,2.5 kg,11.21,11.21,NO,0.0,Regular Everyday Price,4.48,kg,In Stock,2026-10-04T09:33:57.187039+00:00,Official costco.ca Web Storefront,2026-10-01T04:00:00+00:00,2026-10-08T03:59:59+00:00,https://www.costco.ca/kirkland-signature-honeycrisp-apples-25-kg.product.001026.html
CAN-FRESHCO-20001027,freshco,FreshCo,freshco.com,"Broadmoor / Blundell, Richmond",9814,BC - Greater Vancouver,V5K0A1,Produce,Fruits,"Compliments Honeycrisp Apples, 1 kg",Compliments,1 kg,5.6,5.6,NO,0.0,Regular Everyday Price,5.6,kg,In Stock,2026-10-04T09:34:05.983501+00:00,Official freshco.com Web Storefront,2026-10-01T04:00:00+00:00,2026-10-08T03:59:59+00:00,https://freshco.com/products/compliments-honeycrisp-apples-1-kg-20001027
CAN-SOBEYS-20001028,sobeys,Sobeys,sobeys.com,"Safeway Broadway, Vancouver",4920,BC - Greater Vancouver,V5K0A1,Produce,Fruits,"Compliments Honeycrisp Apples, 1 kg",Compliments,1 kg,6.62,6.62,NO,0.0,Regular Everyday Price,6.62,kg,In Stock,2026-10-04T09:34:17.352210+00:00,Official sobeys.com Web Storefront,2026-10-01T04:00:00+00:00,2026-10-08T03:59:59+00:00,https://www.sobeys.com/en/products/compliments-honeycrisp-apples-1-kg-20001028
CAN-METRO-20001029,metro,Metro,metro.ca,"Western Fulfillment, Vancouver",8801,BC - Greater Vancouver,V5K0A1,Produce,Fruits,"Selection Honeycrisp Apples, 1 kg",Selection,1 kg,6.42,6.42,NO,0.0,Regular Everyday Price,6.42,kg,In Stock,2026-10-04T09:34:23.593899+00:00,Official metro.ca Web Storefront,2026-10-01T04:00:00+00:00,2026-10-08T03:59:59+00:00,https://www.metro.ca/en/online-grocery/aisles/produce/selection-honeycrisp-apples-1-kg-p-20001029
CAN-FOODBASICS-20001030,foodbasics,Food Basics,foodbasics.ca,"Western Regional, Vancouver",8802,BC - Greater Vancouver,V5K0A1,Produce,Fruits,"Selection Honeycrisp Apples, 1 kg",Selection,1 kg,5.6,5.6,NO,0.0,Regular Everyday Price,5.6,kg,In Stock,2026-10-04T09:34:30.987976+00:00,Official foodbasics.ca Web Storefront,2026-10-01T04:00:00+00:00,2026-10-08T03:59:59+00:00,https://www.foodbasics.ca/aisles/produce/selection-honeycrisp-apples-1-kg-p-20001030
CAN-SAVEON-20001031,saveon,Save-On,saveonfoods.com,"Cambie St, Vancouver",1982,BC - Greater Vancouver,V5K0A1,Produce,Vegetables,"Western Family Russet Baking Potatoes, 10 lb bag",Western Family,10 lb bag,6.11,6.11,NO,0.0,Regular Everyday Price,6.11,each,In Stock,2026-10-04T09:34:34.334064+00:00,Official saveonfoods.com Web Storefront,2026-10-01T04:00:00+00:00,2026-10-08T03:59:59+00:00,https://www.saveonfoods.com/sm/pickup/rsid/1982/product/western-family-russet-baking-potatoes-10-lb-bag-20001031
CAN-NOFRILLS-20001032,nofrills,No Frills,nofrills.ca,"Hastings St, Vancouver",3942,BC - Greater Vancouver,V5K0A1,Produce,Vegetables,"No Name Russet Baking Potatoes, 10 lb bag",No Name,10 lb bag,4.58,4.58,NO,0.0,Regular Everyday Price,4.58,each,In Stock,2026-10-04T09:34:46.641731+00:00,Official nofrills.ca Web Storefront,2026-10-01T04:00:00+00:00,2026-10-08T03:59:59+00:00,https://www.nofrills.ca/en/no-name-russet-baking-potatoes-10-lb-bag/p/20001032_EA
CAN-WALMART-20001033,walmart,Walmart,walmart.ca,"Grandview Hwy, Vancouver",1128,BC - Greater Vancouver,V5K0A1,Produce,Vegetables,"Great Value Russet Baking Potatoes, 10 lb bag",Great Value,10 lb bag,4.56,4.56,NO,0.0,Regular Everyday Price,4.56,each,In Stock,2026-10-04T09:34:50.935819+00:00,Official walmart.ca Web Storefront,2026-10-01T04:00:00+00:00,2026-10-08T03:59:59+00:00,https://www.walmart.ca/en/ip/great-value-russet-baking-potatoes-10-lb-bag/60000001033
CAN-TNT-20001034,tnt,T&T,tntsupermarket.com,"Marine Gateway, Vancouver",012,BC - Greater Vancouver,V5K0A1,Produce,Vegetables,"Rooster Brand Russet Baking Potatoes, 10 lb bag",Rooster Brand,10 lb bag,5.09,5.09,NO,0.0,Regular Everyday Price,5.09,each,In Stock,2026-10-04T09:35:03.667234+00:00,Official tntsupermarket.com Web Storefront,2026-10-01T04:00:00+00:00,2026-10-08T03:59:59+00:00,https://www.tntsupermarket.com/eng/2000103-rooster-brand-russet-baking-potatoes-10-lb-bag.html
CAN-LOBLAWS-20001035,loblaws,Loblaws,loblaws.ca,"City Market Arbutus, Vancouver",1524,BC - Greater Vancouver,V5K0A1,Produce,Vegetables,"President's Choice Russet Baking Potatoes, 10 lb bag",President's Choice,10 lb bag,6.11,6.11,NO,0.0,Regular Everyday Price,6.11,each,In Stock,2026-10-04T09:35:18.349521+00:00,Official loblaws.ca Web Storefront,2026-10-01T04:00:00+00:00,2026-10-08T03:59:59+00:00,https://www.loblaws.ca/en/presidents-choice-russet-baking-potatoes-10-lb-bag/p/20001035_EA
CAN-COSTCO-20001036,costco,Costco,costco.ca,"Expo Blvd, Downtown Vancouver",0552,BC - Greater Vancouver,V5K0A1,Produce,Vegetables,"Kirkland Signature Russet Baking Potatoes, 15 lb bag",Kirkland Signature,15 lb bag,8.15,8.15,NO,0.0,Regular Everyday Price,8.15,each,In Stock,2026-10-04T09:35:31.022779+00:00,Official costco.ca Web Storefront,2026-10-01T04:00:00+00:00,2026-10-08T03:59:59+00:00,https://www.costco.ca/kirkland-signature-russet-baking-potatoes-15-lb-bag.product.001036.html
CAN-FRESHCO-20001037,freshco,FreshCo,freshco.com,"Broadmoor / Blundell, Richmond",9814,BC - Greater Vancouver,V5K0A1,Produce,Vegetables,"Compliments Russet Baking Potatoes, 10 lb bag",Compliments,10 lb bag,4.58,4.58,NO,0.0,Regular Everyday Price,4.58,each,In Stock,2026-10-04T09:35:35.931244+00:00,Official freshco.com Web Storefront,2026-10-01T04:00:00+00:00,2026-10-08T03:59:59+00:00,https://freshco.com/products/compliments-russet-baking-potatoes-10-lb-bag-20001037
CAN-SOBEYS-20001038,sobeys,Sobeys,sobeys.com,"Safeway Broadway, Vancouver",4920,BC - Greater Vancouver,V5K0A1,Produce,Vegetables,"Compliments Russet Baking Potatoes, 10 lb bag",Compliments,10 lb bag,6.11,8.31,YES,2.2,Scene+ Member Deal - Save $2.20,6.11,each,In Stock,2026-10-04T09:35:47.800639+00:00,Official sobeys.com Web Storefront,2026-10-01T04:00:00+00:00,2026-10-08T03:59:59+00:00,https://www.sobeys.com/en/products/compliments-russet-baking-potatoes-10-lb-bag-20001038
CAN-METRO-20001039,metro,Metro,metro.ca,"Western Fulfillment, Vancouver",8801,BC - Greater Vancouver,V5K0A1,Produce,Vegetables,"Selection Russet Baking Potatoes, 10 lb bag",Selection,10 lb bag,5.6,6.4,YES,0.8,Weekly Flyer Special - Save $0.80,5.6,each,In Stock,2026-10-04T09:35:58.611177+00:00,Official metro.ca Web Storefront,2026-10-01T04:00:00+00:00,2026-10-08T03:59:59+00:00,https://www.metro.ca/en/online-grocery/aisles/produce/selection-russet-baking-potatoes-10-lb-bag-p-20001039
CAN-FOODBASICS-20001040,foodbasics,Food Basics,foodbasics.ca,"Western Regional, Vancouver",8802,BC - Greater Vancouver,V5K0A1,Produce,Vegetables,"Selection Russet Baking Potatoes, 10 lb bag",Selection,10 lb bag,4.58,4.58,NO,0.0,Regular Everyday Price,4.58,each,In Stock,2026-10-04T09:36:06.392460+00:00,Official foodbasics.ca Web Storefront,2026-10-01T04:00:00+00:00,2026-10-08T03:59:59+00:00,https://www.foodbasics.ca/aisles/produce/selection-russet-baking-potatoes-10-lb-bag-p-20001040
CAN-SAVEON-20001041,saveon,Save-On,saveonfoods.com,"Cambie St, Vancouver",1982,BC - Greater Vancouver,V5K0A1,Produce,Vegetables,"Western Family Yellow Cooking Onions, 3 lb bag",Western Family,3 lb bag,3.36,3.36,NO,0.0,Regular Everyday Price,3.36,each,In Stock,2026-10-04T09:36:20.362744+00:00,Official saveonfoods.com Web Storefront,2026-10-01T04:00:00+00:00,2026-10-08T03:59:59+00:00,https://www.saveonfoods.com/sm/pickup/rsid/1982/product/western-family-yellow-cooking-onions-3-lb-bag-20001041
CAN-NOFRILLS-20001042,nofrills,No Frills,nofrills.ca,"Hastings St, Vancouver",3942,BC - Greater Vancouver,V5K0A1,Produce,Vegetables,"No Name Yellow Cooking Onions, 3 lb bag",No Name,3 lb bag,2.54,2.54,NO,0.0,Regular Everyday Price,2.54,each,In Stock,2026-10-04T09:36:30.710219+00:00,Official nofrills.ca Web Storefront,2026-10-01T04:00:00+00:00,2026-10-08T03:59:59+00:00,https://www.nofrills.ca/en/no-name-yellow-cooking-onions-3-lb-bag/p/20001042_EA
CAN-WALMART-20001043,walmart,Walmart,walmart.ca,"Grandview Hwy, Vancouver",1128,BC - Greater Vancouver,V5K0A1,Produce,Vegetables,"Great Value Yellow Cooking Onions, 3 lb bag",Great Value,3 lb bag,2.52,2.52,NO,0.0,Regular Everyday Price,2.52,each,In Stock,2026-10-04T09:36:38.157054+00:00,Official walmart.ca Web Storefront,2026-10-01T04:00:00+00:00,2026-10-08T03:59:59+00:00,https://www.walmart.ca/en/ip/great-value-yellow-cooking-onions-3-lb-bag/60000001043
CAN-TNT-20001044,tnt,T&T,tntsupermarket.com,"Marine Gateway, Vancouver",012,BC - Greater Vancouver,V5K0A1,Produce,Vegetables,"Rooster Brand Yellow Cooking Onions, 3 lb bag",Rooster Brand,3 lb bag,2.73,2.73,NO,0.0,Regular Everyday Price,2.73,each,In Stock,2026-10-04T09:36:41.837260+00:00,Official tntsupermarket.com Web Storefront,2026-10-01T04:00:00+00:00,2026-10-08T03:59:59+00:00,https://www.tntsupermarket.com/eng/2000104-rooster-brand-yellow-cooking-onions-3-lb-bag.html
CAN-LOBLAWS-20001045,loblaws,Loblaws,loblaws.ca,"City Market Arbutus, Vancouver",1524,BC - Greater Vancouver,V5K0A1,Produce,Vegetables,"President's Choice Yellow Cooking Onions, 3 lb bag",President's Choice,3 lb bag,3.56,3.56,NO,0.0,Regular Everyday Price,3.56,each,In Stock,2026-10-04T09:36:55.578374+00:00,Official loblaws.ca Web Storefront,2026-10-01T04:00:00+00:00,2026-10-08T03:59:59+00:00,https://www.loblaws.ca/en/presidents-choice-yellow-cooking-onions-3-lb-bag/p/20001045_EA
CAN-COSTCO-20001046,costco,Costco,costco.ca,"Expo Blvd, Downtown Vancouver",0552,BC - Greater Vancouver,V5K0A1,Produce,Vegetables,"Kirkland Signature Yellow Cooking Onions, 10 lb bag",Kirkland Signature,10 lb bag,6.11,8.61,YES,2.5,Instant Savings $2.50 Off at Checkout,6.11,each,In Stock,2026-10-04T09:37:04.417973+00:00,Official costco.ca Web Storefront,2026-10-01T04:00:00+00:00,2026-10-08T03:59:59+00:00,https://www.costco.ca/kirkland-signature-yellow-cooking-onions-10-lb-bag.product.001046.html
CAN-FRESHCO-20001047,freshco,FreshCo,freshco.com,"Broadmoor / Blundell, Richmond",9814,BC - Greater Vancouver,V5K0A1,Produce,Vegetables,"Compliments Yellow Cooking Onions, 3 lb bag",Compliments,3 lb bag,2.54,3.14,YES,0.6,Price Match Guarantee Deal - Save $0.60,2.54,each,In Stock,2026-10-04T09:37:12.541625+00:00,Official freshco.com Web Storefront,2026-10-01T04:00:00+00:00,2026-10-08T03:59:59+00:00,https://freshco.com/products/compliments-yellow-cooking-onions-3-lb-bag-20001047
CAN-SOBEYS-20001048,sobeys,Sobeys,sobeys.com,"Safeway Broadway, Vancouver",4920,BC - Greater Vancouver,V5K0A1,Produce,Vegetables,"Compliments Yellow Cooking Onions, 3 lb bag",Compliments,3 lb bag,3.56,3.56,NO,0.0,Regular Everyday Price,3.56,each,In Stock,2026-10-04T09:37:18.106762+00:00,Official sobeys.com Web Storefront,2026-10-01T04:00:00+00:00,2026-10-08T03:59:59+00:00,https://www.sobeys.com/en/products/compliments-yellow-cooking-onions-3-lb-bag-20001048
CAN-METRO-20001049,metro,Metro,metro.ca,"Western Fulfillment, Vancouver",8801,BC - Greater Vancouver,V5K0A1,Produce,Vegetables,"Selection Yellow Cooking Onions, 3 lb bag",Selection,3 lb bag,3.36,3.36,NO,0.0,Regular Everyday Price,3.36,each,In Stock,2026-10-04T09:37:27.114138+00:00,Official metro.ca Web Storefront,2026-10-01T04:00:00+00:00,2026-10-08T03:59:59+00:00,https://www.metro.ca/en/online-grocery/aisles/produce/selection-yellow-cooking-onions-3-lb-bag-p-20001049
CAN-FOODBASICS-20001050,foodbasics,Food Basics,foodbasics.ca,"Western Regional, Vancouver",8802,BC - Greater Vancouver,V5K0A1,Produce,Vegetables,"Selection Yellow Cooking Onions, 3 lb bag",Selection,3 lb bag,2.54,2.54,NO,0.0,Regular Everyday Price,2.54,each,In Stock,2026-10-04T09:37:34.250725+00:00,Official foodbasics.ca Web Storefront,2026-10-01T04:00:00+00:00,2026-10-08T03:59:59+00:00,https://www.foodbasics.ca/aisles/produce/selection-yellow-cooking-onions-3-lb-bag-p-20001050
CAN-SAVEON-20001051,saveon,Save-On,saveonfoods.com,"Cambie St, Vancouver",1982,BC - Greater Vancouver,V5K0A1,Produce,Vegetables,"Western Family English Seedless Cucumbers, 1 each",Western Family,1 each,1.93,1.93,NO,0.0,Regular Everyday Price,1.93,each,In Stock,2026-10-04T09:37:38.805522+00:00,Official saveonfoods.com Web Storefront,2026-10-01T04:00:00+00:00,2026-10-08T03:59:59+00:00,https://www.saveonfoods.com/sm/pickup/rsid/1982/product/western-family-english-seedless-cucumbers-1-each-20001051
CAN-NOFRILLS-20001052,nofrills,No Frills,nofrills.ca,"Hastings St, Vancouver",3942,BC - Greater Vancouver,V5K0A1,Produce,Vegetables,"Farmer's Market English Seedless Cucumbers, 1 each",Farmer's Market,1 each,1.52,1.52,NO,0.0,Regular Everyday Price,1.52,each,In Stock,2026-10-04T09:37:43.720159+00:00,Official nofrills.ca Web Storefront,2026-10-01T04:00:00+00:00,2026-10-08T03:59:59+00:00,https://www.nofrills.ca/en/farmers-market-english-seedless-cucumbers-1-each/p/20001052_EA
CAN-WALMART-20001053,walmart,Walmart,walmart.ca,"Grandview Hwy, Vancouver",1128,BC - Greater Vancouver,V5K0A1,Produce,Vegetables,"Your Fresh Market English Seedless Cucumbers, 1 each",Your Fresh Market,1 each,1.5,1.5,NO,0.0,Regular Everyday Price,1.5,each,In Stock,2026-10-04T09:37:52.361615+00:00,Official walmart.ca Web Storefront,2026-10-01T04:00:00+00:00,2026-10-08T03:59:59+00:00,https://www.walmart.ca/en/ip/your-fresh-market-english-seedless-cucumbers-1-each/60000001053
CAN-TNT-20001054,tnt,T&T,tntsupermarket.com,"Marine Gateway, Vancouver",012,BC - Greater Vancouver,V5K0A1,Produce,Vegetables,"T&T Fresh English Seedless Cucumbers, 1 each",T&T Fresh,1 each,1.71,2.59,YES,0.88,Weekly Feature Special - Save $0.88,1.71,each,In Stock,2026-10-04T09:38:06.309160+00:00,Official tntsupermarket.com Web Storefront,2026-10-01T04:00:00+00:00,2026-10-08T03:59:59+00:00,https://www.tntsupermarket.com/eng/2000105-tt-fresh-english-seedless-cucumbers-1-each.html
CAN-LOBLAWS-20001055,loblaws,Loblaws,loblaws.ca,"City Market Arbutus, Vancouver",1524,BC - Greater Vancouver,V5K0A1,Produce,Vegetables,"President's Choice English Seedless Cucumbers, 1 each",President's Choice,1 each,2.03,2.03,NO,0.0,Regular Everyday Price,2.03,each,In Stock,2026-10-04T09:38:13.309644+00:00,Official loblaws.ca Web Storefront,2026-10-01T04:00:00+00:00,2026-10-08T03:59:59+00:00,https://www.loblaws.ca/en/presidents-choice-english-seedless-cucumbers-1-each/p/20001055_EA
CAN-COSTCO-20001056,costco,Costco,costco.ca,"Expo Blvd, Downtown Vancouver",0552,BC - Greater Vancouver,V5K0A1,Produce,Vegetables,"Kirkland Signature English Seedless Cucumbers, 3 pack",Kirkland Signature,3 pack,5.09,7.59,YES,2.5,Instant Savings $2.50 Off at Checkout,1.7,each,In Stock,2026-10-04T09:38:17.990646+00:00,Official costco.ca Web Storefront,2026-10-01T04:00:00+00:00,2026-10-08T03:59:59+00:00,https://www.costco.ca/kirkland-signature-english-seedless-cucumbers-3-pack.product.001056.html
CAN-FRESHCO-20001057,freshco,FreshCo,freshco.com,"Broadmoor / Blundell, Richmond",9814,BC - Greater Vancouver,V5K0A1,Produce,Vegetables,"Compliments English Seedless Cucumbers, 1 each",Compliments,1 each,1.52,1.52,NO,0.0,Regular Everyday Price,1.52,each,In Stock,2026-10-04T09:38:30.863907+00:00,Official freshco.com Web Storefront,2026-10-01T04:00:00+00:00,2026-10-08T03:59:59+00:00,https://freshco.com/products/compliments-english-seedless-cucumbers-1-each-20001057
CAN-SOBEYS-20001058,sobeys,Sobeys,sobeys.com,"Safeway Broadway, Vancouver",4920,BC - Greater Vancouver,V5K0A1,Produce,Vegetables,"Compliments English Seedless Cucumbers, 1 each",Compliments,1 each,2.03,4.23,YES,2.2,Scene+ Member Deal - Save $2.20,2.03,each,In Stock,2026-10-04T09:38:37.655925+00:00,Official sobeys.com Web Storefront,2026-10-01T04:00:00+00:00,2026-10-08T03:59:59+00:00,https://www.sobeys.com/en/products/compliments-english-seedless-cucumbers-1-each-20001058
CAN-METRO-20001059,metro,Metro,metro.ca,"Western Fulfillment, Vancouver",8801,BC - Greater Vancouver,V5K0A1,Produce,Vegetables,"Selection English Seedless Cucumbers, 1 each",Selection,1 each,1.93,1.93,NO,0.0,Regular Everyday Price,1.93,each,In Stock,2026-10-04T09:38:46.013437+00:00,Official metro.ca Web Storefront,2026-10-01T04:00:00+00:00,2026-10-08T03:59:59+00:00,https://www.metro.ca/en/online-grocery/aisles/produce/selection-english-seedless-cucumbers-1-each-p-20001059
CAN-FOODBASICS-20001060,foodbasics,Food Basics,foodbasics.ca,"Western Regional, Vancouver",8802,BC - Greater Vancouver,V5K0A1,Produce,Vegetables,"Selection English Seedless Cucumbers, 1 each",Selection,1 each,1.52,2.02,YES,0.5,Always More For Less - Save $0.50,1.52,each,In Stock,2026-10-04T09:38:55.128221+00:00,Official foodbasics.ca Web Storefront,2026-10-01T04:00:00+00:00,2026-10-08T03:59:59+00:00,https://www.foodbasics.ca/aisles/produce/selection-english-seedless-cucumbers-1-each-p-20001060
CAN-SAVEON-20001061,saveon,Save-On,saveonfoods.com,"Cambie St, Vancouver",1982,BC - Greater Vancouver,V5K0A1,Produce,Salad & Greens,"Western Family Organic Organic Spring Mix Salad, 312 g",Western Family Organic,312 g,5.4,5.4,NO,0.0,Regular Everyday Price,1.73,100g,In Stock,2026-10-04T09:39:06.208973+00:00,Official saveonfoods.com Web Storefront,2026-10-01T04:00:00+00:00,2026-10-08T03:59:59+00:00,https://www.saveonfoods.com/sm/pickup/rsid/1982/product/western-family-organic-organic-spring-mix-salad-312-g-20001061
CAN-NOFRILLS-20001062,nofrills,No Frills,nofrills.ca,"Hastings St, Vancouver",3942,BC - Greater Vancouver,V5K0A1,Produce,Salad & Greens,"PC Organics Organic Spring Mix Salad, 312 g",PC Organics,312 g,4.58,4.58,NO,0.0,Regular Everyday Price,1.47,100g,In Stock,2026-10-04T09:39:09.789946+00:00,Official nofrills.ca Web Storefront,2026-10-01T04:00:00+00:00,2026-10-08T03:59:59+00:00,https://www.nofrills.ca/en/pc-organics-organic-spring-mix-salad-312-g/p/20001062_EA
CAN-WALMART-20001063,walmart,Walmart,walmart.ca,"Grandview Hwy, Vancouver",1128,BC - Greater Vancouver,V5K0A1,Produce,Salad & Greens,"Your Fresh Market Organic Spring Mix Salad, 312 g",Your Fresh Market,312 g,4.36,4.36,NO,0.0,Regular Everyday Price,1.4,100g,In Stock,2026-10-04T09:39:17.879676+00:00,Official walmart.ca Web Storefront,2026-10-01T04:00:00+00:00,2026-10-08T03:59:59+00:00,https://www.walmart.ca/en/ip/your-fresh-market-organic-spring-mix-salad-312-g/60000001063
CAN-TNT-20001064,tnt,T&T,tntsupermarket.com,"Marine Gateway, Vancouver",012,BC - Greater Vancouver,V5K0A1,Produce,Salad & Greens,"Fresh Organic Organic Spring Mix Salad, 312 g",Fresh Organic,312 g,4.98,5.86,YES,0.88,Weekly Feature Special - Save $0.88,1.6,100g,In Stock,2026-10-04T09:39:32.115383+00:00,Official tntsupermarket.com Web Storefront,2026-10-01T04:00:00+00:00,2026-10-08T03:59:59+00:00,https://www.tntsupermarket.com/eng/2000106-fresh-organic-organic-spring-mix-salad-312-g.html
CAN-LOBLAWS-20001065,loblaws,Loblaws,loblaws.ca,"City Market Arbutus, Vancouver",1524,BC - Greater Vancouver,V5K0A1,Produce,Salad & Greens,"PC Organics Organic Spring Mix Salad, 312 g",PC Organics,312 g,5.6,5.6,NO,0.0,Regular Everyday Price,1.79,100g,In Stock,2026-10-04T09:39:38.566327+00:00,Official loblaws.ca Web Storefront,2026-10-01T04:00:00+00:00,2026-10-08T03:59:59+00:00,https://www.loblaws.ca/en/pc-organics-organic-spring-mix-salad-312-g/p/20001065_EA
CAN-COSTCO-20001066,costco,Costco,costco.ca,"Expo Blvd, Downtown Vancouver",0552,BC - Greater Vancouver,V5K0A1,Produce,Salad & Greens,"Earthbound Farm Organic Spring Mix Salad, 454 g",Earthbound Farm,454 g,6.62,6.62,NO,0.0,Regular Everyday Price,1.46,100g,In Stock,2026-10-04T09:39:46.900482+00:00,Official costco.ca Web Storefront,2026-10-01T04:00:00+00:00,2026-10-08T03:59:59+00:00,https://www.costco.ca/earthbound-farm-organic-spring-mix-salad-454-g.product.001066.html
CAN-FRESHCO-20001067,freshco,FreshCo,freshco.com,"Broadmoor / Blundell, Richmond",9814,BC - Greater Vancouver,V5K0A1,Produce,Salad & Greens,"Compliments Organic Organic Spring Mix Salad, 312 g",Compliments Organic,312 g,4.58,4.58,NO,0.0,Regular Everyday Price,1.47,100g,In Stock,2026-10-04T09:40:00.128497+00:00,Official freshco.com Web Storefront,2026-10-01T04:00:00+00:00,2026-10-08T03:59:59+00:00,https://freshco.com/products/compliments-organic-organic-spring-mix-salad-312-g-20001067
CAN-SOBEYS-20001068,sobeys,Sobeys,sobeys.com,"Safeway Broadway, Vancouver",4920,BC - Greater Vancouver,V5K0A1,Produce,Salad & Greens,"Compliments Organic Organic Spring Mix Salad, 312 g",Compliments Organic,312 g,5.6,5.6,NO,0.0,Regular Everyday Price,1.79,100g,In Stock,2026-10-04T09:40:14.711851+00:00,Official sobeys.com Web Storefront,2026-10-01T04:00:00+00:00,2026-10-08T03:59:59+00:00,https://www.sobeys.com/en/products/compliments-organic-organic-spring-mix-salad-312-g-20001068
CAN-METRO-20001069,metro,Metro,metro.ca,"Western Fulfillment, Vancouver",8801,BC - Greater Vancouver,V5K0A1,Produce,Salad & Greens,"Irresistibles Organic Organic Spring Mix Salad, 312 g",Irresistibles Organic,312 g,5.4,5.4,NO,0.0,Regular Everyday Price,1.73,100g,In Stock,2026-10-04T09:40:20.995420+00:00,Official metro.ca Web Storefront,2026-10-01T04:00:00+00:00,2026-10-08T03:59:59+00:00,https://www.metro.ca/en/online-grocery/aisles/produce/irresistibles-organic-organic-spring-mix-salad-312-g-p-20001069
CAN-FOODBASICS-20001070,foodbasics,Food Basics,foodbasics.ca,"Western Regional, Vancouver",8802,BC - Greater Vancouver,V5K0A1,Produce,Salad & Greens,"Selection Organic Spring Mix Salad, 312 g",Selection,312 g,4.58,4.58,NO,0.0,Regular Everyday Price,1.47,100g,In Stock,2026-10-04T09:40:28.166299+00:00,Official foodbasics.ca Web Storefront,2026-10-01T04:00:00+00:00,2026-10-08T03:59:59+00:00,https://www.foodbasics.ca/aisles/produce/selection-organic-spring-mix-salad-312-g-p-20001070
CAN-SAVEON-20001071,saveon,Save-On,saveonfoods.com,"Cambie St, Vancouver",1982,BC - Greater Vancouver,V5K0A1,Produce,Asian Specialty,"Western Family Fresh Shanghai Bok Choy, 1 kg",Western Family,1 kg,4.07,4.07,NO,0.0,Regular Everyday Price,4.07,kg,In Stock,2026-10-04T09:40:37.624757+00:00,Official saveonfoods.com Web Storefront,2026-10-01T04:00:00+00:00,2026-10-08T03:59:59+00:00,https://www.saveonfoods.com/sm/pickup/rsid/1982/product/western-family-fresh-shanghai-bok-choy-1-kg-20001071
CAN-NOFRILLS-20001072,nofrills,No Frills,nofrills.ca,"Hastings St, Vancouver",3942,BC - Greater Vancouver,V5K0A1,Produce,Asian Specialty,"Suraj Fresh Shanghai Bok Choy, 1 kg",Suraj,1 kg,3.56,4.06,YES,0.5,Hit of the Month - Rollback $0.50,3.56,kg,In Stock,2026-10-04T09:40:44.905433+00:00,Official nofrills.ca Web Storefront,2026-10-01T04:00:00+00:00,2026-10-08T03:59:59+00:00,https://www.nofrills.ca/en/suraj-fresh-shanghai-bok-choy-1-kg/p/20001072_EA
CAN-WALMART-20001073,walmart,Walmart,walmart.ca,"Grandview Hwy, Vancouver",1128,BC - Greater Vancouver,V5K0A1,Produce,Asian Specialty,"Your Fresh Market Fresh Shanghai Bok Choy, 1 kg",Your Fresh Market,1 kg,3.54,3.54,NO,0.0,Regular Everyday Price,3.54,kg,In Stock,2026-10-04T09:40:57.465799+00:00,Official walmart.ca Web Storefront,2026-10-01T04:00:00+00:00,2026-10-08T03:59:59+00:00,https://www.walmart.ca/en/ip/your-fresh-market-fresh-shanghai-bok-choy-1-kg/60000001073
CAN-TNT-20001074,tnt,T&T,tntsupermarket.com,"Marine Gateway, Vancouver",012,BC - Greater Vancouver,V5K0A1,Produce,Asian Specialty,"T&T Fresh Direct Fresh Shanghai Bok Choy, 1 kg",T&T Fresh Direct,1 kg,3.04,3.04,NO,0.0,Regular Everyday Price,3.04,kg,In Stock,2026-10-04T09:41:08.515794+00:00,Official tntsupermarket.com Web Storefront,2026-10-01T04:00:00+00:00,2026-10-08T03:59:59+00:00,https://www.tntsupermarket.com/eng/2000107-tt-fresh-direct-fresh-shanghai-bok-choy-1-kg.html
CAN-LOBLAWS-20001075,loblaws,Loblaws,loblaws.ca,"City Market Arbutus, Vancouver",1524,BC - Greater Vancouver,V5K0A1,Produce,Asian Specialty,"T&T / PC Fresh Shanghai Bok Choy, 1 kg",T&T / PC,1 kg,4.07,4.07,NO,0.0,Regular Everyday Price,4.07,kg,In Stock,2026-10-04T09:41:15.516869+00:00,Official loblaws.ca Web Storefront,2026-10-01T04:00:00+00:00,2026-10-08T03:59:59+00:00,https://www.loblaws.ca/en/tt-pc-fresh-shanghai-bok-choy-1-kg/p/20001075_EA
CAN-COSTCO-20001076,costco,Costco,costco.ca,"Expo Blvd, Downtown Vancouver",0552,BC - Greater Vancouver,V5K0A1,Produce,Asian Specialty,"Kirkland Signature Fresh Shanghai Bok Choy, 1.5 kg",Kirkland Signature,1.5 kg,6.11,6.11,NO,0.0,Regular Everyday Price,4.07,kg,In Stock,2026-10-04T09:41:24.139408+00:00,Official costco.ca Web Storefront,2026-10-01T04:00:00+00:00,2026-10-08T03:59:59+00:00,https://www.costco.ca/kirkland-signature-fresh-shanghai-bok-choy-15-kg.product.001076.html
CAN-FRESHCO-20001077,freshco,FreshCo,freshco.com,"Broadmoor / Blundell, Richmond",9814,BC - Greater Vancouver,V5K0A1,Produce,Asian Specialty,"Compliments Fresh Shanghai Bok Choy, 1 kg",Compliments,1 kg,3.36,3.36,NO,0.0,Regular Everyday Price,3.36,kg,In Stock,2026-10-04T09:41:32.684883+00:00,Official freshco.com Web Storefront,2026-10-01T04:00:00+00:00,2026-10-08T03:59:59+00:00,https://freshco.com/products/compliments-fresh-shanghai-bok-choy-1-kg-20001077
CAN-SOBEYS-20001078,sobeys,Sobeys,sobeys.com,"Safeway Broadway, Vancouver",4920,BC - Greater Vancouver,V5K0A1,Produce,Asian Specialty,"Compliments Fresh Shanghai Bok Choy, 1 kg",Compliments,1 kg,4.07,6.27,YES,2.2,Scene+ Member Deal - Save $2.20,4.07,kg,In Stock,2026-10-04T09:41:47.337515+00:00,Official sobeys.com Web Storefront,2026-10-01T04:00:00+00:00,2026-10-08T03:59:59+00:00,https://www.sobeys.com/en/products/compliments-fresh-shanghai-bok-choy-1-kg-20001078
CAN-METRO-20001079,metro,Metro,metro.ca,"Western Fulfillment, Vancouver",8801,BC - Greater Vancouver,V5K0A1,Produce,Asian Specialty,"Selection Fresh Shanghai Bok Choy, 1 kg",Selection,1 kg,4.07,6.07,YES,2.0,Weekly Flyer Special - Save $2.00,4.07,kg,In Stock,2026-10-04T09:41:56.690663+00:00,Official metro.ca Web Storefront,2026-10-01T04:00:00+00:00,2026-10-08T03:59:59+00:00,https://www.metro.ca/en/online-grocery/aisles/produce/selection-fresh-shanghai-bok-choy-1-kg-p-20001079
CAN-FOODBASICS-20001080,foodbasics,Food Basics,foodbasics.ca,"Western Regional, Vancouver",8802,BC - Greater Vancouver,V5K0A1,Produce,Asian Specialty,"Selection Fresh Shanghai Bok Choy, 1 kg",Selection,1 kg,3.36,4.06,YES,0.7,Always More For Less - Save $0.70,3.36,kg,In Stock,2026-10-04T09:42:09.572533+00:00,Official foodbasics.ca Web Storefront,2026-10-01T04:00:00+00:00,2026-10-08T03:59:59+00:00,https://www.foodbasics.ca/aisles/produce/selection-fresh-shanghai-bok-choy-1-kg-p-20001080
CAN-SAVEON-20001081,saveon,Save-On,saveonfoods.com,"Cambie St, Vancouver",1982,BC - Greater Vancouver,V5K0A1,Dairy & Eggs,Butter & Margarine,"Western Family Salted Butter Block, 454 g",Western Family,454 g,6.31,6.31,NO,0.0,Regular Everyday Price,1.39,100g,In Stock,2026-10-04T09:42:14.612082+00:00,Official saveonfoods.com Web Storefront,2026-10-01T04:00:00+00:00,2026-10-08T03:59:59+00:00,https://www.saveonfoods.com/sm/pickup/rsid/1982/product/western-family-salted-butter-block-454-g-20001081
CAN-NOFRILLS-20001082,nofrills,No Frills,nofrills.ca,"Hastings St, Vancouver",3942,BC - Greater Vancouver,V5K0A1,Dairy & Eggs,Butter & Margarine,"No Name Salted Butter Block, 454 g",No Name,454 g,6.12,6.12,NO,0.0,Regular Everyday Price,1.35,100g,In Stock,2026-10-04T09:42:19.711273+00:00,Official nofrills.ca Web Storefront,2026-10-01T04:00:00+00:00,2026-10-08T03:59:59+00:00,https://www.nofrills.ca/en/no-name-salted-butter-block-454-g/p/20001082_EA
CAN-WALMART-20001083,walmart,Walmart,walmart.ca,"Grandview Hwy, Vancouver",1128,BC - Greater Vancouver,V5K0A1,Dairy & Eggs,Butter & Margarine,"Great Value Salted Butter Block, 454 g",Great Value,454 g,5.07,5.07,NO,0.0,Regular Everyday Price,1.12,100g,In Stock,2026-10-04T09:42:31.169264+00:00,Official walmart.ca Web Storefront,2026-10-01T04:00:00+00:00,2026-10-08T03:59:59+00:00,https://www.walmart.ca/en/ip/great-value-salted-butter-block-454-g/60000001083
CAN-TNT-20001084,tnt,T&T,tntsupermarket.com,"Marine Gateway, Vancouver",012,BC - Greater Vancouver,V5K0A1,Dairy & Eggs,Butter & Margarine,"Gay Lea Salted Butter Block, 454 g",Gay Lea,454 g,6.0,6.0,NO,0.0,Regular Everyday Price,1.32,100g,In Stock,2026-10-04T09:42:38.856152+00:00,Official tntsupermarket.com Web Storefront,2026-10-01T04:00:00+00:00,2026-10-08T03:59:59+00:00,https://www.tntsupermarket.com/eng/2000108-gay-lea-salted-butter-block-454-g.html
CAN-LOBLAWS-20001085,loblaws,Loblaws,loblaws.ca,"City Market Arbutus, Vancouver",1524,BC - Greater Vancouver,V5K0A1,Dairy & Eggs,Butter & Margarine,"No Name Salted Butter Block, 454 g",No Name,454 g,6.11,6.11,NO,0.0,Regular Everyday Price,1.35,100g,In Stock,2026-10-04T09:42:44.436069+00:00,Official loblaws.ca Web Storefront,2026-10-01T04:00:00+00:00,2026-10-08T03:59:59+00:00,https://www.loblaws.ca/en/no-name-salted-butter-block-454-g/p/20001085_EA
CAN-COSTCO-20001086,costco,Costco,costco.ca,"Expo Blvd, Downtown Vancouver",0552,BC - Greater Vancouver,V5K0A1,Dairy & Eggs,Butter & Margarine,"Kirkland Signature Salted Butter Block, 4 x 454 g",Kirkland Signature,4 x 454 g,17.84,17.84,NO,0.0,Regular Everyday Price,3.93,100g,In Stock,2026-10-04T09:42:54.298407+00:00,Official costco.ca Web Storefront,2026-10-01T04:00:00+00:00,2026-10-08T03:59:59+00:00,https://www.costco.ca/kirkland-signature-salted-butter-block-4-x-454-g.product.001086.html
CAN-FRESHCO-20001087,freshco,FreshCo,freshco.com,"Broadmoor / Blundell, Richmond",9814,BC - Greater Vancouver,V5K0A1,Dairy & Eggs,Butter & Margarine,"Compliments Salted Butter Block, 454 g",Compliments,454 g,5.4,5.4,NO,0.0,Regular Everyday Price,1.19,100g,In Stock,2026-10-04T09:43:00.810754+00:00,Official freshco.com Web Storefront,2026-10-01T04:00:00+00:00,2026-10-08T03:59:59+00:00,https://freshco.com/products/compliments-salted-butter-block-454-g-20001087
CAN-SOBEYS-20001088,sobeys,Sobeys,sobeys.com,"Safeway Broadway, Vancouver",4920,BC - Greater Vancouver,V5K0A1,Dairy & Eggs,Butter & Margarine,"Compliments Salted Butter Block, 454 g",Compliments,454 g,6.42,6.42,NO,0.0,Regular Everyday Price,1.41,100g,In Stock,2026-10-04T09:43:07.842828+00:00,Official sobeys.com Web Storefront,2026-10-01T04:00:00+00:00,2026-10-08T03:59:59+00:00,https://www.sobeys.com/en/products/compliments-salted-butter-block-454-g-20001088
CAN-METRO-20001089,metro,Metro,metro.ca,"Western Fulfillment, Vancouver",8801,BC - Greater Vancouver,V5K0A1,Dairy & Eggs,Butter & Margarine,"Selection Salted Butter Block, 454 g",Selection,454 g,6.62,6.62,NO,0.0,Regular Everyday Price,1.46,100g,In Stock,2026-10-04T09:43:15.899890+00:00,Official metro.ca Web Storefront,2026-10-01T04:00:00+00:00,2026-10-08T03:59:59+00:00,https://www.metro.ca/en/online-grocery/aisles/dairy-eggs/selection-salted-butter-block-454-g-p-20001089
CAN-FOODBASICS-20001090,foodbasics,Food Basics,foodbasics.ca,"Western Regional, Vancouver",8802,BC - Greater Vancouver,V5K0A1,Dairy & Eggs,Butter & Margarine,"Selection Salted Butter Block, 454 g",Selection,454 g,5.4,6.4,YES,1.0,Always More For Less - Save $1.00,1.19,100g,In Stock,2026-10-04T09:43:21.043765+00:00,Official foodbasics.ca Web Storefront,2026-10-01T04:00:00+00:00,2026-10-08T03:59:59+00:00,https://www.foodbasics.ca/aisles/dairy-eggs/selection-salted-butter-block-454-g-p-20001090
CAN-SAVEON-20001091,saveon,Save-On,saveonfoods.com,"Cambie St, Vancouver",1982,BC - Greater Vancouver,V5K0A1,Dairy & Eggs,Milk,"Dairyland 2% Partly Skimmed Milk, 4 L",Dairyland,4 L,6.21,6.21,NO,0.0,Regular Everyday Price,1.55,L,In Stock,2026-10-04T09:43:33.286829+00:00,Official saveonfoods.com Web Storefront,2026-10-01T04:00:00+00:00,2026-10-08T03:59:59+00:00,https://www.saveonfoods.com/sm/pickup/rsid/1982/product/dairyland-2-partly-skimmed-milk-4-l-20001091
CAN-NOFRILLS-20001092,nofrills,No Frills,nofrills.ca,"Hastings St, Vancouver",3942,BC - Greater Vancouver,V5K0A1,Dairy & Eggs,Milk,"Neilson 2% Partly Skimmed Milk, 4 L",Neilson,4 L,6.57,6.57,NO,0.0,Regular Everyday Price,1.64,L,In Stock,2026-10-04T09:43:46.771201+00:00,Official nofrills.ca Web Storefront,2026-10-01T04:00:00+00:00,2026-10-08T03:59:59+00:00,https://www.nofrills.ca/en/neilson-2-partly-skimmed-milk-4-l/p/20001092_EA
CAN-WALMART-20001093,walmart,Walmart,walmart.ca,"Grandview Hwy, Vancouver",1128,BC - Greater Vancouver,V5K0A1,Dairy & Eggs,Milk,"Sealtest 2% Partly Skimmed Milk, 4 L",Sealtest,4 L,6.57,6.57,NO,0.0,Regular Everyday Price,1.64,L,In Stock,2026-10-04T09:43:51.485840+00:00,Official walmart.ca Web Storefront,2026-10-01T04:00:00+00:00,2026-10-08T03:59:59+00:00,https://www.walmart.ca/en/ip/sealtest-2-partly-skimmed-milk-4-l/60000001093
CAN-TNT-20001094,tnt,T&T,tntsupermarket.com,"Marine Gateway, Vancouver",012,BC - Greater Vancouver,V5K0A1,Dairy & Eggs,Milk,"Dairyland 2% Partly Skimmed Milk, 4 L",Dairyland,4 L,6.0,6.0,NO,0.0,Regular Everyday Price,1.5,L,In Stock,2026-10-04T09:43:55.312435+00:00,Official tntsupermarket.com Web Storefront,2026-10-01T04:00:00+00:00,2026-10-08T03:59:59+00:00,https://www.tntsupermarket.com/eng/2000109-dairyland-2-partly-skimmed-milk-4-l.html
CAN-LOBLAWS-20001095,loblaws,Loblaws,loblaws.ca,"City Market Arbutus, Vancouver",1524,BC - Greater Vancouver,V5K0A1,Dairy & Eggs,Milk,"Neilson 2% Partly Skimmed Milk, 4 L",Neilson,4 L,6.57,7.32,YES,0.75,PC Optimum Member Price - Save $0.75,1.64,L,In Stock,2026-10-04T09:44:03.433512+00:00,Official loblaws.ca Web Storefront,2026-10-01T04:00:00+00:00,2026-10-08T03:59:59+00:00,https://www.loblaws.ca/en/neilson-2-partly-skimmed-milk-4-l/p/20001095_EA
CAN-COSTCO-20001096,costco,Costco,costco.ca,"Expo Blvd, Downtown Vancouver",0552,BC - Greater Vancouver,V5K0A1,Dairy & Eggs,Milk,"Kirkland Signature 2% Partly Skimmed Milk, 4 L",Kirkland Signature,4 L,5.6,5.6,NO,0.0,Regular Everyday Price,1.4,L,In Stock,2026-10-04T09:44:14.003001+00:00,Official costco.ca Web Storefront,2026-10-01T04:00:00+00:00,2026-10-08T03:59:59+00:00,https://www.costco.ca/kirkland-signature-2-partly-skimmed-milk-4-l.product.001096.html
CAN-FRESHCO-20001097,freshco,FreshCo,freshco.com,"Broadmoor / Blundell, Richmond",9814,BC - Greater Vancouver,V5K0A1,Dairy & Eggs,Milk,"Sealtest 2% Partly Skimmed Milk, 4 L",Sealtest,4 L,5.8,5.8,NO,0.0,Regular Everyday Price,1.45,L,In Stock,2026-10-04T09:44:24.152062+00:00,Official freshco.com Web Storefront,2026-10-01T04:00:00+00:00,2026-10-08T03:59:59+00:00,https://freshco.com/products/sealtest-2-partly-skimmed-milk-4-l-20001097
CAN-SOBEYS-20001098,sobeys,Sobeys,sobeys.com,"Safeway Broadway, Vancouver",4920,BC - Greater Vancouver,V5K0A1,Dairy & Eggs,Milk,"Lactantia 2% Partly Skimmed Milk, 4 L",Lactantia,4 L,6.57,7.37,YES,0.8,Scene+ Member Deal - Save $0.80,1.64,L,In Stock,2026-10-04T09:44:36.832926+00:00,Official sobeys.com Web Storefront,2026-10-01T04:00:00+00:00,2026-10-08T03:59:59+00:00,https://www.sobeys.com/en/products/lactantia-2-partly-skimmed-milk-4-l-20001098
CAN-METRO-20001099,metro,Metro,metro.ca,"Western Fulfillment, Vancouver",8801,BC - Greater Vancouver,V5K0A1,Dairy & Eggs,Milk,"Sealtest 2% Partly Skimmed Milk, 4 L",Sealtest,4 L,6.57,6.57,NO,0.0,Regular Everyday Price,1.64,L,In Stock,2026-10-04T09:44:48.358810+00:00,Official metro.ca Web Storefront,2026-10-01T04:00:00+00:00,2026-10-08T03:59:59+00:00,https://www.metro.ca/en/online-grocery/aisles/dairy-eggs/sealtest-2-partly-skimmed-milk-4-l-p-20001099
CAN-FOODBASICS-20001100,foodbasics,Food Basics,foodbasics.ca,"Western Regional, Vancouver",8802,BC - Greater Vancouver,V5K0A1,Dairy & Eggs,Milk,"Selection 2% Partly Skimmed Milk, 4 L",Selection,4 L,5.8,5.8,NO,0.0,Regular Everyday Price,1.45,L,In Stock,2026-10-04T09:44:58.572752+00:00,Official foodbasics.ca Web Storefront,2026-10-01T04:00:00+00:00,2026-10-08T03:59:59+00:00,https://www.foodbasics.ca/aisles/dairy-eggs/selection-2-partly-skimmed-milk-4-l-p-20001100
CAN-SAVEON-20001101,saveon,Save-On,saveonfoods.com,"Cambie St, Vancouver",1982,BC - Greater Vancouver,V5K0A1,Dairy & Eggs,Eggs,"Western Family Large White Grade A Eggs, 12 count",Western Family,12 count,4.48,4.48,NO,0.0,Regular Everyday Price,0.37,each,In Stock,2026-10-04T09:45:12.213948+00:00,Official saveonfoods.com Web Storefront,2026-10-01T04:00:00+00:00,2026-10-08T03:59:59+00:00,https://www.saveonfoods.com/sm/pickup/rsid/1982/product/western-family-large-white-grade-a-eggs-12-count-20001101
CAN-NOFRILLS-20001102,nofrills,No Frills,nofrills.ca,"Hastings St, Vancouver",3942,BC - Greater Vancouver,V5K0A1,Dairy & Eggs,Eggs,"No Name Large White Grade A Eggs, 12 count",No Name,12 count,4.01,4.01,NO,0.0,Regular Everyday Price,0.33,each,In Stock,2026-10-04T09:45:17.801627+00:00,Official nofrills.ca Web Storefront,2026-10-01T04:00:00+00:00,2026-10-08T03:59:59+00:00,https://www.nofrills.ca/en/no-name-large-white-grade-a-eggs-12-count/p/20001102_EA
CAN-WALMART-20001103,walmart,Walmart,walmart.ca,"Grandview Hwy, Vancouver",1128,BC - Greater Vancouver,V5K0A1,Dairy & Eggs,Eggs,"Great Value Large White Grade A Eggs, 12 count",Great Value,12 count,4.01,4.51,YES,0.5,Rollback - Save $0.50,0.33,each,In Stock,2026-10-04T09:45:22.413500+00:00,Official walmart.ca Web Storefront,2026-10-01T04:00:00+00:00,2026-10-08T03:59:59+00:00,https://www.walmart.ca/en/ip/great-value-large-white-grade-a-eggs-12-count/60000001103
CAN-TNT-20001104,tnt,T&T,tntsupermarket.com,"Marine Gateway, Vancouver",012,BC - Greater Vancouver,V5K0A1,Dairy & Eggs,Eggs,"T&T Brand Large White Grade A Eggs, 12 count",T&T Brand,12 count,4.06,4.06,NO,0.0,Regular Everyday Price,0.34,each,In Stock,2026-10-04T09:45:27.317389+00:00,Official tntsupermarket.com Web Storefront,2026-10-01T04:00:00+00:00,2026-10-08T03:59:59+00:00,https://www.tntsupermarket.com/eng/2000110-tt-brand-large-white-grade-a-eggs-12-count.html
CAN-LOBLAWS-20001105,loblaws,Loblaws,loblaws.ca,"City Market Arbutus, Vancouver",1524,BC - Greater Vancouver,V5K0A1,Dairy & Eggs,Eggs,"No Name Large White Grade A Eggs, 12 count",No Name,12 count,4.01,4.01,NO,0.0,Regular Everyday Price,0.33,each,In Stock,2026-10-04T09:45:30.645859+00:00,Official loblaws.ca Web Storefront,2026-10-01T04:00:00+00:00,2026-10-08T03:59:59+00:00,https://www.loblaws.ca/en/no-name-large-white-grade-a-eggs-12-count/p/20001105_EA
CAN-COSTCO-20001106,costco,Costco,costco.ca,"Expo Blvd, Downtown Vancouver",0552,BC - Greater Vancouver,V5K0A1,Dairy & Eggs,Eggs,"Kirkland Signature Large White Grade A Eggs, 30 count",Kirkland Signature,30 count,11.72,11.72,NO,0.0,Regular Everyday Price,0.39,each,In Stock,2026-10-04T09:45:43.636507+00:00,Official costco.ca Web Storefront,2026-10-01T04:00:00+00:00,2026-10-08T03:59:59+00:00,https://www.costco.ca/kirkland-signature-large-white-grade-a-eggs-30-count.product.001106.html
CAN-FRESHCO-20001107,freshco,FreshCo,freshco.com,"Broadmoor / Blundell, Richmond",9814,BC - Greater Vancouver,V5K0A1,Dairy & Eggs,Eggs,"Compliments Large White Grade A Eggs, 12 count",Compliments,12 count,3.87,4.77,YES,0.9,Price Match Guarantee Deal - Save $0.90,0.32,each,In Stock,2026-10-04T09:45:55.476799+00:00,Official freshco.com Web Storefront,2026-10-01T04:00:00+00:00,2026-10-08T03:59:59+00:00,https://freshco.com/products/compliments-large-white-grade-a-eggs-12-count-20001107
CAN-SOBEYS-20001108,sobeys,Sobeys,sobeys.com,"Safeway Broadway, Vancouver",4920,BC - Greater Vancouver,V5K0A1,Dairy & Eggs,Eggs,"Compliments Large White Grade A Eggs, 12 count",Compliments,12 count,4.58,6.08,YES,1.5,Scene+ Member Deal - Save $1.50,0.38,each,In Stock,2026-10-04T09:46:04.543194+00:00,Official sobeys.com Web Storefront,2026-10-01T04:00:00+00:00,2026-10-08T03:59:59+00:00,https://www.sobeys.com/en/products/compliments-large-white-grade-a-eggs-12-count-20001108
CAN-METRO-20001109,metro,Metro,metro.ca,"Western Fulfillment, Vancouver",8801,BC - Greater Vancouver,V5K0A1,Dairy & Eggs,Eggs,"Selection Large White Grade A Eggs, 12 count",Selection,12 count,4.17,4.17,NO,0.0,Regular Everyday Price,0.35,each,In Stock,2026-10-04T09:46:18.686653+00:00,Official metro.ca Web Storefront,2026-10-01T04:00:00+00:00,2026-10-08T03:59:59+00:00,https://www.metro.ca/en/online-grocery/aisles/dairy-eggs/selection-large-white-grade-a-eggs-12-count-p-20001109
CAN-FOODBASICS-20001110,foodbasics,Food Basics,foodbasics.ca,"Western Regional, Vancouver",8802,BC - Greater Vancouver,V5K0A1,Dairy & Eggs,Eggs,"Selection Large White Grade A Eggs, 12 count",Selection,12 count,3.87,3.87,NO,0.0,Regular Everyday Price,0.32,each,In Stock,2026-10-04T09:46:32.454201+00:00,Official foodbasics.ca Web Storefront,2026-10-01T04:00:00+00:00,2026-10-08T03:59:59+00:00,https://www.foodbasics.ca/aisles/dairy-eggs/selection-large-white-grade-a-eggs-12-count-p-20001110
CAN-SAVEON-20001111,saveon,Save-On,saveonfoods.com,"Cambie St, Vancouver",1982,BC - Greater Vancouver,V5K0A1,Dairy & Eggs,Cheese,"Western Family Old Cheddar Cheese Block, 400 g",Western Family,400 g,6.93,6.93,NO,0.0,Regular Everyday Price,1.73,100g,In Stock,2026-10-04T09:46:42.620240+00:00,Official saveonfoods.com Web Storefront,2026-10-01T04:00:00+00:00,2026-10-08T03:59:59+00:00,https://www.saveonfoods.com/sm/pickup/rsid/1982/product/western-family-old-cheddar-cheese-block-400-g-20001111
CAN-NOFRILLS-20001112,nofrills,No Frills,nofrills.ca,"Hastings St, Vancouver",3942,BC - Greater Vancouver,V5K0A1,Dairy & Eggs,Cheese,"No Name Old Cheddar Cheese Block, 400 g",No Name,400 g,5.6,5.6,NO,0.0,Regular Everyday Price,1.4,100g,In Stock,2026-10-04T09:46:54.084448+00:00,Official nofrills.ca Web Storefront,2026-10-01T04:00:00+00:00,2026-10-08T03:59:59+00:00,https://www.nofrills.ca/en/no-name-old-cheddar-cheese-block-400-g/p/20001112_EA
CAN-WALMART-20001113,walmart,Walmart,walmart.ca,"Grandview Hwy, Vancouver",1128,BC - Greater Vancouver,V5K0A1,Dairy & Eggs,Cheese,"Great Value Old Cheddar Cheese Block, 400 g",Great Value,400 g,5.58,5.58,NO,0.0,Regular Everyday Price,1.4,100g,In Stock,2026-10-04T09:47:08.849595+00:00,Official walmart.ca Web Storefront,2026-10-01T04:00:00+00:00,2026-10-08T03:59:59+00:00,https://www.walmart.ca/en/ip/great-value-old-cheddar-cheese-block-400-g/60000001113
CAN-TNT-20001114,tnt,T&T,tntsupermarket.com,"Marine Gateway, Vancouver",012,BC - Greater Vancouver,V5K0A1,Dairy & Eggs,Cheese,"Armstrong Old Cheddar Cheese Block, 400 g",Armstrong,400 g,6.41,6.41,NO,0.0,Regular Everyday Price,1.6,100g,In Stock,2026-10-04T09:47:20.890489+00:00,Official tntsupermarket.com Web Storefront,2026-10-01T04:00:00+00:00,2026-10-08T03:59:59+00:00,https://www.tntsupermarket.com/eng/2000111-armstrong-old-cheddar-cheese-block-400-g.html
CAN-LOBLAWS-20001115,loblaws,Loblaws,loblaws.ca,"City Market Arbutus, Vancouver",1524,BC - Greater Vancouver,V5K0A1,Dairy & Eggs,Cheese,"President's Choice Old Cheddar Cheese Block, 400 g",President's Choice,400 g,7.13,8.63,YES,1.5,PC Optimum Member Price - Save $1.50,1.78,100g,In Stock,2026-10-04T09:47:29.762150+00:00,Official loblaws.ca Web Storefront,2026-10-01T04:00:00+00:00,2026-10-08T03:59:59+00:00,https://www.loblaws.ca/en/presidents-choice-old-cheddar-cheese-block-400-g/p/20001115_EA
CAN-COSTCO-20001116,costco,Costco,costco.ca,"Expo Blvd, Downtown Vancouver",0552,BC - Greater Vancouver,V5K0A1,Dairy & Eggs,Cheese,"Kirkland Signature Old Cheddar Cheese Block, 907 g",Kirkland Signature,907 g,13.25,13.25,NO,0.0,Regular Everyday Price,1.46,100g,In Stock,2026-10-04T09:47:33.469558+00:00,Official costco.ca Web Storefront,2026-10-01T04:00:00+00:00,2026-10-08T03:59:59+00:00,https://www.costco.ca/kirkland-signature-old-cheddar-cheese-block-907-g.product.001116.html
CAN-FRESHCO-20001117,freshco,FreshCo,freshco.com,"Broadmoor / Blundell, Richmond",9814,BC - Greater Vancouver,V5K0A1,Dairy & Eggs,Cheese,"Compliments Old Cheddar Cheese Block, 400 g",Compliments,400 g,5.6,5.6,NO,0.0,Regular Everyday Price,1.4,100g,In Stock,2026-10-04T09:47:44.607492+00:00,Official freshco.com Web Storefront,2026-10-01T04:00:00+00:00,2026-10-08T03:59:59+00:00,https://freshco.com/products/compliments-old-cheddar-cheese-block-400-g-20001117
CAN-SOBEYS-20001118,sobeys,Sobeys,sobeys.com,"Safeway Broadway, Vancouver",4920,BC - Greater Vancouver,V5K0A1,Dairy & Eggs,Cheese,"Compliments Old Cheddar Cheese Block, 400 g",Compliments,400 g,7.13,8.63,YES,1.5,Scene+ Member Deal - Save $1.50,1.78,100g,In Stock,2026-10-04T09:47:49.377053+00:00,Official sobeys.com Web Storefront,2026-10-01T04:00:00+00:00,2026-10-08T03:59:59+00:00,https://www.sobeys.com/en/products/compliments-old-cheddar-cheese-block-400-g-20001118
CAN-METRO-20001119,metro,Metro,metro.ca,"Western Fulfillment, Vancouver",8801,BC - Greater Vancouver,V5K0A1,Dairy & Eggs,Cheese,"Selection Old Cheddar Cheese Block, 400 g",Selection,400 g,6.62,7.42,YES,0.8,Weekly Flyer Special - Save $0.80,1.65,100g,In Stock,2026-10-04T09:47:55.009401+00:00,Official metro.ca Web Storefront,2026-10-01T04:00:00+00:00,2026-10-08T03:59:59+00:00,https://www.metro.ca/en/online-grocery/aisles/dairy-eggs/selection-old-cheddar-cheese-block-400-g-p-20001119
CAN-FOODBASICS-20001120,foodbasics,Food Basics,foodbasics.ca,"Western Regional, Vancouver",8802,BC - Greater Vancouver,V5K0A1,Dairy & Eggs,Cheese,"Selection Old Cheddar Cheese Block, 400 g",Selection,400 g,5.6,5.6,NO,0.0,Regular Everyday Price,1.4,100g,In Stock,2026-10-04T09:48:04.514712+00:00,Official foodbasics.ca Web Storefront,2026-10-01T04:00:00+00:00,2026-10-08T03:59:59+00:00,https://www.foodbasics.ca/aisles/dairy-eggs/selection-old-cheddar-cheese-block-400-g-p-20001120
CAN-SAVEON-20001121,saveon,Save-On,saveonfoods.com,"Cambie St, Vancouver",1982,BC - Greater Vancouver,V5K0A1,Dairy & Eggs,Yogurt,"Western Family Greek Plain 0% Yogurt, 750 g",Western Family,750 g,6.11,6.11,NO,0.0,Regular Everyday Price,0.81,100g,In Stock,2026-10-04T09:48:18.921117+00:00,Official saveonfoods.com Web Storefront,2026-10-01T04:00:00+00:00,2026-10-08T03:59:59+00:00,https://www.saveonfoods.com/sm/pickup/rsid/1982/product/western-family-greek-plain-0-yogurt-750-g-20001121
CAN-NOFRILLS-20001122,nofrills,No Frills,nofrills.ca,"Hastings St, Vancouver",3942,BC - Greater Vancouver,V5K0A1,Dairy & Eggs,Yogurt,"PC Blue Menu Greek Plain 0% Yogurt, 750 g",PC Blue Menu,750 g,5.4,5.4,NO,0.0,Regular Everyday Price,0.72,100g,In Stock,2026-10-04T09:48:22.620931+00:00,Official nofrills.ca Web Storefront,2026-10-01T04:00:00+00:00,2026-10-08T03:59:59+00:00,https://www.nofrills.ca/en/pc-blue-menu-greek-plain-0-yogurt-750-g/p/20001122_EA
CAN-WALMART-20001123,walmart,Walmart,walmart.ca,"Grandview Hwy, Vancouver",1128,BC - Greater Vancouver,V5K0A1,Dairy & Eggs,Yogurt,"Great Value Greek Plain 0% Yogurt, 750 g",Great Value,750 g,5.07,5.07,NO,0.0,Regular Everyday Price,0.68,100g,In Stock,2026-10-04T09:48:36.084982+00:00,Official walmart.ca Web Storefront,2026-10-01T04:00:00+00:00,2026-10-08T03:59:59+00:00,https://www.walmart.ca/en/ip/great-value-greek-plain-0-yogurt-750-g/60000001123
CAN-TNT-20001124,tnt,T&T,tntsupermarket.com,"Marine Gateway, Vancouver",012,BC - Greater Vancouver,V5K0A1,Dairy & Eggs,Yogurt,"Iogo Greek Greek Plain 0% Yogurt, 750 g",Iogo Greek,750 g,5.79,6.39,YES,0.6,Weekly Feature Special - Save $0.60,0.77,100g,In Stock,2026-10-04T09:48:48.182798+00:00,Official tntsupermarket.com Web Storefront,2026-10-01T04:00:00+00:00,2026-10-08T03:59:59+00:00,https://www.tntsupermarket.com/eng/2000112-iogo-greek-greek-plain-0-yogurt-750-g.html
CAN-LOBLAWS-20001125,loblaws,Loblaws,loblaws.ca,"City Market Arbutus, Vancouver",1524,BC - Greater Vancouver,V5K0A1,Dairy & Eggs,Yogurt,"President's Choice Greek Plain 0% Yogurt, 750 g",President's Choice,750 g,6.31,7.06,YES,0.75,PC Optimum Member Price - Save $0.75,0.84,100g,In Stock,2026-10-04T09:48:54.899409+00:00,Official loblaws.ca Web Storefront,2026-10-01T04:00:00+00:00,2026-10-08T03:59:59+00:00,https://www.loblaws.ca/en/presidents-choice-greek-plain-0-yogurt-750-g/p/20001125_EA
CAN-COSTCO-20001126,costco,Costco,costco.ca,"Expo Blvd, Downtown Vancouver",0552,BC - Greater Vancouver,V5K0A1,Dairy & Eggs,Yogurt,"Kirkland Signature Greek Plain 0% Yogurt, 2 x 1 kg",Kirkland Signature,2 x 1 kg,10.19,13.69,YES,3.5,Instant Savings $3.50 Off at Checkout,10.19,kg,In Stock,2026-10-04T09:49:07.345606+00:00,Official costco.ca Web Storefront,2026-10-01T04:00:00+00:00,2026-10-08T03:59:59+00:00,https://www.costco.ca/kirkland-signature-greek-plain-0-yogurt-2-x-1-kg.product.001126.html
CAN-FRESHCO-20001127,freshco,FreshCo,freshco.com,"Broadmoor / Blundell, Richmond",9814,BC - Greater Vancouver,V5K0A1,Dairy & Eggs,Yogurt,"Compliments Greek Plain 0% Yogurt, 750 g",Compliments,750 g,5.29,5.29,NO,0.0,Regular Everyday Price,0.71,100g,In Stock,2026-10-04T09:49:12.908331+00:00,Official freshco.com Web Storefront,2026-10-01T04:00:00+00:00,2026-10-08T03:59:59+00:00,https://freshco.com/products/compliments-greek-plain-0-yogurt-750-g-20001127
CAN-SOBEYS-20001128,sobeys,Sobeys,sobeys.com,"Safeway Broadway, Vancouver",4920,BC - Greater Vancouver,V5K0A1,Dairy & Eggs,Yogurt,"Compliments Greek Plain 0% Yogurt, 750 g",Compliments,750 g,6.31,6.31,NO,0.0,Regular Everyday Price,0.84,100g,In Stock,2026-10-04T09:49:24.135363+00:00,Official sobeys.com Web Storefront,2026-10-01T04:00:00+00:00,2026-10-08T03:59:59+00:00,https://www.sobeys.com/en/products/compliments-greek-plain-0-yogurt-750-g-20001128
CAN-METRO-20001129,metro,Metro,metro.ca,"Western Fulfillment, Vancouver",8801,BC - Greater Vancouver,V5K0A1,Dairy & Eggs,Yogurt,"Selection Greek Plain 0% Yogurt, 750 g",Selection,750 g,5.91,5.91,NO,0.0,Regular Everyday Price,0.79,100g,In Stock,2026-10-04T09:49:28.952261+00:00,Official metro.ca Web Storefront,2026-10-01T04:00:00+00:00,2026-10-08T03:59:59+00:00,https://www.metro.ca/en/online-grocery/aisles/dairy-eggs/selection-greek-plain-0-yogurt-750-g-p-20001129
CAN-FOODBASICS-20001130,foodbasics,Food Basics,foodbasics.ca,"Western Regional, Vancouver",8802,BC - Greater Vancouver,V5K0A1,Dairy & Eggs,Yogurt,"Selection Greek Plain 0% Yogurt, 750 g",Selection,750 g,5.29,5.29,NO,0.0,Regular Everyday Price,0.71,100g,In Stock,2026-10-04T09:49:32.313118+00:00,Official foodbasics.ca Web Storefront,2026-10-01T04:00:00+00:00,2026-10-08T03:59:59+00:00,https://www.foodbasics.ca/aisles/dairy-eggs/selection-greek-plain-0-yogurt-750-g-p-20001130
CAN-SAVEON-20001131,saveon,Save-On,saveonfoods.com,"Cambie St, Vancouver",1982,BC - Greater Vancouver,V5K0A1,Dairy & Eggs,Tofu & Plant-Based,"Western Family Extra Firm Organic Tofu, 454 g",Western Family,454 g,3.05,3.05,NO,0.0,Regular Everyday Price,0.67,100g,In Stock,2026-10-04T09:49:40.942276+00:00,Official saveonfoods.com Web Storefront,2026-10-01T04:00:00+00:00,2026-10-08T03:59:59+00:00,https://www.saveonfoods.com/sm/pickup/rsid/1982/product/western-family-extra-firm-organic-tofu-454-g-20001131
CAN-NOFRILLS-20001132,nofrills,No Frills,nofrills.ca,"Hastings St, Vancouver",3942,BC - Greater Vancouver,V5K0A1,Dairy & Eggs,Tofu & Plant-Based,"Rooster Brand Extra Firm Organic Tofu, 454 g",Rooster Brand,454 g,2.34,2.34,NO,0.0,Regular Everyday Price,0.52,100g,In Stock,2026-10-04T09:49:55.343071+00:00,Official nofrills.ca Web Storefront,2026-10-01T04:00:00+00:00,2026-10-08T03:59:59+00:00,https://www.nofrills.ca/en/rooster-brand-extra-firm-organic-tofu-454-g/p/20001132_EA
CAN-WALMART-20001133,walmart,Walmart,walmart.ca,"Grandview Hwy, Vancouver",1128,BC - Greater Vancouver,V5K0A1,Dairy & Eggs,Tofu & Plant-Based,"Sunrise Extra Firm Organic Tofu, 454 g",Sunrise,454 g,2.32,2.32,NO,0.0,Regular Everyday Price,0.51,100g,In Stock,2026-10-04T09:50:07.054544+00:00,Official walmart.ca Web Storefront,2026-10-01T04:00:00+00:00,2026-10-08T03:59:59+00:00,https://www.walmart.ca/en/ip/sunrise-extra-firm-organic-tofu-454-g/60000001133
CAN-TNT-20001134,tnt,T&T,tntsupermarket.com,"Marine Gateway, Vancouver",012,BC - Greater Vancouver,V5K0A1,Dairy & Eggs,Tofu & Plant-Based,"Sunrise Extra Firm Organic Tofu, 454 g",Sunrise,454 g,2.02,2.02,NO,0.0,Regular Everyday Price,0.44,100g,In Stock,2026-10-04T09:50:21.398764+00:00,Official tntsupermarket.com Web Storefront,2026-10-01T04:00:00+00:00,2026-10-08T03:59:59+00:00,https://www.tntsupermarket.com/eng/2000113-sunrise-extra-firm-organic-tofu-454-g.html
CAN-LOBLAWS-20001135,loblaws,Loblaws,loblaws.ca,"City Market Arbutus, Vancouver",1524,BC - Greater Vancouver,V5K0A1,Dairy & Eggs,Tofu & Plant-Based,"PC Organics Extra Firm Organic Tofu, 454 g",PC Organics,454 g,3.05,3.05,NO,0.0,Regular Everyday Price,0.67,100g,In Stock,2026-10-04T09:50:32.868849+00:00,Official loblaws.ca Web Storefront,2026-10-01T04:00:00+00:00,2026-10-08T03:59:59+00:00,https://www.loblaws.ca/en/pc-organics-extra-firm-organic-tofu-454-g/p/20001135_EA
CAN-COSTCO-20001136,costco,Costco,costco.ca,"Expo Blvd, Downtown Vancouver",0552,BC - Greater Vancouver,V5K0A1,Dairy & Eggs,Tofu & Plant-Based,"Sunrise Soya Extra Firm Organic Tofu, 4 x 454 g",Sunrise Soya,4 x 454 g,8.15,8.15,NO,0.0,Regular Everyday Price,1.8,100g,In Stock,2026-10-04T09:50:37.673645+00:00,Official costco.ca Web Storefront,2026-10-01T04:00:00+00:00,2026-10-08T03:59:59+00:00,https://www.costco.ca/sunrise-soya-extra-firm-organic-tofu-4-x-454-g.product.001136.html
CAN-FRESHCO-20001137,freshco,FreshCo,freshco.com,"Broadmoor / Blundell, Richmond",9814,BC - Greater Vancouver,V5K0A1,Dairy & Eggs,Tofu & Plant-Based,"Compliments Extra Firm Organic Tofu, 454 g",Compliments,454 g,2.34,2.34,NO,0.0,Regular Everyday Price,0.52,100g,In Stock,2026-10-04T09:50:42.936579+00:00,Official freshco.com Web Storefront,2026-10-01T04:00:00+00:00,2026-10-08T03:59:59+00:00,https://freshco.com/products/compliments-extra-firm-organic-tofu-454-g-20001137
CAN-SOBEYS-20001138,sobeys,Sobeys,sobeys.com,"Safeway Broadway, Vancouver",4920,BC - Greater Vancouver,V5K0A1,Dairy & Eggs,Tofu & Plant-Based,"Compliments Extra Firm Organic Tofu, 454 g",Compliments,454 g,3.05,3.05,NO,0.0,Regular Everyday Price,0.67,100g,In Stock,2026-10-04T09:50:49.936662+00:00,Official sobeys.com Web Storefront,2026-10-01T04:00:00+00:00,2026-10-08T03:59:59+00:00,https://www.sobeys.com/en/products/compliments-extra-firm-organic-tofu-454-g-20001138
CAN-METRO-20001139,metro,Metro,metro.ca,"Western Fulfillment, Vancouver",8801,BC - Greater Vancouver,V5K0A1,Dairy & Eggs,Tofu & Plant-Based,"Selection Extra Firm Organic Tofu, 454 g",Selection,454 g,2.95,2.95,NO,0.0,Regular Everyday Price,0.65,100g,In Stock,2026-10-04T09:50:53.761934+00:00,Official metro.ca Web Storefront,2026-10-01T04:00:00+00:00,2026-10-08T03:59:59+00:00,https://www.metro.ca/en/online-grocery/aisles/dairy-eggs/selection-extra-firm-organic-tofu-454-g-p-20001139
CAN-FOODBASICS-20001140,foodbasics,Food Basics,foodbasics.ca,"Western Regional, Vancouver",8802,BC - Greater Vancouver,V5K0A1,Dairy & Eggs,Tofu & Plant-Based,"Selection Extra Firm Organic Tofu, 454 g",Selection,454 g,2.34,2.34,NO,0.0,Regular Everyday Price,0.52,100g,In Stock,2026-10-04T09:51:00.470596+00:00,Official foodbasics.ca Web Storefront,2026-10-01T04:00:00+00:00,2026-10-08T03:59:59+00:00,https://www.foodbasics.ca/aisles/dairy-eggs/selection-extra-firm-organic-tofu-454-g-p-20001140
CAN-SAVEON-20001141,saveon,Save-On,saveonfoods.com,"Cambie St, Vancouver",1982,BC - Greater Vancouver,V5K0A1,Meat & Seafood,Poultry,"Western Family Boneless Skinless Chicken Breasts, 1 kg",Western Family,1 kg,15.8,15.8,NO,0.0,Regular Everyday Price,15.8,kg,In Stock,2026-10-04T09:51:12.002822+00:00,Official saveonfoods.com Web Storefront,2026-10-01T04:00:00+00:00,2026-10-08T03:59:59+00:00,https://www.saveonfoods.com/sm/pickup/rsid/1982/product/western-family-boneless-skinless-chicken-breasts-1-kg-20001141
CAN-NOFRILLS-20001142,nofrills,No Frills,nofrills.ca,"Hastings St, Vancouver",3942,BC - Greater Vancouver,V5K0A1,Meat & Seafood,Poultry,"Farmer's Market Boneless Skinless Chicken Breasts, 1 kg",Farmer's Market,1 kg,13.25,14.0,YES,0.75,Hit of the Month - Rollback $0.75,13.25,kg,In Stock,2026-10-04T09:51:15.055203+00:00,Official nofrills.ca Web Storefront,2026-10-01T04:00:00+00:00,2026-10-08T03:59:59+00:00,https://www.nofrills.ca/en/farmers-market-boneless-skinless-chicken-breasts-1-kg/p/20001142_EA
CAN-WALMART-20001143,walmart,Walmart,walmart.ca,"Grandview Hwy, Vancouver",1128,BC - Greater Vancouver,V5K0A1,Meat & Seafood,Poultry,"Your Fresh Market Boneless Skinless Chicken Breasts, 1 kg",Your Fresh Market,1 kg,13.23,13.23,NO,0.0,Regular Everyday Price,13.23,kg,In Stock,2026-10-04T09:51:21.899706+00:00,Official walmart.ca Web Storefront,2026-10-01T04:00:00+00:00,2026-10-08T03:59:59+00:00,https://www.walmart.ca/en/ip/your-fresh-market-boneless-skinless-chicken-breasts-1-kg/60000001143
CAN-TNT-20001144,tnt,T&T,tntsupermarket.com,"Marine Gateway, Vancouver",012,BC - Greater Vancouver,V5K0A1,Meat & Seafood,Poultry,"T&T Fresh Boneless Skinless Chicken Breasts, 1 kg",T&T Fresh,1 kg,14.16,14.16,NO,0.0,Regular Everyday Price,14.16,kg,In Stock,2026-10-04T09:51:29.087335+00:00,Official tntsupermarket.com Web Storefront,2026-10-01T04:00:00+00:00,2026-10-08T03:59:59+00:00,https://www.tntsupermarket.com/eng/2000114-tt-fresh-boneless-skinless-chicken-breasts-1-kg.html
CAN-LOBLAWS-20001145,loblaws,Loblaws,loblaws.ca,"City Market Arbutus, Vancouver",1524,BC - Greater Vancouver,V5K0A1,Meat & Seafood,Poultry,"PC Free From Boneless Skinless Chicken Breasts, 1 kg",PC Free From,1 kg,16.82,16.82,NO,0.0,Regular Everyday Price,16.82,kg,In Stock,2026-10-04T09:51:43.387408+00:00,Official loblaws.ca Web Storefront,2026-10-01T04:00:00+00:00,2026-10-08T03:59:59+00:00,https://www.loblaws.ca/en/pc-free-from-boneless-skinless-chicken-breasts-1-kg/p/20001145_EA
CAN-COSTCO-20001146,costco,Costco,costco.ca,"Expo Blvd, Downtown Vancouver",0552,BC - Greater Vancouver,V5K0A1,Meat & Seafood,Poultry,"Kirkland Signature Boneless Skinless Chicken Breasts, 2.4 kg bulk",Kirkland Signature,2.4 kg bulk,30.59,30.59,NO,0.0,Regular Everyday Price,12.75,kg,In Stock,2026-10-04T09:51:55.397175+00:00,Official costco.ca Web Storefront,2026-10-01T04:00:00+00:00,2026-10-08T03:59:59+00:00,https://www.costco.ca/kirkland-signature-boneless-skinless-chicken-breasts-24-kg-bulk.product.001146.html
CAN-FRESHCO-20001147,freshco,FreshCo,freshco.com,"Broadmoor / Blundell, Richmond",9814,BC - Greater Vancouver,V5K0A1,Meat & Seafood,Poultry,"Compliments Boneless Skinless Chicken Breasts, 1 kg",Compliments,1 kg,13.25,13.25,NO,0.0,Regular Everyday Price,13.25,kg,In Stock,2026-10-04T09:52:07.074721+00:00,Official freshco.com Web Storefront,2026-10-01T04:00:00+00:00,2026-10-08T03:59:59+00:00,https://freshco.com/products/compliments-boneless-skinless-chicken-breasts-1-kg-20001147
CAN-SOBEYS-20001148,sobeys,Sobeys,sobeys.com,"Safeway Broadway, Vancouver",4920,BC - Greater Vancouver,V5K0A1,Meat & Seafood,Poultry,"Compliments Boneless Skinless Chicken Breasts, 1 kg",Compliments,1 kg,16.82,16.82,NO,0.0,Regular Everyday Price,16.82,kg,In Stock,2026-10-04T09:52:19.093823+00:00,Official sobeys.com Web Storefront,2026-10-01T04:00:00+00:00,2026-10-08T03:59:59+00:00,https://www.sobeys.com/en/products/compliments-boneless-skinless-chicken-breasts-1-kg-20001148
CAN-METRO-20001149,metro,Metro,metro.ca,"Western Fulfillment, Vancouver",8801,BC - Greater Vancouver,V5K0A1,Meat & Seafood,Poultry,"Selection Boneless Skinless Chicken Breasts, 1 kg",Selection,1 kg,15.6,15.6,NO,0.0,Regular Everyday Price,15.6,kg,In Stock,2026-10-04T09:52:22.145645+00:00,Official metro.ca Web Storefront,2026-10-01T04:00:00+00:00,2026-10-08T03:59:59+00:00,https://www.metro.ca/en/online-grocery/aisles/meat-seafood/selection-boneless-skinless-chicken-breasts-1-kg-p-20001149
CAN-FOODBASICS-20001150,foodbasics,Food Basics,foodbasics.ca,"Western Regional, Vancouver",8802,BC - Greater Vancouver,V5K0A1,Meat & Seafood,Poultry,"Selection Boneless Skinless Chicken Breasts, 1 kg",Selection,1 kg,13.25,13.25,NO,0.0,Regular Everyday Price,13.25,kg,In Stock,2026-10-04T09:52:32.904128+00:00,Official foodbasics.ca Web Storefront,2026-10-01T04:00:00+00:00,2026-10-08T03:59:59+00:00,https://www.foodbasics.ca/aisles/meat-seafood/selection-boneless-skinless-chicken-breasts-1-kg-p-20001150
CAN-SAVEON-20001151,saveon,Save-On,saveonfoods.com,"Cambie St, Vancouver",1982,BC - Greater Vancouver,V5K0A1,Meat & Seafood,Beef,"Western Family Lean Ground Beef, 1 kg",Western Family,1 kg,14.78,14.78,NO,0.0,Regular Everyday Price,14.78,kg,In Stock,2026-10-04T09:52:38.529749+00:00,Official saveonfoods.com Web Storefront,2026-10-01T04:00:00+00:00,2026-10-08T03:59:59+00:00,https://www.saveonfoods.com/sm/pickup/rsid/1982/product/western-family-lean-ground-beef-1-kg-20001151
CAN-NOFRILLS-20001152,nofrills,No Frills,nofrills.ca,"Hastings St, Vancouver",3942,BC - Greater Vancouver,V5K0A1,Meat & Seafood,Beef,"No Name Lean Ground Beef, 1 kg",No Name,1 kg,12.23,12.23,NO,0.0,Regular Everyday Price,12.23,kg,In Stock,2026-10-04T09:52:52.967281+00:00,Official nofrills.ca Web Storefront,2026-10-01T04:00:00+00:00,2026-10-08T03:59:59+00:00,https://www.nofrills.ca/en/no-name-lean-ground-beef-1-kg/p/20001152_EA
CAN-WALMART-20001153,walmart,Walmart,walmart.ca,"Grandview Hwy, Vancouver",1128,BC - Greater Vancouver,V5K0A1,Meat & Seafood,Beef,"Your Fresh Market Lean Ground Beef, 1 kg",Your Fresh Market,1 kg,12.21,12.21,NO,0.0,Regular Everyday Price,12.21,kg,In Stock,2026-10-04T09:53:01.926123+00:00,Official walmart.ca Web Storefront,2026-10-01T04:00:00+00:00,2026-10-08T03:59:59+00:00,https://www.walmart.ca/en/ip/your-fresh-market-lean-ground-beef-1-kg/60000001153
CAN-TNT-20001154,tnt,T&T,tntsupermarket.com,"Marine Gateway, Vancouver",012,BC - Greater Vancouver,V5K0A1,Meat & Seafood,Beef,"T&T Fresh Lean Ground Beef, 1 kg",T&T Fresh,1 kg,13.14,13.14,NO,0.0,Regular Everyday Price,13.14,kg,In Stock,2026-10-04T09:53:11.245956+00:00,Official tntsupermarket.com Web Storefront,2026-10-01T04:00:00+00:00,2026-10-08T03:59:59+00:00,https://www.tntsupermarket.com/eng/2000115-tt-fresh-lean-ground-beef-1-kg.html
CAN-LOBLAWS-20001155,loblaws,Loblaws,loblaws.ca,"City Market Arbutus, Vancouver",1524,BC - Greater Vancouver,V5K0A1,Meat & Seafood,Beef,"President's Choice Lean Ground Beef, 1 kg",President's Choice,1 kg,15.29,15.29,NO,0.0,Regular Everyday Price,15.29,kg,In Stock,2026-10-04T09:53:17.444743+00:00,Official loblaws.ca Web Storefront,2026-10-01T04:00:00+00:00,2026-10-08T03:59:59+00:00,https://www.loblaws.ca/en/presidents-choice-lean-ground-beef-1-kg/p/20001155_EA
CAN-COSTCO-20001156,costco,Costco,costco.ca,"Expo Blvd, Downtown Vancouver",0552,BC - Greater Vancouver,V5K0A1,Meat & Seafood,Beef,"Kirkland Signature Lean Ground Beef, 2.2 kg bulk",Kirkland Signature,2.2 kg bulk,27.53,27.53,NO,0.0,Regular Everyday Price,12.51,kg,In Stock,2026-10-04T09:53:27.944297+00:00,Official costco.ca Web Storefront,2026-10-01T04:00:00+00:00,2026-10-08T03:59:59+00:00,https://www.costco.ca/kirkland-signature-lean-ground-beef-22-kg-bulk.product.001156.html
CAN-FRESHCO-20001157,freshco,FreshCo,freshco.com,"Broadmoor / Blundell, Richmond",9814,BC - Greater Vancouver,V5K0A1,Meat & Seafood,Beef,"Compliments Lean Ground Beef, 1 kg",Compliments,1 kg,12.23,12.23,NO,0.0,Regular Everyday Price,12.23,kg,In Stock,2026-10-04T09:53:42.056293+00:00,Official freshco.com Web Storefront,2026-10-01T04:00:00+00:00,2026-10-08T03:59:59+00:00,https://freshco.com/products/compliments-lean-ground-beef-1-kg-20001157
CAN-SOBEYS-20001158,sobeys,Sobeys,sobeys.com,"Safeway Broadway, Vancouver",4920,BC - Greater Vancouver,V5K0A1,Meat & Seafood,Beef,"Compliments Lean Ground Beef, 1 kg",Compliments,1 kg,15.29,15.29,NO,0.0,Regular Everyday Price,15.29,kg,In Stock,2026-10-04T09:53:50.196902+00:00,Official sobeys.com Web Storefront,2026-10-01T04:00:00+00:00,2026-10-08T03:59:59+00:00,https://www.sobeys.com/en/products/compliments-lean-ground-beef-1-kg-20001158
CAN-METRO-20001159,metro,Metro,metro.ca,"Western Fulfillment, Vancouver",8801,BC - Greater Vancouver,V5K0A1,Meat & Seafood,Beef,"Selection Lean Ground Beef, 1 kg",Selection,1 kg,14.58,15.88,YES,1.3,Weekly Flyer Special - Save $1.30,14.58,kg,In Stock,2026-10-04T09:54:02.339291+00:00,Official metro.ca Web Storefront,2026-10-01T04:00:00+00:00,2026-10-08T03:59:59+00:00,https://www.metro.ca/en/online-grocery/aisles/meat-seafood/selection-lean-ground-beef-1-kg-p-20001159
CAN-FOODBASICS-20001160,foodbasics,Food Basics,foodbasics.ca,"Western Regional, Vancouver",8802,BC - Greater Vancouver,V5K0A1,Meat & Seafood,Beef,"Selection Lean Ground Beef, 1 kg",Selection,1 kg,12.23,12.73,YES,0.5,Always More For Less - Save $0.50,12.23,kg,In Stock,2026-10-04T09:54:05.814390+00:00,Official foodbasics.ca Web Storefront,2026-10-01T04:00:00+00:00,2026-10-08T03:59:59+00:00,https://www.foodbasics.ca/aisles/meat-seafood/selection-lean-ground-beef-1-kg-p-20001160
CAN-SAVEON-20001161,saveon,Save-On,saveonfoods.com,"Cambie St, Vancouver",1982,BC - Greater Vancouver,V5K0A1,Meat & Seafood,Seafood,"Western Family Atlantic Salmon Fillets Fresh, 1 kg",Western Family,1 kg,25.49,27.49,YES,2.0,Save $2.00 With More Rewards Card,25.49,kg,In Stock,2026-10-04T09:54:15.095606+00:00,Official saveonfoods.com Web Storefront,2026-10-01T04:00:00+00:00,2026-10-08T03:59:59+00:00,https://www.saveonfoods.com/sm/pickup/rsid/1982/product/western-family-atlantic-salmon-fillets-fresh-1-kg-20001161
CAN-NOFRILLS-20001162,nofrills,No Frills,nofrills.ca,"Hastings St, Vancouver",3942,BC - Greater Vancouver,V5K0A1,Meat & Seafood,Seafood,"Farmer's Market Atlantic Salmon Fillets Fresh, 1 kg",Farmer's Market,1 kg,22.43,22.43,NO,0.0,Regular Everyday Price,22.43,kg,In Stock,2026-10-04T09:54:29.973563+00:00,Official nofrills.ca Web Storefront,2026-10-01T04:00:00+00:00,2026-10-08T03:59:59+00:00,https://www.nofrills.ca/en/farmers-market-atlantic-salmon-fillets-fresh-1-kg/p/20001162_EA
CAN-WALMART-20001163,walmart,Walmart,walmart.ca,"Grandview Hwy, Vancouver",1128,BC - Greater Vancouver,V5K0A1,Meat & Seafood,Seafood,"Your Fresh Market Atlantic Salmon Fillets Fresh, 1 kg",Your Fresh Market,1 kg,22.41,22.41,NO,0.0,Regular Everyday Price,22.41,kg,In Stock,2026-10-04T09:54:44.275645+00:00,Official walmart.ca Web Storefront,2026-10-01T04:00:00+00:00,2026-10-08T03:59:59+00:00,https://www.walmart.ca/en/ip/your-fresh-market-atlantic-salmon-fillets-fresh-1-kg/60000001163
CAN-TNT-20001164,tnt,T&T,tntsupermarket.com,"Marine Gateway, Vancouver",012,BC - Greater Vancouver,V5K0A1,Meat & Seafood,Seafood,"T&T Seafood Direct Atlantic Salmon Fillets Fresh, 1 kg",T&T Seafood Direct,1 kg,21.3,21.3,NO,0.0,Regular Everyday Price,21.3,kg,In Stock,2026-10-04T09:54:51.806543+00:00,Official tntsupermarket.com Web Storefront,2026-10-01T04:00:00+00:00,2026-10-08T03:59:59+00:00,https://www.tntsupermarket.com/eng/2000116-tt-seafood-direct-atlantic-salmon-fillets-fresh-1-kg.html
CAN-LOBLAWS-20001165,loblaws,Loblaws,loblaws.ca,"City Market Arbutus, Vancouver",1524,BC - Greater Vancouver,V5K0A1,Meat & Seafood,Seafood,"PC Blue Menu Atlantic Salmon Fillets Fresh, 1 kg",PC Blue Menu,1 kg,26.51,26.51,NO,0.0,Regular Everyday Price,26.51,kg,In Stock,2026-10-04T09:54:58.471930+00:00,Official loblaws.ca Web Storefront,2026-10-01T04:00:00+00:00,2026-10-08T03:59:59+00:00,https://www.loblaws.ca/en/pc-blue-menu-atlantic-salmon-fillets-fresh-1-kg/p/20001165_EA
CAN-COSTCO-20001166,costco,Costco,costco.ca,"Expo Blvd, Downtown Vancouver",0552,BC - Greater Vancouver,V5K0A1,Meat & Seafood,Seafood,"Kirkland Signature Atlantic Salmon Fillets Fresh, 1.4 kg",Kirkland Signature,1.4 kg,32.63,32.63,NO,0.0,Regular Everyday Price,23.31,kg,In Stock,2026-10-04T09:55:04.907030+00:00,Official costco.ca Web Storefront,2026-10-01T04:00:00+00:00,2026-10-08T03:59:59+00:00,https://www.costco.ca/kirkland-signature-atlantic-salmon-fillets-fresh-14-kg.product.001166.html
CAN-FRESHCO-20001167,freshco,FreshCo,freshco.com,"Broadmoor / Blundell, Richmond",9814,BC - Greater Vancouver,V5K0A1,Meat & Seafood,Seafood,"Compliments Atlantic Salmon Fillets Fresh, 1 kg",Compliments,1 kg,22.43,22.43,NO,0.0,Regular Everyday Price,22.43,kg,In Stock,2026-10-04T09:55:11.419765+00:00,Official freshco.com Web Storefront,2026-10-01T04:00:00+00:00,2026-10-08T03:59:59+00:00,https://freshco.com/products/compliments-atlantic-salmon-fillets-fresh-1-kg-20001167
CAN-SOBEYS-20001168,sobeys,Sobeys,sobeys.com,"Safeway Broadway, Vancouver",4920,BC - Greater Vancouver,V5K0A1,Meat & Seafood,Seafood,"Compliments Atlantic Salmon Fillets Fresh, 1 kg",Compliments,1 kg,26.51,26.51,NO,0.0,Regular Everyday Price,26.51,kg,In Stock,2026-10-04T09:55:18.381528+00:00,Official sobeys.com Web Storefront,2026-10-01T04:00:00+00:00,2026-10-08T03:59:59+00:00,https://www.sobeys.com/en/products/compliments-atlantic-salmon-fillets-fresh-1-kg-20001168
CAN-METRO-20001169,metro,Metro,metro.ca,"Western Fulfillment, Vancouver",8801,BC - Greater Vancouver,V5K0A1,Meat & Seafood,Seafood,"Selection Atlantic Salmon Fillets Fresh, 1 kg",Selection,1 kg,25.49,26.49,YES,1.0,Weekly Flyer Special - Save $1.00,25.49,kg,In Stock,2026-10-04T09:55:25.034617+00:00,Official metro.ca Web Storefront,2026-10-01T04:00:00+00:00,2026-10-08T03:59:59+00:00,https://www.metro.ca/en/online-grocery/aisles/meat-seafood/selection-atlantic-salmon-fillets-fresh-1-kg-p-20001169
CAN-FOODBASICS-20001170,foodbasics,Food Basics,foodbasics.ca,"Western Regional, Vancouver",8802,BC - Greater Vancouver,V5K0A1,Meat & Seafood,Seafood,"Selection Atlantic Salmon Fillets Fresh, 1 kg",Selection,1 kg,22.43,22.43,NO,0.0,Regular Everyday Price,22.43,kg,In Stock,2026-10-04T09:55:32.285019+00:00,Official foodbasics.ca Web Storefront,2026-10-01T04:00:00+00:00,2026-10-08T03:59:59+00:00,https://www.foodbasics.ca/aisles/meat-seafood/selection-atlantic-salmon-fillets-fresh-1-kg-p-20001170
CAN-SAVEON-20001171,saveon,Save-On,saveonfoods.com,"Cambie St, Vancouver",1982,BC - Greater Vancouver,V5K0A1,Meat & Seafood,Pork & Bacon,"Western Family Naturally Smoked Thick Cut Bacon, 375 g",Western Family,375 g,7.44,8.44,YES,1.0,Save $1.00 With More Rewards Card,1.98,100g,In Stock,2026-10-04T09:55:45.534382+00:00,Official saveonfoods.com Web Storefront,2026-10-01T04:00:00+00:00,2026-10-08T03:59:59+00:00,https://www.saveonfoods.com/sm/pickup/rsid/1982/product/western-family-naturally-smoked-thick-cut-bacon-375-g-20001171
CAN-NOFRILLS-20001172,nofrills,No Frills,nofrills.ca,"Hastings St, Vancouver",3942,BC - Greater Vancouver,V5K0A1,Meat & Seafood,Pork & Bacon,"No Name Naturally Smoked Thick Cut Bacon, 375 g",No Name,375 g,5.6,5.6,NO,0.0,Regular Everyday Price,1.49,100g,In Stock,2026-10-04T09:55:49.248011+00:00,Official nofrills.ca Web Storefront,2026-10-01T04:00:00+00:00,2026-10-08T03:59:59+00:00,https://www.nofrills.ca/en/no-name-naturally-smoked-thick-cut-bacon-375-g/p/20001172_EA
CAN-WALMART-20001173,walmart,Walmart,walmart.ca,"Grandview Hwy, Vancouver",1128,BC - Greater Vancouver,V5K0A1,Meat & Seafood,Pork & Bacon,"Great Value Naturally Smoked Thick Cut Bacon, 375 g",Great Value,375 g,5.58,5.58,NO,0.0,Regular Everyday Price,1.49,100g,In Stock,2026-10-04T09:55:56.589589+00:00,Official walmart.ca Web Storefront,2026-10-01T04:00:00+00:00,2026-10-08T03:59:59+00:00,https://www.walmart.ca/en/ip/great-value-naturally-smoked-thick-cut-bacon-375-g/60000001173
CAN-TNT-20001174,tnt,T&T,tntsupermarket.com,"Marine Gateway, Vancouver",012,BC - Greater Vancouver,V5K0A1,Meat & Seafood,Pork & Bacon,"Maple Leaf Naturally Smoked Thick Cut Bacon, 375 g",Maple Leaf,375 g,7.02,7.02,NO,0.0,Regular Everyday Price,1.87,100g,In Stock,2026-10-04T09:56:07.798316+00:00,Official tntsupermarket.com Web Storefront,2026-10-01T04:00:00+00:00,2026-10-08T03:59:59+00:00,https://www.tntsupermarket.com/eng/2000117-maple-leaf-naturally-smoked-thick-cut-bacon-375-g.html
CAN-LOBLAWS-20001175,loblaws,Loblaws,loblaws.ca,"City Market Arbutus, Vancouver",1524,BC - Greater Vancouver,V5K0A1,Meat & Seafood,Pork & Bacon,"President's Choice Naturally Smoked Thick Cut Bacon, 375 g",President's Choice,375 g,7.64,9.14,YES,1.5,PC Optimum Member Price - Save $1.50,2.04,100g,In Stock,2026-10-04T09:56:18.057216+00:00,Official loblaws.ca Web Storefront,2026-10-01T04:00:00+00:00,2026-10-08T03:59:59+00:00,https://www.loblaws.ca/en/presidents-choice-naturally-smoked-thick-cut-bacon-375-g/p/20001175_EA
CAN-COSTCO-20001176,costco,Costco,costco.ca,"Expo Blvd, Downtown Vancouver",0552,BC - Greater Vancouver,V5K0A1,Meat & Seafood,Pork & Bacon,"Kirkland Signature Naturally Smoked Thick Cut Bacon, 4 x 500 g",Kirkland Signature,4 x 500 g,19.37,19.37,NO,0.0,Regular Everyday Price,3.87,100g,In Stock,2026-10-04T09:56:21.979280+00:00,Official costco.ca Web Storefront,2026-10-01T04:00:00+00:00,2026-10-08T03:59:59+00:00,https://www.costco.ca/kirkland-signature-naturally-smoked-thick-cut-bacon-4-x-500-g.product.001176.html
CAN-FRESHCO-20001177,freshco,FreshCo,freshco.com,"Broadmoor / Blundell, Richmond",9814,BC - Greater Vancouver,V5K0A1,Meat & Seafood,Pork & Bacon,"Compliments Naturally Smoked Thick Cut Bacon, 375 g",Compliments,375 g,5.6,5.6,NO,0.0,Regular Everyday Price,1.49,100g,In Stock,2026-10-04T09:56:35.545998+00:00,Official freshco.com Web Storefront,2026-10-01T04:00:00+00:00,2026-10-08T03:59:59+00:00,https://freshco.com/products/compliments-naturally-smoked-thick-cut-bacon-375-g-20001177
CAN-SOBEYS-20001178,sobeys,Sobeys,sobeys.com,"Safeway Broadway, Vancouver",4920,BC - Greater Vancouver,V5K0A1,Meat & Seafood,Pork & Bacon,"Compliments Naturally Smoked Thick Cut Bacon, 375 g",Compliments,375 g,7.64,7.64,NO,0.0,Regular Everyday Price,2.04,100g,In Stock,2026-10-04T09:56:44.179704+00:00,Official sobeys.com Web Storefront,2026-10-01T04:00:00+00:00,2026-10-08T03:59:59+00:00,https://www.sobeys.com/en/products/compliments-naturally-smoked-thick-cut-bacon-375-g-20001178
CAN-METRO-20001179,metro,Metro,metro.ca,"Western Fulfillment, Vancouver",8801,BC - Greater Vancouver,V5K0A1,Meat & Seafood,Pork & Bacon,"Selection Naturally Smoked Thick Cut Bacon, 375 g",Selection,375 g,7.13,7.13,NO,0.0,Regular Everyday Price,1.9,100g,In Stock,2026-10-04T09:56:50.298387+00:00,Official metro.ca Web Storefront,2026-10-01T04:00:00+00:00,2026-10-08T03:59:59+00:00,https://www.metro.ca/en/online-grocery/aisles/meat-seafood/selection-naturally-smoked-thick-cut-bacon-375-g-p-20001179
CAN-FOODBASICS-20001180,foodbasics,Food Basics,foodbasics.ca,"Western Regional, Vancouver",8802,BC - Greater Vancouver,V5K0A1,Meat & Seafood,Pork & Bacon,"Selection Naturally Smoked Thick Cut Bacon, 375 g",Selection,375 g,5.6,5.6,NO,0.0,Regular Everyday Price,1.49,100g,In Stock,2026-10-04T09:57:00.140599+00:00,Official foodbasics.ca Web Storefront,2026-10-01T04:00:00+00:00,2026-10-08T03:59:59+00:00,https://www.foodbasics.ca/aisles/meat-seafood/selection-naturally-smoked-thick-cut-bacon-375-g-p-20001180
CAN-SAVEON-20001181,saveon,Save-On,saveonfoods.com,"Cambie St, Vancouver",1982,BC - Greater Vancouver,V5K0A1,Bakery & Bread,Bread,"Western Family 100% Whole Wheat Sliced Bread, 675 g",Western Family,675 g,3.76,3.76,NO,0.0,Regular Everyday Price,0.56,100g,In Stock,2026-10-04T09:57:09.913082+00:00,Official saveonfoods.com Web Storefront,2026-10-01T04:00:00+00:00,2026-10-08T03:59:59+00:00,https://www.saveonfoods.com/sm/pickup/rsid/1982/product/western-family-100-whole-wheat-sliced-bread-675-g-20001181
CAN-NOFRILLS-20001182,nofrills,No Frills,nofrills.ca,"Hastings St, Vancouver",3942,BC - Greater Vancouver,V5K0A1,Bakery & Bread,Bread,"No Name 100% Whole Wheat Sliced Bread, 675 g",No Name,675 g,2.54,2.54,NO,0.0,Regular Everyday Price,0.38,100g,In Stock,2026-10-04T09:57:13.334278+00:00,Official nofrills.ca Web Storefront,2026-10-01T04:00:00+00:00,2026-10-08T03:59:59+00:00,https://www.nofrills.ca/en/no-name-100-whole-wheat-sliced-bread-675-g/p/20001182_EA
CAN-WALMART-20001183,walmart,Walmart,walmart.ca,"Grandview Hwy, Vancouver",1128,BC - Greater Vancouver,V5K0A1,Bakery & Bread,Bread,"Great Value 100% Whole Wheat Sliced Bread, 675 g",Great Value,675 g,2.52,3.02,YES,0.5,Rollback - Save $0.50,0.37,100g,In Stock,2026-10-04T09:57:27.475455+00:00,Official walmart.ca Web Storefront,2026-10-01T04:00:00+00:00,2026-10-08T03:59:59+00:00,https://www.walmart.ca/en/ip/great-value-100-whole-wheat-sliced-bread-675-g/60000001183
CAN-TNT-20001184,tnt,T&T,tntsupermarket.com,"Marine Gateway, Vancouver",012,BC - Greater Vancouver,V5K0A1,Bakery & Bread,Bread,"T&T Bakery 100% Whole Wheat Sliced Bread, 675 g",T&T Bakery,675 g,3.35,3.35,NO,0.0,Regular Everyday Price,0.5,100g,In Stock,2026-10-04T09:57:33.698835+00:00,Official tntsupermarket.com Web Storefront,2026-10-01T04:00:00+00:00,2026-10-08T03:59:59+00:00,https://www.tntsupermarket.com/eng/2000118-tt-bakery-100-whole-wheat-sliced-bread-675-g.html
CAN-LOBLAWS-20001185,loblaws,Loblaws,loblaws.ca,"City Market Arbutus, Vancouver",1524,BC - Greater Vancouver,V5K0A1,Bakery & Bread,Bread,"Country Harvest 100% Whole Wheat Sliced Bread, 675 g",Country Harvest,675 g,4.07,5.07,YES,1.0,PC Optimum Member Price - Save $1.00,0.6,100g,In Stock,2026-10-04T09:57:39.244409+00:00,Official loblaws.ca Web Storefront,2026-10-01T04:00:00+00:00,2026-10-08T03:59:59+00:00,https://www.loblaws.ca/en/country-harvest-100-whole-wheat-sliced-bread-675-g/p/20001185_EA
CAN-COSTCO-20001186,costco,Costco,costco.ca,"Expo Blvd, Downtown Vancouver",0552,BC - Greater Vancouver,V5K0A1,Bakery & Bread,Bread,"Dempster's 100% Whole Wheat Sliced Bread, 3 x 675 g",Dempster's,3 x 675 g,7.13,12.13,YES,5.0,Instant Savings $5.00 Off at Checkout,1.06,100g,In Stock,2026-10-04T09:57:44.983171+00:00,Official costco.ca Web Storefront,2026-10-01T04:00:00+00:00,2026-10-08T03:59:59+00:00,https://www.costco.ca/dempsters-100-whole-wheat-sliced-bread-3-x-675-g.product.001186.html
CAN-FRESHCO-20001187,freshco,FreshCo,freshco.com,"Broadmoor / Blundell, Richmond",9814,BC - Greater Vancouver,V5K0A1,Bakery & Bread,Bread,"Compliments 100% Whole Wheat Sliced Bread, 675 g",Compliments,675 g,2.54,2.54,NO,0.0,Regular Everyday Price,0.38,100g,In Stock,2026-10-04T09:57:59.311862+00:00,Official freshco.com Web Storefront,2026-10-01T04:00:00+00:00,2026-10-08T03:59:59+00:00,https://freshco.com/products/compliments-100-whole-wheat-sliced-bread-675-g-20001187
CAN-SOBEYS-20001188,sobeys,Sobeys,sobeys.com,"Safeway Broadway, Vancouver",4920,BC - Greater Vancouver,V5K0A1,Bakery & Bread,Bread,"Compliments 100% Whole Wheat Sliced Bread, 675 g",Compliments,675 g,4.07,4.07,NO,0.0,Regular Everyday Price,0.6,100g,In Stock,2026-10-04T09:58:07.989505+00:00,Official sobeys.com Web Storefront,2026-10-01T04:00:00+00:00,2026-10-08T03:59:59+00:00,https://www.sobeys.com/en/products/compliments-100-whole-wheat-sliced-bread-675-g-20001188
CAN-METRO-20001189,metro,Metro,metro.ca,"Western Fulfillment, Vancouver",8801,BC - Greater Vancouver,V5K0A1,Bakery & Bread,Bread,"Selection 100% Whole Wheat Sliced Bread, 675 g",Selection,675 g,3.56,3.56,NO,0.0,Regular Everyday Price,0.53,100g,In Stock,2026-10-04T09:58:11.567575+00:00,Official metro.ca Web Storefront,2026-10-01T04:00:00+00:00,2026-10-08T03:59:59+00:00,https://www.metro.ca/en/online-grocery/aisles/bakery-bread/selection-100-whole-wheat-sliced-bread-675-g-p-20001189
CAN-FOODBASICS-20001190,foodbasics,Food Basics,foodbasics.ca,"Western Regional, Vancouver",8802,BC - Greater Vancouver,V5K0A1,Bakery & Bread,Bread,"Selection 100% Whole Wheat Sliced Bread, 675 g",Selection,675 g,2.54,3.54,YES,1.0,Always More For Less - Save $1.00,0.38,100g,In Stock,2026-10-04T09:58:25.796412+00:00,Official foodbasics.ca Web Storefront,2026-10-01T04:00:00+00:00,2026-10-08T03:59:59+00:00,https://www.foodbasics.ca/aisles/bakery-bread/selection-100-whole-wheat-sliced-bread-675-g-p-20001190
CAN-SAVEON-20001191,saveon,Save-On,saveonfoods.com,"Cambie St, Vancouver",1982,BC - Greater Vancouver,V5K0A1,Bakery & Bread,Bagels,"Western Family Everything Bagels, 6 pack",Western Family,6 pack,4.27,4.27,NO,0.0,Regular Everyday Price,0.71,each,In Stock,2026-10-04T09:58:38.161640+00:00,Official saveonfoods.com Web Storefront,2026-10-01T04:00:00+00:00,2026-10-08T03:59:59+00:00,https://www.saveonfoods.com/sm/pickup/rsid/1982/product/western-family-everything-bagels-6-pack-20001191
CAN-NOFRILLS-20001192,nofrills,No Frills,nofrills.ca,"Hastings St, Vancouver",3942,BC - Greater Vancouver,V5K0A1,Bakery & Bread,Bagels,"No Name Everything Bagels, 6 pack",No Name,6 pack,3.05,3.05,NO,0.0,Regular Everyday Price,0.51,each,In Stock,2026-10-04T09:58:47.611316+00:00,Official nofrills.ca Web Storefront,2026-10-01T04:00:00+00:00,2026-10-08T03:59:59+00:00,https://www.nofrills.ca/en/no-name-everything-bagels-6-pack/p/20001192_EA
CAN-WALMART-20001193,walmart,Walmart,walmart.ca,"Grandview Hwy, Vancouver",1128,BC - Greater Vancouver,V5K0A1,Bakery & Bread,Bagels,"Great Value Everything Bagels, 6 pack",Great Value,6 pack,3.03,3.53,YES,0.5,Rollback - Save $0.50,0.51,each,In Stock,2026-10-04T09:58:57.588364+00:00,Official walmart.ca Web Storefront,2026-10-01T04:00:00+00:00,2026-10-08T03:59:59+00:00,https://www.walmart.ca/en/ip/great-value-everything-bagels-6-pack/60000001193
CAN-TNT-20001194,tnt,T&T,tntsupermarket.com,"Marine Gateway, Vancouver",012,BC - Greater Vancouver,V5K0A1,Bakery & Bread,Bagels,"T&T Bakery Everything Bagels, 6 pack",T&T Bakery,6 pack,3.75,3.75,NO,0.0,Regular Everyday Price,0.62,each,In Stock,2026-10-04T09:59:12.478282+00:00,Official tntsupermarket.com Web Storefront,2026-10-01T04:00:00+00:00,2026-10-08T03:59:59+00:00,https://www.tntsupermarket.com/eng/2000119-tt-bakery-everything-bagels-6-pack.html
CAN-LOBLAWS-20001195,loblaws,Loblaws,loblaws.ca,"City Market Arbutus, Vancouver",1524,BC - Greater Vancouver,V5K0A1,Bakery & Bread,Bagels,"President's Choice Everything Bagels, 6 pack",President's Choice,6 pack,4.58,4.58,NO,0.0,Regular Everyday Price,0.76,each,In Stock,2026-10-04T09:59:17.773364+00:00,Official loblaws.ca Web Storefront,2026-10-01T04:00:00+00:00,2026-10-08T03:59:59+00:00,https://www.loblaws.ca/en/presidents-choice-everything-bagels-6-pack/p/20001195_EA
CAN-COSTCO-20001196,costco,Costco,costco.ca,"Expo Blvd, Downtown Vancouver",0552,BC - Greater Vancouver,V5K0A1,Bakery & Bread,Bagels,"Kirkland Signature Everything Bagels, 2 x 6 pack",Kirkland Signature,2 x 6 pack,8.15,8.15,NO,0.0,Regular Everyday Price,1.36,each,In Stock,2026-10-04T09:59:22.348353+00:00,Official costco.ca Web Storefront,2026-10-01T04:00:00+00:00,2026-10-08T03:59:59+00:00,https://www.costco.ca/kirkland-signature-everything-bagels-2-x-6-pack.product.001196.html
CAN-FRESHCO-20001197,freshco,FreshCo,freshco.com,"Broadmoor / Blundell, Richmond",9814,BC - Greater Vancouver,V5K0A1,Bakery & Bread,Bagels,"Compliments Everything Bagels, 6 pack",Compliments,6 pack,3.05,3.05,NO,0.0,Regular Everyday Price,0.51,each,In Stock,2026-10-04T09:59:36.877832+00:00,Official freshco.com Web Storefront,2026-10-01T04:00:00+00:00,2026-10-08T03:59:59+00:00,https://freshco.com/products/compliments-everything-bagels-6-pack-20001197
CAN-SOBEYS-20001198,sobeys,Sobeys,sobeys.com,"Safeway Broadway, Vancouver",4920,BC - Greater Vancouver,V5K0A1,Bakery & Bread,Bagels,"Compliments Everything Bagels, 6 pack",Compliments,6 pack,4.58,4.58,NO,0.0,Regular Everyday Price,0.76,each,In Stock,2026-10-04T09:59:43.485393+00:00,Official sobeys.com Web Storefront,2026-10-01T04:00:00+00:00,2026-10-08T03:59:59+00:00,https://www.sobeys.com/en/products/compliments-everything-bagels-6-pack-20001198
CAN-METRO-20001199,metro,Metro,metro.ca,"Western Fulfillment, Vancouver",8801,BC - Greater Vancouver,V5K0A1,Bakery & Bread,Bagels,"Selection Everything Bagels, 6 pack",Selection,6 pack,4.07,4.07,NO,0.0,Regular Everyday Price,0.68,each,In Stock,2026-10-04T09:59:53.745292+00:00,Official metro.ca Web Storefront,2026-10-01T04:00:00+00:00,2026-10-08T03:59:59+00:00,https://www.metro.ca/en/online-grocery/aisles/bakery-bread/selection-everything-bagels-6-pack-p-20001199
CAN-FOODBASICS-20001200,foodbasics,Food Basics,foodbasics.ca,"Western Regional, Vancouver",8802,BC - Greater Vancouver,V5K0A1,Bakery & Bread,Bagels,"Selection Everything Bagels, 6 pack",Selection,6 pack,3.05,3.05,NO,0.0,Regular Everyday Price,0.51,each,In Stock,2026-10-04T10:00:08.183182+00:00,Official foodbasics.ca Web Storefront,2026-10-01T04:00:00+00:00,2026-10-08T03:59:59+00:00,https://www.foodbasics.ca/aisles/bakery-bread/selection-everything-bagels-6-pack-p-20001200
CAN-SAVEON-20001201,saveon,Save-On,saveonfoods.com,"Cambie St, Vancouver",1982,BC - Greater Vancouver,V5K0A1,Pantry & Dry Staples,Rice & Grains,"Western Family Premium Jasmine Rice, 8 kg",Western Family,8 kg,22.43,22.43,NO,0.0,Regular Everyday Price,2.8,kg,In Stock,2026-10-04T10:00:14.624009+00:00,Official saveonfoods.com Web Storefront,2026-10-01T04:00:00+00:00,2026-10-08T03:59:59+00:00,https://www.saveonfoods.com/sm/pickup/rsid/1982/product/western-family-premium-jasmine-rice-8-kg-20001201
CAN-NOFRILLS-20001202,nofrills,No Frills,nofrills.ca,"Hastings St, Vancouver",3942,BC - Greater Vancouver,V5K0A1,Pantry & Dry Staples,Rice & Grains,"Rooster Brand Premium Jasmine Rice, 8 kg",Rooster Brand,8 kg,17.33,17.33,NO,0.0,Regular Everyday Price,2.17,kg,In Stock,2026-10-04T10:00:26.646065+00:00,Official nofrills.ca Web Storefront,2026-10-01T04:00:00+00:00,2026-10-08T03:59:59+00:00,https://www.nofrills.ca/en/rooster-brand-premium-jasmine-rice-8-kg/p/20001202_EA
CAN-WALMART-20001203,walmart,Walmart,walmart.ca,"Grandview Hwy, Vancouver",1128,BC - Greater Vancouver,V5K0A1,Pantry & Dry Staples,Rice & Grains,"Great Value Premium Jasmine Rice, 8 kg",Great Value,8 kg,17.31,17.31,NO,0.0,Regular Everyday Price,2.16,kg,In Stock,2026-10-04T10:00:34.598268+00:00,Official walmart.ca Web Storefront,2026-10-01T04:00:00+00:00,2026-10-08T03:59:59+00:00,https://www.walmart.ca/en/ip/great-value-premium-jasmine-rice-8-kg/60000001203
CAN-TNT-20001204,tnt,T&T,tntsupermarket.com,"Marine Gateway, Vancouver",012,BC - Greater Vancouver,V5K0A1,Pantry & Dry Staples,Rice & Grains,"Rooster Jasmine Premium Jasmine Rice, 8 kg",Rooster Jasmine,8 kg,16.2,16.2,NO,0.0,Regular Everyday Price,2.02,kg,In Stock,2026-10-04T10:00:44.608975+00:00,Official tntsupermarket.com Web Storefront,2026-10-01T04:00:00+00:00,2026-10-08T03:59:59+00:00,https://www.tntsupermarket.com/eng/2000120-rooster-jasmine-premium-jasmine-rice-8-kg.html
CAN-LOBLAWS-20001205,loblaws,Loblaws,loblaws.ca,"City Market Arbutus, Vancouver",1524,BC - Greater Vancouver,V5K0A1,Pantry & Dry Staples,Rice & Grains,"Rooster Brand Premium Jasmine Rice, 8 kg",Rooster Brand,8 kg,22.43,22.43,NO,0.0,Regular Everyday Price,2.8,kg,In Stock,2026-10-04T10:00:51.806996+00:00,Official loblaws.ca Web Storefront,2026-10-01T04:00:00+00:00,2026-10-08T03:59:59+00:00,https://www.loblaws.ca/en/rooster-brand-premium-jasmine-rice-8-kg/p/20001205_EA
CAN-COSTCO-20001206,costco,Costco,costco.ca,"Expo Blvd, Downtown Vancouver",0552,BC - Greater Vancouver,V5K0A1,Pantry & Dry Staples,Rice & Grains,"Kirkland Signature Premium Jasmine Rice, 10 kg",Kirkland Signature,10 kg,19.88,19.88,NO,0.0,Regular Everyday Price,1.99,kg,In Stock,2026-10-04T10:01:05.083414+00:00,Official costco.ca Web Storefront,2026-10-01T04:00:00+00:00,2026-10-08T03:59:59+00:00,https://www.costco.ca/kirkland-signature-premium-jasmine-rice-10-kg.product.001206.html
CAN-FRESHCO-20001207,freshco,FreshCo,freshco.com,"Broadmoor / Blundell, Richmond",9814,BC - Greater Vancouver,V5K0A1,Pantry & Dry Staples,Rice & Grains,"Compliments Premium Jasmine Rice, 8 kg",Compliments,8 kg,17.33,18.23,YES,0.9,Price Match Guarantee Deal - Save $0.90,2.17,kg,In Stock,2026-10-04T10:01:12.128152+00:00,Official freshco.com Web Storefront,2026-10-01T04:00:00+00:00,2026-10-08T03:59:59+00:00,https://freshco.com/products/compliments-premium-jasmine-rice-8-kg-20001207
CAN-SOBEYS-20001208,sobeys,Sobeys,sobeys.com,"Safeway Broadway, Vancouver",4920,BC - Greater Vancouver,V5K0A1,Pantry & Dry Staples,Rice & Grains,"Compliments Premium Jasmine Rice, 8 kg",Compliments,8 kg,22.43,22.43,NO,0.0,Regular Everyday Price,2.8,kg,In Stock,2026-10-04T10:01:25.538586+00:00,Official sobeys.com Web Storefront,2026-10-01T04:00:00+00:00,2026-10-08T03:59:59+00:00,https://www.sobeys.com/en/products/compliments-premium-jasmine-rice-8-kg-20001208
CAN-METRO-20001209,metro,Metro,metro.ca,"Western Fulfillment, Vancouver",8801,BC - Greater Vancouver,V5K0A1,Pantry & Dry Staples,Rice & Grains,"Selection Premium Jasmine Rice, 8 kg",Selection,8 kg,21.41,21.41,NO,0.0,Regular Everyday Price,2.68,kg,In Stock,2026-10-04T10:01:35.558318+00:00,Official metro.ca Web Storefront,2026-10-01T04:00:00+00:00,2026-10-08T03:59:59+00:00,https://www.metro.ca/en/online-grocery/aisles/pantry-dry-staples/selection-premium-jasmine-rice-8-kg-p-20001209
CAN-FOODBASICS-20001210,foodbasics,Food Basics,foodbasics.ca,"Western Regional, Vancouver",8802,BC - Greater Vancouver,V5K0A1,Pantry & Dry Staples,Rice & Grains,"Selection Premium Jasmine Rice, 8 kg",Selection,8 kg,17.33,17.33,NO,0.0,Regular Everyday Price,2.17,kg,In Stock,2026-10-04T10:01:44.232856+00:00,Official foodbasics.ca Web Storefront,2026-10-01T04:00:00+00:00,2026-10-08T03:59:59+00:00,https://www.foodbasics.ca/aisles/pantry-dry-staples/selection-premium-jasmine-rice-8-kg-p-20001210
CAN-SAVEON-20001211,saveon,Save-On,saveonfoods.com,"Cambie St, Vancouver",1982,BC - Greater Vancouver,V5K0A1,Pantry & Dry Staples,Pasta,"Western Family Traditional Spaghetti Pasta, 900 g",Western Family,900 g,2.74,2.74,NO,0.0,Regular Everyday Price,0.3,100g,In Stock,2026-10-04T10:01:52.896207+00:00,Official saveonfoods.com Web Storefront,2026-10-01T04:00:00+00:00,2026-10-08T03:59:59+00:00,https://www.saveonfoods.com/sm/pickup/rsid/1982/product/western-family-traditional-spaghetti-pasta-900-g-20001211
CAN-NOFRILLS-20001212,nofrills,No Frills,nofrills.ca,"Hastings St, Vancouver",3942,BC - Greater Vancouver,V5K0A1,Pantry & Dry Staples,Pasta,"Italpasta Traditional Spaghetti Pasta, 900 g",Italpasta,900 g,1.92,1.92,NO,0.0,Regular Everyday Price,0.21,100g,In Stock,2026-10-04T10:02:03.984082+00:00,Official nofrills.ca Web Storefront,2026-10-01T04:00:00+00:00,2026-10-08T03:59:59+00:00,https://www.nofrills.ca/en/italpasta-traditional-spaghetti-pasta-900-g/p/20001212_EA
CAN-WALMART-20001213,walmart,Walmart,walmart.ca,"Grandview Hwy, Vancouver",1128,BC - Greater Vancouver,V5K0A1,Pantry & Dry Staples,Pasta,"Great Value Traditional Spaghetti Pasta, 900 g",Great Value,900 g,1.91,1.91,NO,0.0,Regular Everyday Price,0.21,100g,In Stock,2026-10-04T10:02:18.833358+00:00,Official walmart.ca Web Storefront,2026-10-01T04:00:00+00:00,2026-10-08T03:59:59+00:00,https://www.walmart.ca/en/ip/great-value-traditional-spaghetti-pasta-900-g/60000001213
CAN-TNT-20001214,tnt,T&T,tntsupermarket.com,"Marine Gateway, Vancouver",012,BC - Greater Vancouver,V5K0A1,Pantry & Dry Staples,Pasta,"Barilla Traditional Spaghetti Pasta, 900 g",Barilla,900 g,2.53,3.13,YES,0.6,Weekly Feature Special - Save $0.60,0.28,100g,In Stock,2026-10-04T10:02:23.937975+00:00,Official tntsupermarket.com Web Storefront,2026-10-01T04:00:00+00:00,2026-10-08T03:59:59+00:00,https://www.tntsupermarket.com/eng/2000121-barilla-traditional-spaghetti-pasta-900-g.html
CAN-LOBLAWS-20001215,loblaws,Loblaws,loblaws.ca,"City Market Arbutus, Vancouver",1524,BC - Greater Vancouver,V5K0A1,Pantry & Dry Staples,Pasta,"President's Choice Traditional Spaghetti Pasta, 900 g",President's Choice,900 g,3.05,3.05,NO,0.0,Regular Everyday Price,0.34,100g,In Stock,2026-10-04T10:02:38.311466+00:00,Official loblaws.ca Web Storefront,2026-10-01T04:00:00+00:00,2026-10-08T03:59:59+00:00,https://www.loblaws.ca/en/presidents-choice-traditional-spaghetti-pasta-900-g/p/20001215_EA
CAN-COSTCO-20001216,costco,Costco,costco.ca,"Expo Blvd, Downtown Vancouver",0552,BC - Greater Vancouver,V5K0A1,Pantry & Dry Staples,Pasta,"Garofalo Organic Traditional Spaghetti Pasta, 8 x 500 g",Garofalo Organic,8 x 500 g,15.29,15.29,NO,0.0,Regular Everyday Price,3.06,100g,In Stock,2026-10-04T10:02:51.108099+00:00,Official costco.ca Web Storefront,2026-10-01T04:00:00+00:00,2026-10-08T03:59:59+00:00,https://www.costco.ca/garofalo-organic-traditional-spaghetti-pasta-8-x-500-g.product.001216.html
CAN-FRESHCO-20001217,freshco,FreshCo,freshco.com,"Broadmoor / Blundell, Richmond",9814,BC - Greater Vancouver,V5K0A1,Pantry & Dry Staples,Pasta,"Compliments Traditional Spaghetti Pasta, 900 g",Compliments,900 g,1.92,2.52,YES,0.6,Price Match Guarantee Deal - Save $0.60,0.21,100g,In Stock,2026-10-04T10:03:03.544807+00:00,Official freshco.com Web Storefront,2026-10-01T04:00:00+00:00,2026-10-08T03:59:59+00:00,https://freshco.com/products/compliments-traditional-spaghetti-pasta-900-g-20001217
CAN-SOBEYS-20001218,sobeys,Sobeys,sobeys.com,"Safeway Broadway, Vancouver",4920,BC - Greater Vancouver,V5K0A1,Pantry & Dry Staples,Pasta,"Compliments Traditional Spaghetti Pasta, 900 g",Compliments,900 g,3.05,3.05,NO,0.0,Regular Everyday Price,0.34,100g,In Stock,2026-10-04T10:03:17.053652+00:00,Official sobeys.com Web Storefront,2026-10-01T04:00:00+00:00,2026-10-08T03:59:59+00:00,https://www.sobeys.com/en/products/compliments-traditional-spaghetti-pasta-900-g-20001218
CAN-METRO-20001219,metro,Metro,metro.ca,"Western Fulfillment, Vancouver",8801,BC - Greater Vancouver,V5K0A1,Pantry & Dry Staples,Pasta,"Selection Traditional Spaghetti Pasta, 900 g",Selection,900 g,2.54,2.54,NO,0.0,Regular Everyday Price,0.28,100g,In Stock,2026-10-04T10:03:31.283049+00:00,Official metro.ca Web Storefront,2026-10-01T04:00:00+00:00,2026-10-08T03:59:59+00:00,https://www.metro.ca/en/online-grocery/aisles/pantry-dry-staples/selection-traditional-spaghetti-pasta-900-g-p-20001219
CAN-FOODBASICS-20001220,foodbasics,Food Basics,foodbasics.ca,"Western Regional, Vancouver",8802,BC - Greater Vancouver,V5K0A1,Pantry & Dry Staples,Pasta,"Selection Traditional Spaghetti Pasta, 900 g",Selection,900 g,1.92,1.92,NO,0.0,Regular Everyday Price,0.21,100g,In Stock,2026-10-04T10:03:40.016461+00:00,Official foodbasics.ca Web Storefront,2026-10-01T04:00:00+00:00,2026-10-08T03:59:59+00:00,https://www.foodbasics.ca/aisles/pantry-dry-staples/selection-traditional-spaghetti-pasta-900-g-p-20001220
CAN-SAVEON-20001221,saveon,Save-On,saveonfoods.com,"Cambie St, Vancouver",1982,BC - Greater Vancouver,V5K0A1,Pantry & Dry Staples,Baking,"Western Family All-Purpose White Flour, 2.5 kg",Western Family,2.5 kg,5.4,6.1,YES,0.7,Save $0.70 With More Rewards Card,2.16,kg,In Stock,2026-10-04T10:03:45.731086+00:00,Official saveonfoods.com Web Storefront,2026-10-01T04:00:00+00:00,2026-10-08T03:59:59+00:00,https://www.saveonfoods.com/sm/pickup/rsid/1982/product/western-family-all-purpose-white-flour-25-kg-20001221
CAN-NOFRILLS-20001222,nofrills,No Frills,nofrills.ca,"Hastings St, Vancouver",3942,BC - Greater Vancouver,V5K0A1,Pantry & Dry Staples,Baking,"No Name All-Purpose White Flour, 2.5 kg",No Name,2.5 kg,4.07,4.82,YES,0.75,Hit of the Month - Rollback $0.75,1.63,kg,In Stock,2026-10-04T10:03:51.471196+00:00,Official nofrills.ca Web Storefront,2026-10-01T04:00:00+00:00,2026-10-08T03:59:59+00:00,https://www.nofrills.ca/en/no-name-all-purpose-white-flour-25-kg/p/20001222_EA
CAN-WALMART-20001223,walmart,Walmart,walmart.ca,"Grandview Hwy, Vancouver",1128,BC - Greater Vancouver,V5K0A1,Pantry & Dry Staples,Baking,"Great Value All-Purpose White Flour, 2.5 kg",Great Value,2.5 kg,4.05,4.05,NO,0.0,Regular Everyday Price,1.62,kg,In Stock,2026-10-04T10:04:00.694207+00:00,Official walmart.ca Web Storefront,2026-10-01T04:00:00+00:00,2026-10-08T03:59:59+00:00,https://www.walmart.ca/en/ip/great-value-all-purpose-white-flour-25-kg/60000001223
CAN-TNT-20001224,tnt,T&T,tntsupermarket.com,"Marine Gateway, Vancouver",012,BC - Greater Vancouver,V5K0A1,Pantry & Dry Staples,Baking,"Five Roses All-Purpose White Flour, 2.5 kg",Five Roses,2.5 kg,4.77,4.77,NO,0.0,Regular Everyday Price,1.91,kg,In Stock,2026-10-04T10:04:11.595990+00:00,Official tntsupermarket.com Web Storefront,2026-10-01T04:00:00+00:00,2026-10-08T03:59:59+00:00,https://www.tntsupermarket.com/eng/2000122-five-roses-all-purpose-white-flour-25-kg.html
CAN-LOBLAWS-20001225,loblaws,Loblaws,loblaws.ca,"City Market Arbutus, Vancouver",1524,BC - Greater Vancouver,V5K0A1,Pantry & Dry Staples,Baking,"President's Choice All-Purpose White Flour, 2.5 kg",President's Choice,2.5 kg,5.6,5.6,NO,0.0,Regular Everyday Price,2.24,kg,In Stock,2026-10-04T10:04:17.003589+00:00,Official loblaws.ca Web Storefront,2026-10-01T04:00:00+00:00,2026-10-08T03:59:59+00:00,https://www.loblaws.ca/en/presidents-choice-all-purpose-white-flour-25-kg/p/20001225_EA
CAN-COSTCO-20001226,costco,Costco,costco.ca,"Expo Blvd, Downtown Vancouver",0552,BC - Greater Vancouver,V5K0A1,Pantry & Dry Staples,Baking,"Robin Hood All-Purpose White Flour, 10 kg",Robin Hood,10 kg,14.27,17.77,YES,3.5,Instant Savings $3.50 Off at Checkout,1.43,kg,In Stock,2026-10-04T10:04:26.383032+00:00,Official costco.ca Web Storefront,2026-10-01T04:00:00+00:00,2026-10-08T03:59:59+00:00,https://www.costco.ca/robin-hood-all-purpose-white-flour-10-kg.product.001226.html
CAN-FRESHCO-20001227,freshco,FreshCo,freshco.com,"Broadmoor / Blundell, Richmond",9814,BC - Greater Vancouver,V5K0A1,Pantry & Dry Staples,Baking,"Compliments All-Purpose White Flour, 2.5 kg",Compliments,2.5 kg,4.07,4.07,NO,0.0,Regular Everyday Price,1.63,kg,In Stock,2026-10-04T10:04:41.335706+00:00,Official freshco.com Web Storefront,2026-10-01T04:00:00+00:00,2026-10-08T03:59:59+00:00,https://freshco.com/products/compliments-all-purpose-white-flour-25-kg-20001227
CAN-SOBEYS-20001228,sobeys,Sobeys,sobeys.com,"Safeway Broadway, Vancouver",4920,BC - Greater Vancouver,V5K0A1,Pantry & Dry Staples,Baking,"Compliments All-Purpose White Flour, 2.5 kg",Compliments,2.5 kg,5.6,5.6,NO,0.0,Regular Everyday Price,2.24,kg,In Stock,2026-10-04T10:04:47.909482+00:00,Official sobeys.com Web Storefront,2026-10-01T04:00:00+00:00,2026-10-08T03:59:59+00:00,https://www.sobeys.com/en/products/compliments-all-purpose-white-flour-25-kg-20001228
CAN-METRO-20001229,metro,Metro,metro.ca,"Western Fulfillment, Vancouver",8801,BC - Greater Vancouver,V5K0A1,Pantry & Dry Staples,Baking,"Selection All-Purpose White Flour, 2.5 kg",Selection,2.5 kg,5.09,5.09,NO,0.0,Regular Everyday Price,2.04,kg,In Stock,2026-10-04T10:04:54.591977+00:00,Official metro.ca Web Storefront,2026-10-01T04:00:00+00:00,2026-10-08T03:59:59+00:00,https://www.metro.ca/en/online-grocery/aisles/pantry-dry-staples/selection-all-purpose-white-flour-25-kg-p-20001229
CAN-FOODBASICS-20001230,foodbasics,Food Basics,foodbasics.ca,"Western Regional, Vancouver",8802,BC - Greater Vancouver,V5K0A1,Pantry & Dry Staples,Baking,"Selection All-Purpose White Flour, 2.5 kg",Selection,2.5 kg,4.07,4.57,YES,0.5,Always More For Less - Save $0.50,1.63,kg,In Stock,2026-10-04T10:05:03.631344+00:00,Official foodbasics.ca Web Storefront,2026-10-01T04:00:00+00:00,2026-10-08T03:59:59+00:00,https://www.foodbasics.ca/aisles/pantry-dry-staples/selection-all-purpose-white-flour-25-kg-p-20001230
CAN-SAVEON-20001231,saveon,Save-On,saveonfoods.com,"Cambie St, Vancouver",1982,BC - Greater Vancouver,V5K0A1,Pantry & Dry Staples,Oils,"Western Family Pure Canola Cooking Oil, 3 L",Western Family,3 L,11.72,13.22,YES,1.5,Save $1.50 With More Rewards Card,3.91,L,In Stock,2026-10-04T10:05:06.893080+00:00,Official saveonfoods.com Web Storefront,2026-10-01T04:00:00+00:00,2026-10-08T03:59:59+00:00,https://www.saveonfoods.com/sm/pickup/rsid/1982/product/western-family-pure-canola-cooking-oil-3-l-20001231
CAN-NOFRILLS-20001232,nofrills,No Frills,nofrills.ca,"Hastings St, Vancouver",3942,BC - Greater Vancouver,V5K0A1,Pantry & Dry Staples,Oils,"No Name Pure Canola Cooking Oil, 3 L",No Name,3 L,9.17,9.92,YES,0.75,Hit of the Month - Rollback $0.75,3.06,L,In Stock,2026-10-04T10:05:15.196210+00:00,Official nofrills.ca Web Storefront,2026-10-01T04:00:00+00:00,2026-10-08T03:59:59+00:00,https://www.nofrills.ca/en/no-name-pure-canola-cooking-oil-3-l/p/20001232_EA
CAN-WALMART-20001233,walmart,Walmart,walmart.ca,"Grandview Hwy, Vancouver",1128,BC - Greater Vancouver,V5K0A1,Pantry & Dry Staples,Oils,"Great Value Pure Canola Cooking Oil, 3 L",Great Value,3 L,9.15,9.15,NO,0.0,Regular Everyday Price,3.05,L,In Stock,2026-10-04T10:05:23.552389+00:00,Official walmart.ca Web Storefront,2026-10-01T04:00:00+00:00,2026-10-08T03:59:59+00:00,https://www.walmart.ca/en/ip/great-value-pure-canola-cooking-oil-3-l/60000001233
CAN-TNT-20001234,tnt,T&T,tntsupermarket.com,"Marine Gateway, Vancouver",012,BC - Greater Vancouver,V5K0A1,Pantry & Dry Staples,Oils,"Rooster Brand Pure Canola Cooking Oil, 3 L",Rooster Brand,3 L,10.08,11.58,YES,1.5,Weekly Feature Special - Save $1.50,3.36,L,In Stock,2026-10-04T10:05:37.032787+00:00,Official tntsupermarket.com Web Storefront,2026-10-01T04:00:00+00:00,2026-10-08T03:59:59+00:00,https://www.tntsupermarket.com/eng/2000123-rooster-brand-pure-canola-cooking-oil-3-l.html
CAN-LOBLAWS-20001235,loblaws,Loblaws,loblaws.ca,"City Market Arbutus, Vancouver",1524,BC - Greater Vancouver,V5K0A1,Pantry & Dry Staples,Oils,"President's Choice Pure Canola Cooking Oil, 3 L",President's Choice,3 L,12.23,12.23,NO,0.0,Regular Everyday Price,4.08,L,In Stock,2026-10-04T10:05:47.342921+00:00,Official loblaws.ca Web Storefront,2026-10-01T04:00:00+00:00,2026-10-08T03:59:59+00:00,https://www.loblaws.ca/en/presidents-choice-pure-canola-cooking-oil-3-l/p/20001235_EA
CAN-COSTCO-20001236,costco,Costco,costco.ca,"Expo Blvd, Downtown Vancouver",0552,BC - Greater Vancouver,V5K0A1,Pantry & Dry Staples,Oils,"Kirkland Signature Pure Canola Cooking Oil, 5 L",Kirkland Signature,5 L,15.29,15.29,NO,0.0,Regular Everyday Price,3.06,L,In Stock,2026-10-04T10:05:53.277907+00:00,Official costco.ca Web Storefront,2026-10-01T04:00:00+00:00,2026-10-08T03:59:59+00:00,https://www.costco.ca/kirkland-signature-pure-canola-cooking-oil-5-l.product.001236.html
CAN-FRESHCO-20001237,freshco,FreshCo,freshco.com,"Broadmoor / Blundell, Richmond",9814,BC - Greater Vancouver,V5K0A1,Pantry & Dry Staples,Oils,"Compliments Pure Canola Cooking Oil, 3 L",Compliments,3 L,9.17,9.17,NO,0.0,Regular Everyday Price,3.06,L,In Stock,2026-10-04T10:06:02.621813+00:00,Official freshco.com Web Storefront,2026-10-01T04:00:00+00:00,2026-10-08T03:59:59+00:00,https://freshco.com/products/compliments-pure-canola-cooking-oil-3-l-20001237
CAN-SOBEYS-20001238,sobeys,Sobeys,sobeys.com,"Safeway Broadway, Vancouver",4920,BC - Greater Vancouver,V5K0A1,Pantry & Dry Staples,Oils,"Compliments Pure Canola Cooking Oil, 3 L",Compliments,3 L,12.23,13.48,YES,1.25,Scene+ Member Deal - Save $1.25,4.08,L,In Stock,2026-10-04T10:06:06.043958+00:00,Official sobeys.com Web Storefront,2026-10-01T04:00:00+00:00,2026-10-08T03:59:59+00:00,https://www.sobeys.com/en/products/compliments-pure-canola-cooking-oil-3-l-20001238
CAN-METRO-20001239,metro,Metro,metro.ca,"Western Fulfillment, Vancouver",8801,BC - Greater Vancouver,V5K0A1,Pantry & Dry Staples,Oils,"Selection Pure Canola Cooking Oil, 3 L",Selection,3 L,11.21,12.01,YES,0.8,Weekly Flyer Special - Save $0.80,3.74,L,In Stock,2026-10-04T10:06:15.791646+00:00,Official metro.ca Web Storefront,2026-10-01T04:00:00+00:00,2026-10-08T03:59:59+00:00,https://www.metro.ca/en/online-grocery/aisles/pantry-dry-staples/selection-pure-canola-cooking-oil-3-l-p-20001239
CAN-FOODBASICS-20001240,foodbasics,Food Basics,foodbasics.ca,"Western Regional, Vancouver",8802,BC - Greater Vancouver,V5K0A1,Pantry & Dry Staples,Oils,"Selection Pure Canola Cooking Oil, 3 L",Selection,3 L,9.17,9.17,NO,0.0,Regular Everyday Price,3.06,L,In Stock,2026-10-04T10:06:28.044145+00:00,Official foodbasics.ca Web Storefront,2026-10-01T04:00:00+00:00,2026-10-08T03:59:59+00:00,https://www.foodbasics.ca/aisles/pantry-dry-staples/selection-pure-canola-cooking-oil-3-l-p-20001240
CAN-SAVEON-20001241,saveon,Save-On,saveonfoods.com,"Cambie St, Vancouver",1982,BC - Greater Vancouver,V5K0A1,Pantry & Dry Staples,Oils,"Western Family Extra Virgin Olive Oil, 1 L",Western Family,1 L,16.31,16.31,NO,0.0,Regular Everyday Price,16.31,L,In Stock,2026-10-04T10:06:40.801213+00:00,Official saveonfoods.com Web Storefront,2026-10-01T04:00:00+00:00,2026-10-08T03:59:59+00:00,https://www.saveonfoods.com/sm/pickup/rsid/1982/product/western-family-extra-virgin-olive-oil-1-l-20001241
CAN-NOFRILLS-20001242,nofrills,No Frills,nofrills.ca,"Hastings St, Vancouver",3942,BC - Greater Vancouver,V5K0A1,Pantry & Dry Staples,Oils,"No Name Extra Virgin Olive Oil, 1 L",No Name,1 L,13.25,13.25,NO,0.0,Regular Everyday Price,13.25,L,In Stock,2026-10-04T10:06:44.787041+00:00,Official nofrills.ca Web Storefront,2026-10-01T04:00:00+00:00,2026-10-08T03:59:59+00:00,https://www.nofrills.ca/en/no-name-extra-virgin-olive-oil-1-l/p/20001242_EA
CAN-WALMART-20001243,walmart,Walmart,walmart.ca,"Grandview Hwy, Vancouver",1128,BC - Greater Vancouver,V5K0A1,Pantry & Dry Staples,Oils,"Great Value Extra Virgin Olive Oil, 1 L",Great Value,1 L,13.23,13.23,NO,0.0,Regular Everyday Price,13.23,L,In Stock,2026-10-04T10:06:56.412230+00:00,Official walmart.ca Web Storefront,2026-10-01T04:00:00+00:00,2026-10-08T03:59:59+00:00,https://www.walmart.ca/en/ip/great-value-extra-virgin-olive-oil-1-l/60000001243
CAN-TNT-20001244,tnt,T&T,tntsupermarket.com,"Marine Gateway, Vancouver",012,BC - Greater Vancouver,V5K0A1,Pantry & Dry Staples,Oils,"Bertolli Extra Virgin Olive Oil, 1 L",Bertolli,1 L,14.77,14.77,NO,0.0,Regular Everyday Price,14.77,L,In Stock,2026-10-04T10:07:00.801410+00:00,Official tntsupermarket.com Web Storefront,2026-10-01T04:00:00+00:00,2026-10-08T03:59:59+00:00,https://www.tntsupermarket.com/eng/2000124-bertolli-extra-virgin-olive-oil-1-l.html
CAN-LOBLAWS-20001245,loblaws,Loblaws,loblaws.ca,"City Market Arbutus, Vancouver",1524,BC - Greater Vancouver,V5K0A1,Pantry & Dry Staples,Oils,"PC Splendido Extra Virgin Olive Oil, 1 L",PC Splendido,1 L,16.82,18.82,YES,2.0,PC Optimum Member Price - Save $2.00,16.82,L,In Stock,2026-10-04T10:07:05.654316+00:00,Official loblaws.ca Web Storefront,2026-10-01T04:00:00+00:00,2026-10-08T03:59:59+00:00,https://www.loblaws.ca/en/pc-splendido-extra-virgin-olive-oil-1-l/p/20001245_EA
CAN-COSTCO-20001246,costco,Costco,costco.ca,"Expo Blvd, Downtown Vancouver",0552,BC - Greater Vancouver,V5K0A1,Pantry & Dry Staples,Oils,"Kirkland Signature Extra Virgin Olive Oil, 2 L",Kirkland Signature,2 L,25.49,25.49,NO,0.0,Regular Everyday Price,12.74,L,In Stock,2026-10-04T10:07:17.726579+00:00,Official costco.ca Web Storefront,2026-10-01T04:00:00+00:00,2026-10-08T03:59:59+00:00,https://www.costco.ca/kirkland-signature-extra-virgin-olive-oil-2-l.product.001246.html
CAN-FRESHCO-20001247,freshco,FreshCo,freshco.com,"Broadmoor / Blundell, Richmond",9814,BC - Greater Vancouver,V5K0A1,Pantry & Dry Staples,Oils,"Compliments Extra Virgin Olive Oil, 1 L",Compliments,1 L,13.25,13.25,NO,0.0,Regular Everyday Price,13.25,L,In Stock,2026-10-04T10:07:30.567861+00:00,Official freshco.com Web Storefront,2026-10-01T04:00:00+00:00,2026-10-08T03:59:59+00:00,https://freshco.com/products/compliments-extra-virgin-olive-oil-1-l-20001247
CAN-SOBEYS-20001248,sobeys,Sobeys,sobeys.com,"Safeway Broadway, Vancouver",4920,BC - Greater Vancouver,V5K0A1,Pantry & Dry Staples,Oils,"Panache Extra Virgin Olive Oil, 1 L",Panache,1 L,16.82,16.82,NO,0.0,Regular Everyday Price,16.82,L,In Stock,2026-10-04T10:07:38.981418+00:00,Official sobeys.com Web Storefront,2026-10-01T04:00:00+00:00,2026-10-08T03:59:59+00:00,https://www.sobeys.com/en/products/panache-extra-virgin-olive-oil-1-l-20001248
CAN-METRO-20001249,metro,Metro,metro.ca,"Western Fulfillment, Vancouver",8801,BC - Greater Vancouver,V5K0A1,Pantry & Dry Staples,Oils,"Irresistibles Extra Virgin Olive Oil, 1 L",Irresistibles,1 L,15.8,15.8,NO,0.0,Regular Everyday Price,15.8,L,In Stock,2026-10-04T10:07:53.083630+00:00,Official metro.ca Web Storefront,2026-10-01T04:00:00+00:00,2026-10-08T03:59:59+00:00,https://www.metro.ca/en/online-grocery/aisles/pantry-dry-staples/irresistibles-extra-virgin-olive-oil-1-l-p-20001249
CAN-FOODBASICS-20001250,foodbasics,Food Basics,foodbasics.ca,"Western Regional, Vancouver",8802,BC - Greater Vancouver,V5K0A1,Pantry & Dry Staples,Oils,"Selection Extra Virgin Olive Oil, 1 L",Selection,1 L,13.25,13.95,YES,0.7,Always More For Less - Save $0.70,13.25,L,In Stock,2026-10-04T10:07:58.546971+00:00,Official foodbasics.ca Web Storefront,2026-10-01T04:00:00+00:00,2026-10-08T03:59:59+00:00,https://www.foodbasics.ca/aisles/pantry-dry-staples/selection-extra-virgin-olive-oil-1-l-p-20001250
CAN-SAVEON-20001251,saveon,Save-On,saveonfoods.com,"Cambie St, Vancouver",1982,BC - Greater Vancouver,V5K0A1,Beverages,Coffee & Tea,"Western Family Medium Roast Ground Coffee, 925 g",Western Family,925 g,12.74,12.74,NO,0.0,Regular Everyday Price,1.38,100g,In Stock,2026-10-04T10:08:03.718221+00:00,Official saveonfoods.com Web Storefront,2026-10-01T04:00:00+00:00,2026-10-08T03:59:59+00:00,https://www.saveonfoods.com/sm/pickup/rsid/1982/product/western-family-medium-roast-ground-coffee-925-g-20001251
CAN-NOFRILLS-20001252,nofrills,No Frills,nofrills.ca,"Hastings St, Vancouver",3942,BC - Greater Vancouver,V5K0A1,Beverages,Coffee & Tea,"No Name Medium Roast Ground Coffee, 925 g",No Name,925 g,9.68,9.68,NO,0.0,Regular Everyday Price,1.05,100g,In Stock,2026-10-04T10:08:08.610341+00:00,Official nofrills.ca Web Storefront,2026-10-01T04:00:00+00:00,2026-10-08T03:59:59+00:00,https://www.nofrills.ca/en/no-name-medium-roast-ground-coffee-925-g/p/20001252_EA
CAN-WALMART-20001253,walmart,Walmart,walmart.ca,"Grandview Hwy, Vancouver",1128,BC - Greater Vancouver,V5K0A1,Beverages,Coffee & Tea,"Great Value Medium Roast Ground Coffee, 925 g",Great Value,925 g,9.66,9.66,NO,0.0,Regular Everyday Price,1.04,100g,In Stock,2026-10-04T10:08:15.098815+00:00,Official walmart.ca Web Storefront,2026-10-01T04:00:00+00:00,2026-10-08T03:59:59+00:00,https://www.walmart.ca/en/ip/great-value-medium-roast-ground-coffee-925-g/60000001253
CAN-TNT-20001254,tnt,T&T,tntsupermarket.com,"Marine Gateway, Vancouver",012,BC - Greater Vancouver,V5K0A1,Beverages,Coffee & Tea,"Tim Hortons Medium Roast Ground Coffee, 925 g",Tim Hortons,925 g,12.12,12.12,NO,0.0,Regular Everyday Price,1.31,100g,In Stock,2026-10-04T10:08:23.832359+00:00,Official tntsupermarket.com Web Storefront,2026-10-01T04:00:00+00:00,2026-10-08T03:59:59+00:00,https://www.tntsupermarket.com/eng/2000125-tim-hortons-medium-roast-ground-coffee-925-g.html
CAN-LOBLAWS-20001255,loblaws,Loblaws,loblaws.ca,"City Market Arbutus, Vancouver",1524,BC - Greater Vancouver,V5K0A1,Beverages,Coffee & Tea,"President's Choice Medium Roast Ground Coffee, 925 g",President's Choice,925 g,13.25,14.0,YES,0.75,PC Optimum Member Price - Save $0.75,1.43,100g,In Stock,2026-10-04T10:08:33.783378+00:00,Official loblaws.ca Web Storefront,2026-10-01T04:00:00+00:00,2026-10-08T03:59:59+00:00,https://www.loblaws.ca/en/presidents-choice-medium-roast-ground-coffee-925-g/p/20001255_EA
CAN-COSTCO-20001256,costco,Costco,costco.ca,"Expo Blvd, Downtown Vancouver",0552,BC - Greater Vancouver,V5K0A1,Beverages,Coffee & Tea,"Kirkland Signature Medium Roast Ground Coffee, 1.36 kg",Kirkland Signature,1.36 kg,19.37,19.37,NO,0.0,Regular Everyday Price,14.24,kg,In Stock,2026-10-04T10:08:39.534167+00:00,Official costco.ca Web Storefront,2026-10-01T04:00:00+00:00,2026-10-08T03:59:59+00:00,https://www.costco.ca/kirkland-signature-medium-roast-ground-coffee-136-kg.product.001256.html
CAN-FRESHCO-20001257,freshco,FreshCo,freshco.com,"Broadmoor / Blundell, Richmond",9814,BC - Greater Vancouver,V5K0A1,Beverages,Coffee & Tea,"Compliments Medium Roast Ground Coffee, 925 g",Compliments,925 g,9.68,9.68,NO,0.0,Regular Everyday Price,1.05,100g,In Stock,2026-10-04T10:08:43.663803+00:00,Official freshco.com Web Storefront,2026-10-01T04:00:00+00:00,2026-10-08T03:59:59+00:00,https://freshco.com/products/compliments-medium-roast-ground-coffee-925-g-20001257
CAN-SOBEYS-20001258,sobeys,Sobeys,sobeys.com,"Safeway Broadway, Vancouver",4920,BC - Greater Vancouver,V5K0A1,Beverages,Coffee & Tea,"Compliments Medium Roast Ground Coffee, 925 g",Compliments,925 g,13.25,13.25,NO,0.0,Regular Everyday Price,1.43,100g,In Stock,2026-10-04T10:08:51.101185+00:00,Official sobeys.com Web Storefront,2026-10-01T04:00:00+00:00,2026-10-08T03:59:59+00:00,https://www.sobeys.com/en/products/compliments-medium-roast-ground-coffee-925-g-20001258
CAN-METRO-20001259,metro,Metro,metro.ca,"Western Fulfillment, Vancouver",8801,BC - Greater Vancouver,V5K0A1,Beverages,Coffee & Tea,"Selection Medium Roast Ground Coffee, 925 g",Selection,925 g,12.23,12.23,NO,0.0,Regular Everyday Price,1.32,100g,In Stock,2026-10-04T10:08:56.831432+00:00,Official metro.ca Web Storefront,2026-10-01T04:00:00+00:00,2026-10-08T03:59:59+00:00,https://www.metro.ca/en/online-grocery/aisles/beverages/selection-medium-roast-ground-coffee-925-g-p-20001259
CAN-FOODBASICS-20001260,foodbasics,Food Basics,foodbasics.ca,"Western Regional, Vancouver",8802,BC - Greater Vancouver,V5K0A1,Beverages,Coffee & Tea,"Selection Medium Roast Ground Coffee, 925 g",Selection,925 g,9.68,9.68,NO,0.0,Regular Everyday Price,1.05,100g,In Stock,2026-10-04T10:09:07.652122+00:00,Official foodbasics.ca Web Storefront,2026-10-01T04:00:00+00:00,2026-10-08T03:59:59+00:00,https://www.foodbasics.ca/aisles/beverages/selection-medium-roast-ground-coffee-925-g-p-20001260
CAN-SAVEON-20001261,saveon,Save-On,saveonfoods.com,"Cambie St, Vancouver",1982,BC - Greater Vancouver,V5K0A1,Beverages,Juices,"Western Family Pure Orange Juice No Pulp, 2.5 L",Western Family,2.5 L,6.42,6.42,NO,0.0,Regular Everyday Price,2.57,L,In Stock,2026-10-04T10:09:16.483695+00:00,Official saveonfoods.com Web Storefront,2026-10-01T04:00:00+00:00,2026-10-08T03:59:59+00:00,https://www.saveonfoods.com/sm/pickup/rsid/1982/product/western-family-pure-orange-juice-no-pulp-25-l-20001261
CAN-NOFRILLS-20001262,nofrills,No Frills,nofrills.ca,"Hastings St, Vancouver",3942,BC - Greater Vancouver,V5K0A1,Beverages,Juices,"No Name Pure Orange Juice No Pulp, 2.5 L",No Name,2.5 L,5.09,5.09,NO,0.0,Regular Everyday Price,2.04,L,In Stock,2026-10-04T10:09:29.406862+00:00,Official nofrills.ca Web Storefront,2026-10-01T04:00:00+00:00,2026-10-08T03:59:59+00:00,https://www.nofrills.ca/en/no-name-pure-orange-juice-no-pulp-25-l/p/20001262_EA
CAN-WALMART-20001263,walmart,Walmart,walmart.ca,"Grandview Hwy, Vancouver",1128,BC - Greater Vancouver,V5K0A1,Beverages,Juices,"Great Value Pure Orange Juice No Pulp, 2.5 L",Great Value,2.5 L,5.07,6.04,YES,0.97,Rollback - Save $0.97,2.03,L,In Stock,2026-10-04T10:09:40.815067+00:00,Official walmart.ca Web Storefront,2026-10-01T04:00:00+00:00,2026-10-08T03:59:59+00:00,https://www.walmart.ca/en/ip/great-value-pure-orange-juice-no-pulp-25-l/60000001263
CAN-TNT-20001264,tnt,T&T,tntsupermarket.com,"Marine Gateway, Vancouver",012,BC - Greater Vancouver,V5K0A1,Beverages,Juices,"Oasis Pure Orange Juice No Pulp, 2.5 L",Oasis,2.5 L,5.59,5.59,NO,0.0,Regular Everyday Price,2.24,L,In Stock,2026-10-04T10:09:52.464466+00:00,Official tntsupermarket.com Web Storefront,2026-10-01T04:00:00+00:00,2026-10-08T03:59:59+00:00,https://www.tntsupermarket.com/eng/2000126-oasis-pure-orange-juice-no-pulp-25-l.html
CAN-LOBLAWS-20001265,loblaws,Loblaws,loblaws.ca,"City Market Arbutus, Vancouver",1524,BC - Greater Vancouver,V5K0A1,Beverages,Juices,"President's Choice Pure Orange Juice No Pulp, 2.5 L",President's Choice,2.5 L,6.62,8.62,YES,2.0,PC Optimum Member Price - Save $2.00,2.65,L,In Stock,2026-10-04T10:10:05.924755+00:00,Official loblaws.ca Web Storefront,2026-10-01T04:00:00+00:00,2026-10-08T03:59:59+00:00,https://www.loblaws.ca/en/presidents-choice-pure-orange-juice-no-pulp-25-l/p/20001265_EA
CAN-COSTCO-20001266,costco,Costco,costco.ca,"Expo Blvd, Downtown Vancouver",0552,BC - Greater Vancouver,V5K0A1,Beverages,Juices,"Kirkland Signature Pure Orange Juice No Pulp, 2 x 2.84 L",Kirkland Signature,2 x 2.84 L,10.19,14.19,YES,4.0,Instant Savings $4.00 Off at Checkout,3.59,L,In Stock,2026-10-04T10:10:19.208206+00:00,Official costco.ca Web Storefront,2026-10-01T04:00:00+00:00,2026-10-08T03:59:59+00:00,https://www.costco.ca/kirkland-signature-pure-orange-juice-no-pulp-2-x-284-l.product.001266.html
CAN-FRESHCO-20001267,freshco,FreshCo,freshco.com,"Broadmoor / Blundell, Richmond",9814,BC - Greater Vancouver,V5K0A1,Beverages,Juices,"Compliments Pure Orange Juice No Pulp, 2.5 L",Compliments,2.5 L,5.09,5.69,YES,0.6,Price Match Guarantee Deal - Save $0.60,2.04,L,In Stock,2026-10-04T10:10:24.819026+00:00,Official freshco.com Web Storefront,2026-10-01T04:00:00+00:00,2026-10-08T03:59:59+00:00,https://freshco.com/products/compliments-pure-orange-juice-no-pulp-25-l-20001267
CAN-SOBEYS-20001268,sobeys,Sobeys,sobeys.com,"Safeway Broadway, Vancouver",4920,BC - Greater Vancouver,V5K0A1,Beverages,Juices,"Compliments Pure Orange Juice No Pulp, 2.5 L",Compliments,2.5 L,6.62,6.62,NO,0.0,Regular Everyday Price,2.65,L,In Stock,2026-10-04T10:10:29.514248+00:00,Official sobeys.com Web Storefront,2026-10-01T04:00:00+00:00,2026-10-08T03:59:59+00:00,https://www.sobeys.com/en/products/compliments-pure-orange-juice-no-pulp-25-l-20001268
CAN-METRO-20001269,metro,Metro,metro.ca,"Western Fulfillment, Vancouver",8801,BC - Greater Vancouver,V5K0A1,Beverages,Juices,"Selection Pure Orange Juice No Pulp, 2.5 L",Selection,2.5 L,6.11,6.11,NO,0.0,Regular Everyday Price,2.44,L,In Stock,2026-10-04T10:10:36.070307+00:00,Official metro.ca Web Storefront,2026-10-01T04:00:00+00:00,2026-10-08T03:59:59+00:00,https://www.metro.ca/en/online-grocery/aisles/beverages/selection-pure-orange-juice-no-pulp-25-l-p-20001269
CAN-FOODBASICS-20001270,foodbasics,Food Basics,foodbasics.ca,"Western Regional, Vancouver",8802,BC - Greater Vancouver,V5K0A1,Beverages,Juices,"Selection Pure Orange Juice No Pulp, 2.5 L",Selection,2.5 L,5.09,5.09,NO,0.0,Regular Everyday Price,2.04,L,In Stock,2026-10-04T10:10:48.335842+00:00,Official foodbasics.ca Web Storefront,2026-10-01T04:00:00+00:00,2026-10-08T03:59:59+00:00,https://www.foodbasics.ca/aisles/beverages/selection-pure-orange-juice-no-pulp-25-l-p-20001270
CAN-SAVEON-20001271,saveon,Save-On,saveonfoods.com,"Cambie St, Vancouver",1982,BC - Greater Vancouver,V5K0A1,Frozen Foods,Frozen Fruit,"Western Family Frozen Wild Blueberries, 600 g",Western Family,600 g,5.91,5.91,NO,0.0,Regular Everyday Price,0.98,100g,In Stock,2026-10-04T10:11:00.326495+00:00,Official saveonfoods.com Web Storefront,2026-10-01T04:00:00+00:00,2026-10-08T03:59:59+00:00,https://www.saveonfoods.com/sm/pickup/rsid/1982/product/western-family-frozen-wild-blueberries-600-g-20001271
CAN-NOFRILLS-20001272,nofrills,No Frills,nofrills.ca,"Hastings St, Vancouver",3942,BC - Greater Vancouver,V5K0A1,Frozen Foods,Frozen Fruit,"No Name Frozen Wild Blueberries, 600 g",No Name,600 g,4.58,4.58,NO,0.0,Regular Everyday Price,0.76,100g,In Stock,2026-10-04T10:11:13.359910+00:00,Official nofrills.ca Web Storefront,2026-10-01T04:00:00+00:00,2026-10-08T03:59:59+00:00,https://www.nofrills.ca/en/no-name-frozen-wild-blueberries-600-g/p/20001272_EA
CAN-WALMART-20001273,walmart,Walmart,walmart.ca,"Grandview Hwy, Vancouver",1128,BC - Greater Vancouver,V5K0A1,Frozen Foods,Frozen Fruit,"Great Value Frozen Wild Blueberries, 600 g",Great Value,600 g,4.56,5.76,YES,1.2,Rollback - Save $1.20,0.76,100g,In Stock,2026-10-04T10:11:24.789313+00:00,Official walmart.ca Web Storefront,2026-10-01T04:00:00+00:00,2026-10-08T03:59:59+00:00,https://www.walmart.ca/en/ip/great-value-frozen-wild-blueberries-600-g/60000001273
CAN-TNT-20001274,tnt,T&T,tntsupermarket.com,"Marine Gateway, Vancouver",012,BC - Greater Vancouver,V5K0A1,Frozen Foods,Frozen Fruit,"T&T Brand Frozen Wild Blueberries, 600 g",T&T Brand,600 g,5.08,5.08,NO,0.0,Regular Everyday Price,0.85,100g,In Stock,2026-10-04T10:11:39.340793+00:00,Official tntsupermarket.com Web Storefront,2026-10-01T04:00:00+00:00,2026-10-08T03:59:59+00:00,https://www.tntsupermarket.com/eng/2000127-tt-brand-frozen-wild-blueberries-600-g.html
CAN-LOBLAWS-20001275,loblaws,Loblaws,loblaws.ca,"City Market Arbutus, Vancouver",1524,BC - Greater Vancouver,V5K0A1,Frozen Foods,Frozen Fruit,"PC Blue Menu Frozen Wild Blueberries, 600 g",PC Blue Menu,600 g,6.11,6.11,NO,0.0,Regular Everyday Price,1.02,100g,In Stock,2026-10-04T10:11:42.658217+00:00,Official loblaws.ca Web Storefront,2026-10-01T04:00:00+00:00,2026-10-08T03:59:59+00:00,https://www.loblaws.ca/en/pc-blue-menu-frozen-wild-blueberries-600-g/p/20001275_EA
CAN-COSTCO-20001276,costco,Costco,costco.ca,"Expo Blvd, Downtown Vancouver",0552,BC - Greater Vancouver,V5K0A1,Frozen Foods,Frozen Fruit,"Kirkland Signature Frozen Wild Blueberries, 2 kg",Kirkland Signature,2 kg,13.25,16.75,YES,3.5,Instant Savings $3.50 Off at Checkout,6.62,kg,In Stock,2026-10-04T10:11:46.418584+00:00,Official costco.ca Web Storefront,2026-10-01T04:00:00+00:00,2026-10-08T03:59:59+00:00,https://www.costco.ca/kirkland-signature-frozen-wild-blueberries-2-kg.product.001276.html
CAN-FRESHCO-20001277,freshco,FreshCo,freshco.com,"Broadmoor / Blundell, Richmond",9814,BC - Greater Vancouver,V5K0A1,Frozen Foods,Frozen Fruit,"Compliments Frozen Wild Blueberries, 600 g",Compliments,600 g,4.58,4.58,NO,0.0,Regular Everyday Price,0.76,100g,In Stock,2026-10-04T10:12:01.030995+00:00,Official freshco.com Web Storefront,2026-10-01T04:00:00+00:00,2026-10-08T03:59:59+00:00,https://freshco.com/products/compliments-frozen-wild-blueberries-600-g-20001277
CAN-SOBEYS-20001278,sobeys,Sobeys,sobeys.com,"Safeway Broadway, Vancouver",4920,BC - Greater Vancouver,V5K0A1,Frozen Foods,Frozen Fruit,"Compliments Frozen Wild Blueberries, 600 g",Compliments,600 g,6.11,6.11,NO,0.0,Regular Everyday Price,1.02,100g,In Stock,2026-10-04T10:12:13.142171+00:00,Official sobeys.com Web Storefront,2026-10-01T04:00:00+00:00,2026-10-08T03:59:59+00:00,https://www.sobeys.com/en/products/compliments-frozen-wild-blueberries-600-g-20001278
CAN-METRO-20001279,metro,Metro,metro.ca,"Western Fulfillment, Vancouver",8801,BC - Greater Vancouver,V5K0A1,Frozen Foods,Frozen Fruit,"Irresistibles Frozen Wild Blueberries, 600 g",Irresistibles,600 g,5.6,5.6,NO,0.0,Regular Everyday Price,0.93,100g,In Stock,2026-10-04T10:12:27.195768+00:00,Official metro.ca Web Storefront,2026-10-01T04:00:00+00:00,2026-10-08T03:59:59+00:00,https://www.metro.ca/en/online-grocery/aisles/frozen-foods/irresistibles-frozen-wild-blueberries-600-g-p-20001279
CAN-FOODBASICS-20001280,foodbasics,Food Basics,foodbasics.ca,"Western Regional, Vancouver",8802,BC - Greater Vancouver,V5K0A1,Frozen Foods,Frozen Fruit,"Selection Frozen Wild Blueberries, 600 g",Selection,600 g,4.58,4.58,NO,0.0,Regular Everyday Price,0.76,100g,In Stock,2026-10-04T10:12:34.972686+00:00,Official foodbasics.ca Web Storefront,2026-10-01T04:00:00+00:00,2026-10-08T03:59:59+00:00,https://www.foodbasics.ca/aisles/frozen-foods/selection-frozen-wild-blueberries-600-g-p-20001280
CAN-SAVEON-20001281,saveon,Save-On,saveonfoods.com,"Cambie St, Vancouver",1982,BC - Greater Vancouver,V5K0A1,Frozen Foods,Frozen Meals,"Western Family Deluxe Rising Crust Frozen Pizza, 780 g",Western Family,780 g,7.44,8.94,YES,1.5,Save $1.50 With More Rewards Card,0.95,100g,In Stock,2026-10-04T10:12:38.370997+00:00,Official saveonfoods.com Web Storefront,2026-10-01T04:00:00+00:00,2026-10-08T03:59:59+00:00,https://www.saveonfoods.com/sm/pickup/rsid/1982/product/western-family-deluxe-rising-crust-frozen-pizza-780-g-20001281
CAN-NOFRILLS-20001282,nofrills,No Frills,nofrills.ca,"Hastings St, Vancouver",3942,BC - Greater Vancouver,V5K0A1,Frozen Foods,Frozen Meals,"No Name Deluxe Rising Crust Frozen Pizza, 780 g",No Name,780 g,5.09,5.09,NO,0.0,Regular Everyday Price,0.65,100g,In Stock,2026-10-04T10:12:42.462453+00:00,Official nofrills.ca Web Storefront,2026-10-01T04:00:00+00:00,2026-10-08T03:59:59+00:00,https://www.nofrills.ca/en/no-name-deluxe-rising-crust-frozen-pizza-780-g/p/20001282_EA
CAN-WALMART-20001283,walmart,Walmart,walmart.ca,"Grandview Hwy, Vancouver",1128,BC - Greater Vancouver,V5K0A1,Frozen Foods,Frozen Meals,"Great Value Deluxe Rising Crust Frozen Pizza, 780 g",Great Value,780 g,5.07,6.04,YES,0.97,Rollback - Save $0.97,0.65,100g,In Stock,2026-10-04T10:12:57.442362+00:00,Official walmart.ca Web Storefront,2026-10-01T04:00:00+00:00,2026-10-08T03:59:59+00:00,https://www.walmart.ca/en/ip/great-value-deluxe-rising-crust-frozen-pizza-780-g/60000001283
CAN-TNT-20001284,tnt,T&T,tntsupermarket.com,"Marine Gateway, Vancouver",012,BC - Greater Vancouver,V5K0A1,Frozen Foods,Frozen Meals,"Dr. Oetker Deluxe Rising Crust Frozen Pizza, 780 g",Dr. Oetker,780 g,7.02,8.13,YES,1.11,Weekly Feature Special - Save $1.11,0.9,100g,In Stock,2026-10-04T10:13:03.597441+00:00,Official tntsupermarket.com Web Storefront,2026-10-01T04:00:00+00:00,2026-10-08T03:59:59+00:00,https://www.tntsupermarket.com/eng/2000128-dr-oetker-deluxe-rising-crust-frozen-pizza-780-g.html
CAN-LOBLAWS-20001285,loblaws,Loblaws,loblaws.ca,"City Market Arbutus, Vancouver",1524,BC - Greater Vancouver,V5K0A1,Frozen Foods,Frozen Meals,"President's Choice Deluxe Rising Crust Frozen Pizza, 780 g",President's Choice,780 g,7.64,9.14,YES,1.5,PC Optimum Member Price - Save $1.50,0.98,100g,In Stock,2026-10-04T10:13:18.095340+00:00,Official loblaws.ca Web Storefront,2026-10-01T04:00:00+00:00,2026-10-08T03:59:59+00:00,https://www.loblaws.ca/en/presidents-choice-deluxe-rising-crust-frozen-pizza-780-g/p/20001285_EA
CAN-COSTCO-20001286,costco,Costco,costco.ca,"Expo Blvd, Downtown Vancouver",0552,BC - Greater Vancouver,V5K0A1,Frozen Foods,Frozen Meals,"Delissio / Kirkland Deluxe Rising Crust Frozen Pizza, 4 pack",Delissio / Kirkland,4 pack,17.33,17.33,NO,0.0,Regular Everyday Price,4.33,each,In Stock,2026-10-04T10:13:25.984063+00:00,Official costco.ca Web Storefront,2026-10-01T04:00:00+00:00,2026-10-08T03:59:59+00:00,https://www.costco.ca/delissio-kirkland-deluxe-rising-crust-frozen-pizza-4-pack.product.001286.html
CAN-FRESHCO-20001287,freshco,FreshCo,freshco.com,"Broadmoor / Blundell, Richmond",9814,BC - Greater Vancouver,V5K0A1,Frozen Foods,Frozen Meals,"Compliments Deluxe Rising Crust Frozen Pizza, 780 g",Compliments,780 g,5.09,5.09,NO,0.0,Regular Everyday Price,0.65,100g,In Stock,2026-10-04T10:13:37.531144+00:00,Official freshco.com Web Storefront,2026-10-01T04:00:00+00:00,2026-10-08T03:59:59+00:00,https://freshco.com/products/compliments-deluxe-rising-crust-frozen-pizza-780-g-20001287
CAN-SOBEYS-20001288,sobeys,Sobeys,sobeys.com,"Safeway Broadway, Vancouver",4920,BC - Greater Vancouver,V5K0A1,Frozen Foods,Frozen Meals,"Compliments Deluxe Rising Crust Frozen Pizza, 780 g",Compliments,780 g,7.64,7.64,NO,0.0,Regular Everyday Price,0.98,100g,In Stock,2026-10-04T10:13:46.385142+00:00,Official sobeys.com Web Storefront,2026-10-01T04:00:00+00:00,2026-10-08T03:59:59+00:00,https://www.sobeys.com/en/products/compliments-deluxe-rising-crust-frozen-pizza-780-g-20001288
CAN-METRO-20001289,metro,Metro,metro.ca,"Western Fulfillment, Vancouver",8801,BC - Greater Vancouver,V5K0A1,Frozen Foods,Frozen Meals,"Selection Deluxe Rising Crust Frozen Pizza, 780 g",Selection,780 g,7.13,7.13,NO,0.0,Regular Everyday Price,0.91,100g,In Stock,2026-10-04T10:13:51.189760+00:00,Official metro.ca Web Storefront,2026-10-01T04:00:00+00:00,2026-10-08T03:59:59+00:00,https://www.metro.ca/en/online-grocery/aisles/frozen-foods/selection-deluxe-rising-crust-frozen-pizza-780-g-p-20001289
CAN-FOODBASICS-20001290,foodbasics,Food Basics,foodbasics.ca,"Western Regional, Vancouver",8802,BC - Greater Vancouver,V5K0A1,Frozen Foods,Frozen Meals,"Selection Deluxe Rising Crust Frozen Pizza, 780 g",Selection,780 g,5.09,5.09,NO,0.0,Regular Everyday Price,0.65,100g,In Stock,2026-10-04T10:14:04.293560+00:00,Official foodbasics.ca Web Storefront,2026-10-01T04:00:00+00:00,2026-10-08T03:59:59+00:00,https://www.foodbasics.ca/aisles/frozen-foods/selection-deluxe-rising-crust-frozen-pizza-780-g-p-20001290
CAN-SAVEON-20001291,saveon,Save-On,saveonfoods.com,"Cambie St, Vancouver",1982,BC - Greater Vancouver,V5K0A1,Snacks & Treats,Chips & Snacks,"Western Family Classic Sea Salt Potato Chips, 200 g",Western Family,200 g,3.25,3.25,NO,0.0,Regular Everyday Price,1.62,100g,In Stock,2026-10-04T10:14:18.897850+00:00,Official saveonfoods.com Web Storefront,2026-10-01T04:00:00+00:00,2026-10-08T03:59:59+00:00,https://www.saveonfoods.com/sm/pickup/rsid/1982/product/western-family-classic-sea-salt-potato-chips-200-g-20001291
CAN-NOFRILLS-20001292,nofrills,No Frills,nofrills.ca,"Hastings St, Vancouver",3942,BC - Greater Vancouver,V5K0A1,Snacks & Treats,Chips & Snacks,"No Name Classic Sea Salt Potato Chips, 200 g",No Name,200 g,2.03,2.03,NO,0.0,Regular Everyday Price,1.01,100g,In Stock,2026-10-04T10:14:22.856787+00:00,Official nofrills.ca Web Storefront,2026-10-01T04:00:00+00:00,2026-10-08T03:59:59+00:00,https://www.nofrills.ca/en/no-name-classic-sea-salt-potato-chips-200-g/p/20001292_EA
CAN-WALMART-20001293,walmart,Walmart,walmart.ca,"Grandview Hwy, Vancouver",1128,BC - Greater Vancouver,V5K0A1,Snacks & Treats,Chips & Snacks,"Great Value Classic Sea Salt Potato Chips, 200 g",Great Value,200 g,2.01,2.01,NO,0.0,Regular Everyday Price,1.0,100g,In Stock,2026-10-04T10:14:26.499146+00:00,Official walmart.ca Web Storefront,2026-10-01T04:00:00+00:00,2026-10-08T03:59:59+00:00,https://www.walmart.ca/en/ip/great-value-classic-sea-salt-potato-chips-200-g/60000001293
CAN-TNT-20001294,tnt,T&T,tntsupermarket.com,"Marine Gateway, Vancouver",012,BC - Greater Vancouver,V5K0A1,Snacks & Treats,Chips & Snacks,"Calbee / T&T Classic Sea Salt Potato Chips, 200 g",Calbee / T&T,200 g,2.73,3.84,YES,1.11,Weekly Feature Special - Save $1.11,1.36,100g,In Stock,2026-10-04T10:14:31.844289+00:00,Official tntsupermarket.com Web Storefront,2026-10-01T04:00:00+00:00,2026-10-08T03:59:59+00:00,https://www.tntsupermarket.com/eng/2000129-calbee-tt-classic-sea-salt-potato-chips-200-g.html
CAN-LOBLAWS-20001295,loblaws,Loblaws,loblaws.ca,"City Market Arbutus, Vancouver",1524,BC - Greater Vancouver,V5K0A1,Snacks & Treats,Chips & Snacks,"President's Choice Loads Of Classic Sea Salt Potato Chips, 200 g",President's Choice Loads Of,200 g,3.56,3.56,NO,0.0,Regular Everyday Price,1.78,100g,In Stock,2026-10-04T10:14:46.530847+00:00,Official loblaws.ca Web Storefront,2026-10-01T04:00:00+00:00,2026-10-08T03:59:59+00:00,https://www.loblaws.ca/en/presidents-choice-loads-of-classic-sea-salt-potato-chips-200-g/p/20001295_EA
CAN-COSTCO-20001296,costco,Costco,costco.ca,"Expo Blvd, Downtown Vancouver",0552,BC - Greater Vancouver,V5K0A1,Snacks & Treats,Chips & Snacks,"Kirkland Signature Classic Sea Salt Potato Chips, 907 g",Kirkland Signature,907 g,7.13,7.13,NO,0.0,Regular Everyday Price,0.79,100g,In Stock,2026-10-04T10:14:52.101902+00:00,Official costco.ca Web Storefront,2026-10-01T04:00:00+00:00,2026-10-08T03:59:59+00:00,https://www.costco.ca/kirkland-signature-classic-sea-salt-potato-chips-907-g.product.001296.html
CAN-FRESHCO-20001297,freshco,FreshCo,freshco.com,"Broadmoor / Blundell, Richmond",9814,BC - Greater Vancouver,V5K0A1,Snacks & Treats,Chips & Snacks,"Compliments Classic Sea Salt Potato Chips, 200 g",Compliments,200 g,2.03,2.93,YES,0.9,Price Match Guarantee Deal - Save $0.90,1.01,100g,In Stock,2026-10-04T10:15:00.583029+00:00,Official freshco.com Web Storefront,2026-10-01T04:00:00+00:00,2026-10-08T03:59:59+00:00,https://freshco.com/products/compliments-classic-sea-salt-potato-chips-200-g-20001297
CAN-SOBEYS-20001298,sobeys,Sobeys,sobeys.com,"Safeway Broadway, Vancouver",4920,BC - Greater Vancouver,V5K0A1,Snacks & Treats,Chips & Snacks,"Compliments Classic Sea Salt Potato Chips, 200 g",Compliments,200 g,3.56,3.56,NO,0.0,Regular Everyday Price,1.78,100g,In Stock,2026-10-04T10:15:14.673845+00:00,Official sobeys.com Web Storefront,2026-10-01T04:00:00+00:00,2026-10-08T03:59:59+00:00,https://www.sobeys.com/en/products/compliments-classic-sea-salt-potato-chips-200-g-20001298
CAN-METRO-20001299,metro,Metro,metro.ca,"Western Fulfillment, Vancouver",8801,BC - Greater Vancouver,V5K0A1,Snacks & Treats,Chips & Snacks,"Selection Classic Sea Salt Potato Chips, 200 g",Selection,200 g,3.05,3.05,NO,0.0,Regular Everyday Price,1.52,100g,In Stock,2026-10-04T10:15:23.934420+00:00,Official metro.ca Web Storefront,2026-10-01T04:00:00+00:00,2026-10-08T03:59:59+00:00,https://www.metro.ca/en/online-grocery/aisles/snacks-treats/selection-classic-sea-salt-potato-chips-200-g-p-20001299
CAN-FOODBASICS-20001300,foodbasics,Food Basics,foodbasics.ca,"Western Regional, Vancouver",8802,BC - Greater Vancouver,V5K0A1,Snacks & Treats,Chips & Snacks,"Selection Classic Sea Salt Potato Chips, 200 g",Selection,200 g,2.03,2.03,NO,0.0,Regular Everyday Price,1.01,100g,In Stock,2026-10-04T10:15:28.531747+00:00,Official foodbasics.ca Web Storefront,2026-10-01T04:00:00+00:00,2026-10-08T03:59:59+00:00,https://www.foodbasics.ca/aisles/snacks-treats/selection-classic-sea-salt-potato-chips-200-g-p-20001300
CAN-SAVEON-20001301,saveon,Save-On,saveonfoods.com,"Cambie St, Vancouver",1982,BC - Greater Vancouver,V5K0A1,Household & Essentials,Paper Products,"Western Family Ultra Paper Towels, 6 jumbo rolls",Western Family,6 jumbo rolls,13.76,14.76,YES,1.0,Save $1.00 With More Rewards Card,13.76,each,In Stock,2026-10-04T10:15:41.212538+00:00,Official saveonfoods.com Web Storefront,2026-10-01T04:00:00+00:00,2026-10-08T03:59:59+00:00,https://www.saveonfoods.com/sm/pickup/rsid/1982/product/western-family-ultra-paper-towels-6-jumbo-rolls-20001301
CAN-NOFRILLS-20001302,nofrills,No Frills,nofrills.ca,"Hastings St, Vancouver",3942,BC - Greater Vancouver,V5K0A1,Household & Essentials,Paper Products,"No Name Ultra Paper Towels, 6 jumbo rolls",No Name,6 jumbo rolls,10.19,10.19,NO,0.0,Regular Everyday Price,10.19,each,In Stock,2026-10-04T10:15:55.993258+00:00,Official nofrills.ca Web Storefront,2026-10-01T04:00:00+00:00,2026-10-08T03:59:59+00:00,https://www.nofrills.ca/en/no-name-ultra-paper-towels-6-jumbo-rolls/p/20001302_EA
CAN-WALMART-20001303,walmart,Walmart,walmart.ca,"Grandview Hwy, Vancouver",1128,BC - Greater Vancouver,V5K0A1,Household & Essentials,Paper Products,"Great Value Ultra Paper Towels, 6 jumbo rolls",Great Value,6 jumbo rolls,10.17,11.14,YES,0.97,Rollback - Save $0.97,10.17,each,In Stock,2026-10-04T10:16:10.204672+00:00,Official walmart.ca Web Storefront,2026-10-01T04:00:00+00:00,2026-10-08T03:59:59+00:00,https://www.walmart.ca/en/ip/great-value-ultra-paper-towels-6-jumbo-rolls/60000001303
CAN-TNT-20001304,tnt,T&T,tntsupermarket.com,"Marine Gateway, Vancouver",012,BC - Greater Vancouver,V5K0A1,Household & Essentials,Paper Products,"Royale Ultra Paper Towels, 6 jumbo rolls",Royale,6 jumbo rolls,13.14,13.14,NO,0.0,Regular Everyday Price,13.14,each,In Stock,2026-10-04T10:16:23.669341+00:00,Official tntsupermarket.com Web Storefront,2026-10-01T04:00:00+00:00,2026-10-08T03:59:59+00:00,https://www.tntsupermarket.com/eng/2000130-royale-ultra-paper-towels-6-jumbo-rolls.html
CAN-LOBLAWS-20001305,loblaws,Loblaws,loblaws.ca,"City Market Arbutus, Vancouver",1524,BC - Greater Vancouver,V5K0A1,Household & Essentials,Paper Products,"PC Green Ultra Paper Towels, 6 jumbo rolls",PC Green,6 jumbo rolls,14.78,14.78,NO,0.0,Regular Everyday Price,14.78,each,In Stock,2026-10-04T10:16:26.760422+00:00,Official loblaws.ca Web Storefront,2026-10-01T04:00:00+00:00,2026-10-08T03:59:59+00:00,https://www.loblaws.ca/en/pc-green-ultra-paper-towels-6-jumbo-rolls/p/20001305_EA
CAN-COSTCO-20001306,costco,Costco,costco.ca,"Expo Blvd, Downtown Vancouver",0552,BC - Greater Vancouver,V5K0A1,Household & Essentials,Paper Products,"Kirkland Signature Ultra Paper Towels, 12 jumbo rolls",Kirkland Signature,12 jumbo rolls,35.69,40.69,YES,5.0,Instant Savings $5.00 Off at Checkout,35.69,each,In Stock,2026-10-04T10:16:40.651210+00:00,Official costco.ca Web Storefront,2026-10-01T04:00:00+00:00,2026-10-08T03:59:59+00:00,https://www.costco.ca/kirkland-signature-ultra-paper-towels-12-jumbo-rolls.product.001306.html
CAN-FRESHCO-20001307,freshco,FreshCo,freshco.com,"Broadmoor / Blundell, Richmond",9814,BC - Greater Vancouver,V5K0A1,Household & Essentials,Paper Products,"Compliments Ultra Paper Towels, 6 jumbo rolls",Compliments,6 jumbo rolls,10.19,10.19,NO,0.0,Regular Everyday Price,10.19,each,In Stock,2026-10-04T10:16:46.812316+00:00,Official freshco.com Web Storefront,2026-10-01T04:00:00+00:00,2026-10-08T03:59:59+00:00,https://freshco.com/products/compliments-ultra-paper-towels-6-jumbo-rolls-20001307
CAN-SOBEYS-20001308,sobeys,Sobeys,sobeys.com,"Safeway Broadway, Vancouver",4920,BC - Greater Vancouver,V5K0A1,Household & Essentials,Paper Products,"Compliments Ultra Paper Towels, 6 jumbo rolls",Compliments,6 jumbo rolls,14.78,14.78,NO,0.0,Regular Everyday Price,14.78,each,In Stock,2026-10-04T10:16:59.505890+00:00,Official sobeys.com Web Storefront,2026-10-01T04:00:00+00:00,2026-10-08T03:59:59+00:00,https://www.sobeys.com/en/products/compliments-ultra-paper-towels-6-jumbo-rolls-20001308
CAN-METRO-20001309,metro,Metro,metro.ca,"Western Fulfillment, Vancouver",8801,BC - Greater Vancouver,V5K0A1,Household & Essentials,Paper Products,"Selection Ultra Paper Towels, 6 jumbo rolls",Selection,6 jumbo rolls,13.25,13.25,NO,0.0,Regular Everyday Price,13.25,each,In Stock,2026-10-04T10:17:08.308772+00:00,Official metro.ca Web Storefront,2026-10-01T04:00:00+00:00,2026-10-08T03:59:59+00:00,https://www.metro.ca/en/online-grocery/aisles/household-essentials/selection-ultra-paper-towels-6-jumbo-rolls-p-20001309
CAN-FOODBASICS-20001310,foodbasics,Food Basics,foodbasics.ca,"Western Regional, Vancouver",8802,BC - Greater Vancouver,V5K0A1,Household & Essentials,Paper Products,"Selection Ultra Paper Towels, 6 jumbo rolls",Selection,6 jumbo rolls,10.19,10.19,NO,0.0,Regular Everyday Price,10.19,each,In Stock,2026-10-04T10:17:17.869062+00:00,Official foodbasics.ca Web Storefront,2026-10-01T04:00:00+00:00,2026-10-08T03:59:59+00:00,https://www.foodbasics.ca/aisles/household-essentials/selection-ultra-paper-towels-6-jumbo-rolls-p-20001310
CAN-SAVEON-20001311,saveon,Save-On,saveonfoods.com,"Cambie St, Vancouver",1982,BC - Greater Vancouver,V5K0A1,Household & Essentials,Paper Products,"Western Family 2-Ply Bathroom Tissue, 12 double rolls",Western Family,12 double rolls,12.74,12.74,NO,0.0,Regular Everyday Price,12.74,each,In Stock,2026-10-04T10:17:31.828347+00:00,Official saveonfoods.com Web Storefront,2026-10-01T04:00:00+00:00,2026-10-08T03:59:59+00:00,https://www.saveonfoods.com/sm/pickup/rsid/1982/product/western-family-2-ply-bathroom-tissue-12-double-rolls-20001311
CAN-NOFRILLS-20001312,nofrills,No Frills,nofrills.ca,"Hastings St, Vancouver",3942,BC - Greater Vancouver,V5K0A1,Household & Essentials,Paper Products,"No Name 2-Ply Bathroom Tissue, 12 double rolls",No Name,12 double rolls,9.17,9.17,NO,0.0,Regular Everyday Price,9.17,each,In Stock,2026-10-04T10:17:36.099440+00:00,Official nofrills.ca Web Storefront,2026-10-01T04:00:00+00:00,2026-10-08T03:59:59+00:00,https://www.nofrills.ca/en/no-name-2-ply-bathroom-tissue-12-double-rolls/p/20001312_EA
CAN-WALMART-20001313,walmart,Walmart,walmart.ca,"Grandview Hwy, Vancouver",1128,BC - Greater Vancouver,V5K0A1,Household & Essentials,Paper Products,"Great Value 2-Ply Bathroom Tissue, 12 double rolls",Great Value,12 double rolls,9.15,9.15,NO,0.0,Regular Everyday Price,9.15,each,In Stock,2026-10-04T10:17:42.992144+00:00,Official walmart.ca Web Storefront,2026-10-01T04:00:00+00:00,2026-10-08T03:59:59+00:00,https://www.walmart.ca/en/ip/great-value-2-ply-bathroom-tissue-12-double-rolls/60000001313
CAN-TNT-20001314,tnt,T&T,tntsupermarket.com,"Marine Gateway, Vancouver",012,BC - Greater Vancouver,V5K0A1,Household & Essentials,Paper Products,"Cashmere 2-Ply Bathroom Tissue, 12 double rolls",Cashmere,12 double rolls,11.71,11.71,NO,0.0,Regular Everyday Price,11.71,each,In Stock,2026-10-04T10:17:52.951351+00:00,Official tntsupermarket.com Web Storefront,2026-10-01T04:00:00+00:00,2026-10-08T03:59:59+00:00,https://www.tntsupermarket.com/eng/2000131-cashmere-2-ply-bathroom-tissue-12-double-rolls.html
CAN-LOBLAWS-20001315,loblaws,Loblaws,loblaws.ca,"City Market Arbutus, Vancouver",1524,BC - Greater Vancouver,V5K0A1,Household & Essentials,Paper Products,"President's Choice 2-Ply Bathroom Tissue, 12 double rolls",President's Choice,12 double rolls,13.76,13.76,NO,0.0,Regular Everyday Price,13.76,each,In Stock,2026-10-04T10:17:56.893610+00:00,Official loblaws.ca Web Storefront,2026-10-01T04:00:00+00:00,2026-10-08T03:59:59+00:00,https://www.loblaws.ca/en/presidents-choice-2-ply-bathroom-tissue-12-double-rolls/p/20001315_EA
CAN-COSTCO-20001316,costco,Costco,costco.ca,"Expo Blvd, Downtown Vancouver",0552,BC - Greater Vancouver,V5K0A1,Household & Essentials,Paper Products,"Kirkland Signature 2-Ply Bathroom Tissue, 30 rolls / 380 sheets",Kirkland Signature,30 rolls / 380 sheets,25.49,30.49,YES,5.0,Instant Savings $5.00 Off at Checkout,0.85,each,In Stock,2026-10-04T10:18:10.227066+00:00,Official costco.ca Web Storefront,2026-10-01T04:00:00+00:00,2026-10-08T03:59:59+00:00,https://www.costco.ca/kirkland-signature-2-ply-bathroom-tissue-30-rolls-380-sheets.product.001316.html
CAN-FRESHCO-20001317,freshco,FreshCo,freshco.com,"Broadmoor / Blundell, Richmond",9814,BC - Greater Vancouver,V5K0A1,Household & Essentials,Paper Products,"Compliments 2-Ply Bathroom Tissue, 12 double rolls",Compliments,12 double rolls,9.17,9.17,NO,0.0,Regular Everyday Price,9.17,each,In Stock,2026-10-04T10:18:13.560036+00:00,Official freshco.com Web Storefront,2026-10-01T04:00:00+00:00,2026-10-08T03:59:59+00:00,https://freshco.com/products/compliments-2-ply-bathroom-tissue-12-double-rolls-20001317
CAN-SOBEYS-20001318,sobeys,Sobeys,sobeys.com,"Safeway Broadway, Vancouver",4920,BC - Greater Vancouver,V5K0A1,Household & Essentials,Paper Products,"Compliments 2-Ply Bathroom Tissue, 12 double rolls",Compliments,12 double rolls,13.76,13.76,NO,0.0,Regular Everyday Price,13.76,each,In Stock,2026-10-04T10:18:25.435079+00:00,Official sobeys.com Web Storefront,2026-10-01T04:00:00+00:00,2026-10-08T03:59:59+00:00,https://www.sobeys.com/en/products/compliments-2-ply-bathroom-tissue-12-double-rolls-20001318
CAN-METRO-20001319,metro,Metro,metro.ca,"Western Fulfillment, Vancouver",8801,BC - Greater Vancouver,V5K0A1,Household & Essentials,Paper Products,"Selection 2-Ply Bathroom Tissue, 12 double rolls",Selection,12 double rolls,12.23,13.53,YES,1.3,Weekly Flyer Special - Save $1.30,12.23,each,In Stock,2026-10-04T10:18:40.163133+00:00,Official metro.ca Web Storefront,2026-10-01T04:00:00+00:00,2026-10-08T03:59:59+00:00,https://www.metro.ca/en/online-grocery/aisles/household-essentials/selection-2-ply-bathroom-tissue-12-double-rolls-p-20001319
CAN-FOODBASICS-20001320,foodbasics,Food Basics,foodbasics.ca,"Western Regional, Vancouver",8802,BC - Greater Vancouver,V5K0A1,Household & Essentials,Paper Products,"Selection 2-Ply Bathroom Tissue, 12 double rolls",Selection,12 double rolls,9.17,9.67,YES,0.5,Always More For Less - Save $0.50,9.17,each,In Stock,2026-10-04T10:18:53.370020+00:00,Official foodbasics.ca Web Storefront,2026-10-01T04:00:00+00:00,2026-10-08T03:59:59+00:00,https://www.foodbasics.ca/aisles/household-essentials/selection-2-ply-bathroom-tissue-12-double-rolls-p-20001320
CAN-SAVEON-20001321,saveon,Save-On,saveonfoods.com,"Cambie St, Vancouver",1982,BC - Greater Vancouver,V5K0A1,Household & Essentials,Cleaning,"Western Family Liquid Laundry Detergent, 4.08 L",Western Family,4.08 L,15.8,15.8,NO,0.0,Regular Everyday Price,3.87,L,In Stock,2026-10-04T10:19:07.515561+00:00,Official saveonfoods.com Web Storefront,2026-10-01T04:00:00+00:00,2026-10-08T03:59:59+00:00,https://www.saveonfoods.com/sm/pickup/rsid/1982/product/western-family-liquid-laundry-detergent-408-l-20001321
CAN-NOFRILLS-20001322,nofrills,No Frills,nofrills.ca,"Hastings St, Vancouver",3942,BC - Greater Vancouver,V5K0A1,Household & Essentials,Cleaning,"No Name Liquid Laundry Detergent, 4.08 L",No Name,4.08 L,12.23,12.98,YES,0.75,Hit of the Month - Rollback $0.75,3.0,L,In Stock,2026-10-04T10:19:18.807387+00:00,Official nofrills.ca Web Storefront,2026-10-01T04:00:00+00:00,2026-10-08T03:59:59+00:00,https://www.nofrills.ca/en/no-name-liquid-laundry-detergent-408-l/p/20001322_EA
CAN-WALMART-20001323,walmart,Walmart,walmart.ca,"Grandview Hwy, Vancouver",1128,BC - Greater Vancouver,V5K0A1,Household & Essentials,Cleaning,"Great Value Liquid Laundry Detergent, 4.08 L",Great Value,4.08 L,12.21,12.21,NO,0.0,Regular Everyday Price,2.99,L,In Stock,2026-10-04T10:19:31.925250+00:00,Official walmart.ca Web Storefront,2026-10-01T04:00:00+00:00,2026-10-08T03:59:59+00:00,https://www.walmart.ca/en/ip/great-value-liquid-laundry-detergent-408-l/60000001323
CAN-TNT-20001324,tnt,T&T,tntsupermarket.com,"Marine Gateway, Vancouver",012,BC - Greater Vancouver,V5K0A1,Household & Essentials,Cleaning,"Tide Simply Liquid Laundry Detergent, 4.08 L",Tide Simply,4.08 L,14.77,16.27,YES,1.5,Weekly Feature Special - Save $1.50,3.62,L,In Stock,2026-10-04T10:19:42.218191+00:00,Official tntsupermarket.com Web Storefront,2026-10-01T04:00:00+00:00,2026-10-08T03:59:59+00:00,https://www.tntsupermarket.com/eng/2000132-tide-simply-liquid-laundry-detergent-408-l.html
CAN-LOBLAWS-20001325,loblaws,Loblaws,loblaws.ca,"City Market Arbutus, Vancouver",1524,BC - Greater Vancouver,V5K0A1,Household & Essentials,Cleaning,"President's Choice Liquid Laundry Detergent, 4.08 L",President's Choice,4.08 L,16.82,16.82,NO,0.0,Regular Everyday Price,4.12,L,In Stock,2026-10-04T10:19:52.922849+00:00,Official loblaws.ca Web Storefront,2026-10-01T04:00:00+00:00,2026-10-08T03:59:59+00:00,https://www.loblaws.ca/en/presidents-choice-liquid-laundry-detergent-408-l/p/20001325_EA
CAN-COSTCO-20001326,costco,Costco,costco.ca,"Expo Blvd, Downtown Vancouver",0552,BC - Greater Vancouver,V5K0A1,Household & Essentials,Cleaning,"Kirkland Signature Ultra Clean Liquid Laundry Detergent, 5.73 L / 146 loads",Kirkland Signature Ultra Clean,5.73 L / 146 loads,23.45,23.45,NO,0.0,Regular Everyday Price,4.09,L,In Stock,2026-10-04T10:19:58.252065+00:00,Official costco.ca Web Storefront,2026-10-01T04:00:00+00:00,2026-10-08T03:59:59+00:00,https://www.costco.ca/kirkland-signature-ultra-clean-liquid-laundry-detergent-573-l-146-loads.product.001326.html
CAN-FRESHCO-20001327,freshco,FreshCo,freshco.com,"Broadmoor / Blundell, Richmond",9814,BC - Greater Vancouver,V5K0A1,Household & Essentials,Cleaning,"Compliments Liquid Laundry Detergent, 4.08 L",Compliments,4.08 L,12.23,12.23,NO,0.0,Regular Everyday Price,3.0,L,In Stock,2026-10-04T10:20:08.727678+00:00,Official freshco.com Web Storefront,2026-10-01T04:00:00+00:00,2026-10-08T03:59:59+00:00,https://freshco.com/products/compliments-liquid-laundry-detergent-408-l-20001327
CAN-SOBEYS-20001328,sobeys,Sobeys,sobeys.com,"Safeway Broadway, Vancouver",4920,BC - Greater Vancouver,V5K0A1,Household & Essentials,Cleaning,"Compliments Liquid Laundry Detergent, 4.08 L",Compliments,4.08 L,16.82,16.82,NO,0.0,Regular Everyday Price,4.12,L,In Stock,2026-10-04T10:20:18.478794+00:00,Official sobeys.com Web Storefront,2026-10-01T04:00:00+00:00,2026-10-08T03:59:59+00:00,https://www.sobeys.com/en/products/compliments-liquid-laundry-detergent-408-l-20001328
CAN-METRO-20001329,metro,Metro,metro.ca,"Western Fulfillment, Vancouver",8801,BC - Greater Vancouver,V5K0A1,Household & Essentials,Cleaning,"Selection Liquid Laundry Detergent, 4.08 L",Selection,4.08 L,15.29,16.59,YES,1.3,Weekly Flyer Special - Save $1.30,3.75,L,In Stock,2026-10-04T10:20:22.916438+00:00,Official metro.ca Web Storefront,2026-10-01T04:00:00+00:00,2026-10-08T03:59:59+00:00,https://www.metro.ca/en/online-grocery/aisles/household-essentials/selection-liquid-laundry-detergent-408-l-p-20001329
CAN-FOODBASICS-20001330,foodbasics,Food Basics,foodbasics.ca,"Western Regional, Vancouver",8802,BC - Greater Vancouver,V5K0A1,Household & Essentials,Cleaning,"Selection Liquid Laundry Detergent, 4.08 L",Selection,4.08 L,12.23,12.23,NO,0.0,Regular Everyday Price,3.0,L,In Stock,2026-10-04T10:20:31.204721+00:00,Official foodbasics.ca Web Storefront,2026-10-01T04:00:00+00:00,2026-10-08T03:59:59+00:00,https://www.foodbasics.ca/aisles/household-essentials/selection-liquid-laundry-detergent-408-l-p-20001330
CAN-METRO-20001331,metro,Metro,metro.ca,"Front St / Liberty Village, Toronto",0742,ON - Greater Toronto Area,M5V2T6,Produce,Fruits,"Selection Cavendish Bananas, 1 kg",Selection,1 kg,1.87,1.87,NO,0.0,Regular Everyday Price,1.87,kg,In Stock,2026-10-04T10:20:44.316871+00:00,Official metro.ca Web Storefront,2026-10-01T04:00:00+00:00,2026-10-08T03:59:59+00:00,https://www.metro.ca/en/online-grocery/aisles/produce/selection-cavendish-bananas-1-kg-p-20001331
CAN-FOODBASICS-20001332,foodbasics,Food Basics,foodbasics.ca,"Wellesley St E, Toronto",0912,ON - Greater Toronto Area,M5V2T6,Produce,Fruits,"Selection Cavendish Bananas, 1 kg",Selection,1 kg,1.56,1.56,NO,0.0,Regular Everyday Price,1.56,kg,In Stock,2026-10-04T10:20:57.814685+00:00,Official foodbasics.ca Web Storefront,2026-10-01T04:00:00+00:00,2026-10-08T03:59:59+00:00,https://www.foodbasics.ca/aisles/produce/selection-cavendish-bananas-1-kg-p-20001332
CAN-SOBEYS-20001333,sobeys,Sobeys,sobeys.com,"Spadina Ave / Urban Fresh, Toronto",0651,ON - Greater Toronto Area,M5V2T6,Produce,Fruits,"Compliments Cavendish Bananas, 1 kg",Compliments,1 kg,1.91,1.91,NO,0.0,Regular Everyday Price,1.91,kg,In Stock,2026-10-04T10:21:06.412014+00:00,Official sobeys.com Web Storefront,2026-10-01T04:00:00+00:00,2026-10-08T03:59:59+00:00,https://www.sobeys.com/en/products/compliments-cavendish-bananas-1-kg-20001333
CAN-FRESHCO-20001334,freshco,FreshCo,freshco.com,"Parliament & Dundas, Toronto",9521,ON - Greater Toronto Area,M5V2T6,Produce,Fruits,"Compliments Cavendish Bananas, 1 kg",Compliments,1 kg,1.56,1.56,NO,0.0,Regular Everyday Price,1.56,kg,In Stock,2026-10-04T10:21:19.148709+00:00,Official freshco.com Web Storefront,2026-10-01T04:00:00+00:00,2026-10-08T03:59:59+00:00,https://freshco.com/products/compliments-cavendish-bananas-1-kg-20001334
CAN-COSTCO-20001335,costco,Costco,costco.ca,"Overlea Blvd, Thorncliffe, Toronto",1105,ON - Greater Toronto Area,M5V2T6,Produce,Fruits,"Kirkland Signature Cavendish Bananas, 1.36 kg",Kirkland Signature,1.36 kg,2.31,2.31,NO,0.0,Regular Everyday Price,1.7,kg,In Stock,2026-10-04T10:21:33.676926+00:00,Official costco.ca Web Storefront,2026-10-01T04:00:00+00:00,2026-10-08T03:59:59+00:00,https://www.costco.ca/kirkland-signature-cavendish-bananas-136-kg.product.001335.html
CAN-NOFRILLS-20001336,nofrills,No Frills,nofrills.ca,"Dufferin Mall, Toronto",3133,ON - Greater Toronto Area,M5V2T6,Produce,Fruits,"No Name Cavendish Bananas, 1 kg",No Name,1 kg,1.54,2.79,YES,1.25,Hit of the Month - Rollback $1.25,1.54,kg,In Stock,2026-10-04T10:21:41.974977+00:00,Official nofrills.ca Web Storefront,2026-10-01T04:00:00+00:00,2026-10-08T03:59:59+00:00,https://www.nofrills.ca/en/no-name-cavendish-bananas-1-kg/p/20001336_EA
CAN-WALMART-20001337,walmart,Walmart,walmart.ca,"Scarborough Town Centre, Toronto",3058,ON - Greater Toronto Area,M5V2T6,Produce,Fruits,"Great Value Cavendish Bananas, 1 kg",Great Value,1 kg,1.56,1.56,NO,0.0,Regular Everyday Price,1.56,kg,In Stock,2026-10-04T10:21:45.246270+00:00,Official walmart.ca Web Storefront,2026-10-01T04:00:00+00:00,2026-10-08T03:59:59+00:00,https://www.walmart.ca/en/ip/great-value-cavendish-bananas-1-kg/60000001337
CAN-TNT-20001338,tnt,T&T,tntsupermarket.com,"Fairview Mall / Markham, Toronto",008,ON - Greater Toronto Area,M5V2T6,Produce,Fruits,"T&T Fresh Cavendish Bananas, 1 kg",T&T Fresh,1 kg,1.74,1.74,NO,0.0,Regular Everyday Price,1.74,kg,In Stock,2026-10-04T10:21:53.123997+00:00,Official tntsupermarket.com Web Storefront,2026-10-01T04:00:00+00:00,2026-10-08T03:59:59+00:00,https://www.tntsupermarket.com/eng/2000133-tt-fresh-cavendish-bananas-1-kg.html
CAN-LOBLAWS-20001339,loblaws,Loblaws,loblaws.ca,"Queen & Portland, Toronto",1006,ON - Greater Toronto Area,M5V2T6,Produce,Fruits,"President's Choice Cavendish Bananas, 1 kg",President's Choice,1 kg,1.91,1.91,NO,0.0,Regular Everyday Price,1.91,kg,In Stock,2026-10-04T10:21:58.677911+00:00,Official loblaws.ca Web Storefront,2026-10-01T04:00:00+00:00,2026-10-08T03:59:59+00:00,https://www.loblaws.ca/en/presidents-choice-cavendish-bananas-1-kg/p/20001339_EA
CAN-SAVEON-20001340,saveon,Save-On,saveonfoods.com,Toronto Delivery Center,9901,ON - Greater Toronto Area,M5V2T6,Produce,Fruits,"Western Family Cavendish Bananas, 1 kg",Western Family,1 kg,1.78,2.78,YES,1.0,Save $1.00 With More Rewards Card,1.78,kg,In Stock,2026-10-04T10:22:07.760654+00:00,Official saveonfoods.com Web Storefront,2026-10-01T04:00:00+00:00,2026-10-08T03:59:59+00:00,https://www.saveonfoods.com/sm/pickup/rsid/9901/product/western-family-cavendish-bananas-1-kg-20001340
CAN-METRO-20001341,metro,Metro,metro.ca,"Front St / Liberty Village, Toronto",0742,ON - Greater Toronto Area,M5V2T6,Produce,Fruits,"Selection Royal Gala Apples, 3 lb bag",Selection,3 lb bag,5.34,7.34,YES,2.0,Weekly Flyer Special - Save $2.00,5.34,each,In Stock,2026-10-04T10:22:16.672448+00:00,Official metro.ca Web Storefront,2026-10-01T04:00:00+00:00,2026-10-08T03:59:59+00:00,https://www.metro.ca/en/online-grocery/aisles/produce/selection-royal-gala-apples-3-lb-bag-p-20001341
CAN-FOODBASICS-20001342,foodbasics,Food Basics,foodbasics.ca,"Wellesley St E, Toronto",0912,ON - Greater Toronto Area,M5V2T6,Produce,Fruits,"Selection Royal Gala Apples, 3 lb bag",Selection,3 lb bag,4.53,4.53,NO,0.0,Regular Everyday Price,4.53,each,In Stock,2026-10-04T10:22:20.284455+00:00,Official foodbasics.ca Web Storefront,2026-10-01T04:00:00+00:00,2026-10-08T03:59:59+00:00,https://www.foodbasics.ca/aisles/produce/selection-royal-gala-apples-3-lb-bag-p-20001342
CAN-SOBEYS-20001343,sobeys,Sobeys,sobeys.com,"Spadina Ave / Urban Fresh, Toronto",0651,ON - Greater Toronto Area,M5V2T6,Produce,Fruits,"Compliments Royal Gala Apples, 3 lb bag",Compliments,3 lb bag,5.54,5.54,NO,0.0,Regular Everyday Price,5.54,each,In Stock,2026-10-04T10:22:30.009654+00:00,Official sobeys.com Web Storefront,2026-10-01T04:00:00+00:00,2026-10-08T03:59:59+00:00,https://www.sobeys.com/en/products/compliments-royal-gala-apples-3-lb-bag-20001343
CAN-FRESHCO-20001344,freshco,FreshCo,freshco.com,"Parliament & Dundas, Toronto",9521,ON - Greater Toronto Area,M5V2T6,Produce,Fruits,"Compliments Royal Gala Apples, 3 lb bag",Compliments,3 lb bag,4.53,4.53,NO,0.0,Regular Everyday Price,4.53,each,In Stock,2026-10-04T10:22:39.565298+00:00,Official freshco.com Web Storefront,2026-10-01T04:00:00+00:00,2026-10-08T03:59:59+00:00,https://freshco.com/products/compliments-royal-gala-apples-3-lb-bag-20001344
CAN-COSTCO-20001345,costco,Costco,costco.ca,"Overlea Blvd, Thorncliffe, Toronto",1105,ON - Greater Toronto Area,M5V2T6,Produce,Fruits,"Kirkland Signature Royal Gala Apples, 6 lb bag",Kirkland Signature,6 lb bag,9.08,9.08,NO,0.0,Regular Everyday Price,9.08,each,In Stock,2026-10-04T10:22:44.936627+00:00,Official costco.ca Web Storefront,2026-10-01T04:00:00+00:00,2026-10-08T03:59:59+00:00,https://www.costco.ca/kirkland-signature-royal-gala-apples-6-lb-bag.product.001345.html
CAN-NOFRILLS-20001346,nofrills,No Frills,nofrills.ca,"Dufferin Mall, Toronto",3133,ON - Greater Toronto Area,M5V2T6,Produce,Fruits,"Farmer's Market Royal Gala Apples, 3 lb bag",Farmer's Market,3 lb bag,4.53,4.53,NO,0.0,Regular Everyday Price,4.53,each,In Stock,2026-10-04T10:22:54.047659+00:00,Official nofrills.ca Web Storefront,2026-10-01T04:00:00+00:00,2026-10-08T03:59:59+00:00,https://www.nofrills.ca/en/farmers-market-royal-gala-apples-3-lb-bag/p/20001346_EA
CAN-WALMART-20001347,walmart,Walmart,walmart.ca,"Scarborough Town Centre, Toronto",3058,ON - Greater Toronto Area,M5V2T6,Produce,Fruits,"Your Fresh Market Royal Gala Apples, 3 lb bag",Your Fresh Market,3 lb bag,4.51,5.01,YES,0.5,Rollback - Save $0.50,4.51,each,In Stock,2026-10-04T10:22:59.263683+00:00,Official walmart.ca Web Storefront,2026-10-01T04:00:00+00:00,2026-10-08T03:59:59+00:00,https://www.walmart.ca/en/ip/your-fresh-market-royal-gala-apples-3-lb-bag/60000001347
CAN-TNT-20001348,tnt,T&T,tntsupermarket.com,"Fairview Mall / Markham, Toronto",008,ON - Greater Toronto Area,M5V2T6,Produce,Fruits,"T&T Select Royal Gala Apples, 3 lb bag",T&T Select,3 lb bag,4.93,4.93,NO,0.0,Regular Everyday Price,4.93,each,In Stock,2026-10-04T10:23:09.460179+00:00,Official tntsupermarket.com Web Storefront,2026-10-01T04:00:00+00:00,2026-10-08T03:59:59+00:00,https://www.tntsupermarket.com/eng/2000134-tt-select-royal-gala-apples-3-lb-bag.html
CAN-LOBLAWS-20001349,loblaws,Loblaws,loblaws.ca,"Queen & Portland, Toronto",1006,ON - Greater Toronto Area,M5V2T6,Produce,Fruits,"President's Choice Royal Gala Apples, 3 lb bag",President's Choice,3 lb bag,5.54,5.54,NO,0.0,Regular Everyday Price,5.54,each,In Stock,2026-10-04T10:23:14.554692+00:00,Official loblaws.ca Web Storefront,2026-10-01T04:00:00+00:00,2026-10-08T03:59:59+00:00,https://www.loblaws.ca/en/presidents-choice-royal-gala-apples-3-lb-bag/p/20001349_EA
CAN-SAVEON-20001350,saveon,Save-On,saveonfoods.com,Toronto Delivery Center,9901,ON - Greater Toronto Area,M5V2T6,Produce,Fruits,"Western Family Royal Gala Apples, 3 lb bag",Western Family,3 lb bag,5.34,6.34,YES,1.0,Save $1.00 With More Rewards Card,5.34,each,In Stock,2026-10-04T10:23:20.551391+00:00,Official saveonfoods.com Web Storefront,2026-10-01T04:00:00+00:00,2026-10-08T03:59:59+00:00,https://www.saveonfoods.com/sm/pickup/rsid/9901/product/western-family-royal-gala-apples-3-lb-bag-20001350
CAN-METRO-20001351,metro,Metro,metro.ca,"Front St / Liberty Village, Toronto",0742,ON - Greater Toronto Area,M5V2T6,Produce,Fruits,"Selection Honeycrisp Apples, 1 kg",Selection,1 kg,6.35,6.35,NO,0.0,Regular Everyday Price,6.35,kg,In Stock,2026-10-04T10:23:35.208182+00:00,Official metro.ca Web Storefront,2026-10-01T04:00:00+00:00,2026-10-08T03:59:59+00:00,https://www.metro.ca/en/online-grocery/aisles/produce/selection-honeycrisp-apples-1-kg-p-20001351
CAN-FOODBASICS-20001352,foodbasics,Food Basics,foodbasics.ca,"Wellesley St E, Toronto",0912,ON - Greater Toronto Area,M5V2T6,Produce,Fruits,"Selection Honeycrisp Apples, 1 kg",Selection,1 kg,5.54,5.54,NO,0.0,Regular Everyday Price,5.54,kg,In Stock,2026-10-04T10:23:40.181835+00:00,Official foodbasics.ca Web Storefront,2026-10-01T04:00:00+00:00,2026-10-08T03:59:59+00:00,https://www.foodbasics.ca/aisles/produce/selection-honeycrisp-apples-1-kg-p-20001352
CAN-SOBEYS-20001353,sobeys,Sobeys,sobeys.com,"Spadina Ave / Urban Fresh, Toronto",0651,ON - Greater Toronto Area,M5V2T6,Produce,Fruits,"Compliments Honeycrisp Apples, 1 kg",Compliments,1 kg,6.55,6.55,NO,0.0,Regular Everyday Price,6.55,kg,In Stock,2026-10-04T10:23:54.906592+00:00,Official sobeys.com Web Storefront,2026-10-01T04:00:00+00:00,2026-10-08T03:59:59+00:00,https://www.sobeys.com/en/products/compliments-honeycrisp-apples-1-kg-20001353
CAN-FRESHCO-20001354,freshco,FreshCo,freshco.com,"Parliament & Dundas, Toronto",9521,ON - Greater Toronto Area,M5V2T6,Produce,Fruits,"Compliments Honeycrisp Apples, 1 kg",Compliments,1 kg,5.54,5.54,NO,0.0,Regular Everyday Price,5.54,kg,In Stock,2026-10-04T10:24:04.618928+00:00,Official freshco.com Web Storefront,2026-10-01T04:00:00+00:00,2026-10-08T03:59:59+00:00,https://freshco.com/products/compliments-honeycrisp-apples-1-kg-20001354
CAN-COSTCO-20001355,costco,Costco,costco.ca,"Overlea Blvd, Thorncliffe, Toronto",1105,ON - Greater Toronto Area,M5V2T6,Produce,Fruits,"Kirkland Signature Honeycrisp Apples, 2.5 kg",Kirkland Signature,2.5 kg,11.1,11.1,NO,0.0,Regular Everyday Price,4.44,kg,In Stock,2026-10-04T10:24:12.004513+00:00,Official costco.ca Web Storefront,2026-10-01T04:00:00+00:00,2026-10-08T03:59:59+00:00,https://www.costco.ca/kirkland-signature-honeycrisp-apples-25-kg.product.001355.html
CAN-NOFRILLS-20001356,nofrills,No Frills,nofrills.ca,"Dufferin Mall, Toronto",3133,ON - Greater Toronto Area,M5V2T6,Produce,Fruits,"Farmer's Market Honeycrisp Apples, 1 kg",Farmer's Market,1 kg,5.54,5.54,NO,0.0,Regular Everyday Price,5.54,kg,In Stock,2026-10-04T10:24:26.026220+00:00,Official nofrills.ca Web Storefront,2026-10-01T04:00:00+00:00,2026-10-08T03:59:59+00:00,https://www.nofrills.ca/en/farmers-market-honeycrisp-apples-1-kg/p/20001356_EA
CAN-WALMART-20001357,walmart,Walmart,walmart.ca,"Scarborough Town Centre, Toronto",3058,ON - Greater Toronto Area,M5V2T6,Produce,Fruits,"Your Fresh Market Honeycrisp Apples, 1 kg",Your Fresh Market,1 kg,5.3,6.5,YES,1.2,Rollback - Save $1.20,5.3,kg,In Stock,2026-10-04T10:24:35.567719+00:00,Official walmart.ca Web Storefront,2026-10-01T04:00:00+00:00,2026-10-08T03:59:59+00:00,https://www.walmart.ca/en/ip/your-fresh-market-honeycrisp-apples-1-kg/60000001357
CAN-TNT-20001358,tnt,T&T,tntsupermarket.com,"Fairview Mall / Markham, Toronto",008,ON - Greater Toronto Area,M5V2T6,Produce,Fruits,"T&T Select Honeycrisp Apples, 1 kg",T&T Select,1 kg,5.94,5.94,NO,0.0,Regular Everyday Price,5.94,kg,In Stock,2026-10-04T10:24:42.544296+00:00,Official tntsupermarket.com Web Storefront,2026-10-01T04:00:00+00:00,2026-10-08T03:59:59+00:00,https://www.tntsupermarket.com/eng/2000135-tt-select-honeycrisp-apples-1-kg.html
CAN-LOBLAWS-20001359,loblaws,Loblaws,loblaws.ca,"Queen & Portland, Toronto",1006,ON - Greater Toronto Area,M5V2T6,Produce,Fruits,"President's Choice Honeycrisp Apples, 1 kg",President's Choice,1 kg,6.55,6.55,NO,0.0,Regular Everyday Price,6.55,kg,In Stock,2026-10-04T10:24:50.238957+00:00,Official loblaws.ca Web Storefront,2026-10-01T04:00:00+00:00,2026-10-08T03:59:59+00:00,https://www.loblaws.ca/en/presidents-choice-honeycrisp-apples-1-kg/p/20001359_EA
CAN-SAVEON-20001360,saveon,Save-On,saveonfoods.com,Toronto Delivery Center,9901,ON - Greater Toronto Area,M5V2T6,Produce,Fruits,"Western Family Honeycrisp Apples, 1 kg",Western Family,1 kg,6.21,6.21,NO,0.0,Regular Everyday Price,6.21,kg,In Stock,2026-10-04T10:24:57.320082+00:00,Official saveonfoods.com Web Storefront,2026-10-01T04:00:00+00:00,2026-10-08T03:59:59+00:00,https://www.saveonfoods.com/sm/pickup/rsid/9901/product/western-family-honeycrisp-apples-1-kg-20001360
CAN-METRO-20001361,metro,Metro,metro.ca,"Front St / Liberty Village, Toronto",0742,ON - Greater Toronto Area,M5V2T6,Produce,Vegetables,"Selection Russet Baking Potatoes, 10 lb bag",Selection,10 lb bag,5.54,7.54,YES,2.0,Weekly Flyer Special - Save $2.00,5.54,each,In Stock,2026-10-04T10:25:07.800377+00:00,Official metro.ca Web Storefront,2026-10-01T04:00:00+00:00,2026-10-08T03:59:59+00:00,https://www.metro.ca/en/online-grocery/aisles/produce/selection-russet-baking-potatoes-10-lb-bag-p-20001361
CAN-FOODBASICS-20001362,foodbasics,Food Basics,foodbasics.ca,"Wellesley St E, Toronto",0912,ON - Greater Toronto Area,M5V2T6,Produce,Vegetables,"Selection Russet Baking Potatoes, 10 lb bag",Selection,10 lb bag,4.53,4.53,NO,0.0,Regular Everyday Price,4.53,each,In Stock,2026-10-04T10:25:13.467345+00:00,Official foodbasics.ca Web Storefront,2026-10-01T04:00:00+00:00,2026-10-08T03:59:59+00:00,https://www.foodbasics.ca/aisles/produce/selection-russet-baking-potatoes-10-lb-bag-p-20001362
CAN-SOBEYS-20001363,sobeys,Sobeys,sobeys.com,"Spadina Ave / Urban Fresh, Toronto",0651,ON - Greater Toronto Area,M5V2T6,Produce,Vegetables,"Compliments Russet Baking Potatoes, 10 lb bag",Compliments,10 lb bag,6.05,7.55,YES,1.5,Scene+ Member Deal - Save $1.50,6.05,each,In Stock,2026-10-04T10:25:18.864248+00:00,Official sobeys.com Web Storefront,2026-10-01T04:00:00+00:00,2026-10-08T03:59:59+00:00,https://www.sobeys.com/en/products/compliments-russet-baking-potatoes-10-lb-bag-20001363
CAN-FRESHCO-20001364,freshco,FreshCo,freshco.com,"Parliament & Dundas, Toronto",9521,ON - Greater Toronto Area,M5V2T6,Produce,Vegetables,"Compliments Russet Baking Potatoes, 10 lb bag",Compliments,10 lb bag,4.53,4.53,NO,0.0,Regular Everyday Price,4.53,each,In Stock,2026-10-04T10:25:27.049425+00:00,Official freshco.com Web Storefront,2026-10-01T04:00:00+00:00,2026-10-08T03:59:59+00:00,https://freshco.com/products/compliments-russet-baking-potatoes-10-lb-bag-20001364
CAN-COSTCO-20001365,costco,Costco,costco.ca,"Overlea Blvd, Thorncliffe, Toronto",1105,ON - Greater Toronto Area,M5V2T6,Produce,Vegetables,"Kirkland Signature Russet Baking Potatoes, 15 lb bag",Kirkland Signature,15 lb bag,8.07,8.07,NO,0.0,Regular Everyday Price,8.07,each,In Stock,2026-10-04T10:25:30.272927+00:00,Official costco.ca Web Storefront,2026-10-01T04:00:00+00:00,2026-10-08T03:59:59+00:00,https://www.costco.ca/kirkland-signature-russet-baking-potatoes-15-lb-bag.product.001365.html
CAN-NOFRILLS-20001366,nofrills,No Frills,nofrills.ca,"Dufferin Mall, Toronto",3133,ON - Greater Toronto Area,M5V2T6,Produce,Vegetables,"No Name Russet Baking Potatoes, 10 lb bag",No Name,10 lb bag,4.53,4.53,NO,0.0,Regular Everyday Price,4.53,each,In Stock,2026-10-04T10:25:34.829035+00:00,Official nofrills.ca Web Storefront,2026-10-01T04:00:00+00:00,2026-10-08T03:59:59+00:00,https://www.nofrills.ca/en/no-name-russet-baking-potatoes-10-lb-bag/p/20001366_EA
CAN-WALMART-20001367,walmart,Walmart,walmart.ca,"Scarborough Town Centre, Toronto",3058,ON - Greater Toronto Area,M5V2T6,Produce,Vegetables,"Great Value Russet Baking Potatoes, 10 lb bag",Great Value,10 lb bag,4.51,4.51,NO,0.0,Regular Everyday Price,4.51,each,In Stock,2026-10-04T10:25:47.352470+00:00,Official walmart.ca Web Storefront,2026-10-01T04:00:00+00:00,2026-10-08T03:59:59+00:00,https://www.walmart.ca/en/ip/great-value-russet-baking-potatoes-10-lb-bag/60000001367
CAN-TNT-20001368,tnt,T&T,tntsupermarket.com,"Fairview Mall / Markham, Toronto",008,ON - Greater Toronto Area,M5V2T6,Produce,Vegetables,"Rooster Brand Russet Baking Potatoes, 10 lb bag",Rooster Brand,10 lb bag,5.04,5.04,NO,0.0,Regular Everyday Price,5.04,each,In Stock,2026-10-04T10:25:56.931126+00:00,Official tntsupermarket.com Web Storefront,2026-10-01T04:00:00+00:00,2026-10-08T03:59:59+00:00,https://www.tntsupermarket.com/eng/2000136-rooster-brand-russet-baking-potatoes-10-lb-bag.html
CAN-LOBLAWS-20001369,loblaws,Loblaws,loblaws.ca,"Queen & Portland, Toronto",1006,ON - Greater Toronto Area,M5V2T6,Produce,Vegetables,"President's Choice Russet Baking Potatoes, 10 lb bag",President's Choice,10 lb bag,6.05,6.05,NO,0.0,Regular Everyday Price,6.05,each,In Stock,2026-10-04T10:26:05.545215+00:00,Official loblaws.ca Web Storefront,2026-10-01T04:00:00+00:00,2026-10-08T03:59:59+00:00,https://www.loblaws.ca/en/presidents-choice-russet-baking-potatoes-10-lb-bag/p/20001369_EA
CAN-SAVEON-20001370,saveon,Save-On,saveonfoods.com,Toronto Delivery Center,9901,ON - Greater Toronto Area,M5V2T6,Produce,Vegetables,"Western Family Russet Baking Potatoes, 10 lb bag",Western Family,10 lb bag,6.05,6.05,NO,0.0,Regular Everyday Price,6.05,each,In Stock,2026-10-04T10:26:18.628693+00:00,Official saveonfoods.com Web Storefront,2026-10-01T04:00:00+00:00,2026-10-08T03:59:59+00:00,https://www.saveonfoods.com/sm/pickup/rsid/9901/product/western-family-russet-baking-potatoes-10-lb-bag-20001370
CAN-METRO-20001371,metro,Metro,metro.ca,"Front St / Liberty Village, Toronto",0742,ON - Greater Toronto Area,M5V2T6,Produce,Vegetables,"Selection Yellow Cooking Onions, 3 lb bag",Selection,3 lb bag,3.32,3.32,NO,0.0,Regular Everyday Price,3.32,each,In Stock,2026-10-04T10:26:29.430948+00:00,Official metro.ca Web Storefront,2026-10-01T04:00:00+00:00,2026-10-08T03:59:59+00:00,https://www.metro.ca/en/online-grocery/aisles/produce/selection-yellow-cooking-onions-3-lb-bag-p-20001371
CAN-FOODBASICS-20001372,foodbasics,Food Basics,foodbasics.ca,"Wellesley St E, Toronto",0912,ON - Greater Toronto Area,M5V2T6,Produce,Vegetables,"Selection Yellow Cooking Onions, 3 lb bag",Selection,3 lb bag,2.51,2.51,NO,0.0,Regular Everyday Price,2.51,each,In Stock,2026-10-04T10:26:38.705659+00:00,Official foodbasics.ca Web Storefront,2026-10-01T04:00:00+00:00,2026-10-08T03:59:59+00:00,https://www.foodbasics.ca/aisles/produce/selection-yellow-cooking-onions-3-lb-bag-p-20001372
CAN-SOBEYS-20001373,sobeys,Sobeys,sobeys.com,"Spadina Ave / Urban Fresh, Toronto",0651,ON - Greater Toronto Area,M5V2T6,Produce,Vegetables,"Compliments Yellow Cooking Onions, 3 lb bag",Compliments,3 lb bag,3.52,3.52,NO,0.0,Regular Everyday Price,3.52,each,In Stock,2026-10-04T10:26:41.810868+00:00,Official sobeys.com Web Storefront,2026-10-01T04:00:00+00:00,2026-10-08T03:59:59+00:00,https://www.sobeys.com/en/products/compliments-yellow-cooking-onions-3-lb-bag-20001373
CAN-FRESHCO-20001374,freshco,FreshCo,freshco.com,"Parliament & Dundas, Toronto",9521,ON - Greater Toronto Area,M5V2T6,Produce,Vegetables,"Compliments Yellow Cooking Onions, 3 lb bag",Compliments,3 lb bag,2.51,3.61,YES,1.1,Price Match Guarantee Deal - Save $1.10,2.51,each,In Stock,2026-10-04T10:26:50.507190+00:00,Official freshco.com Web Storefront,2026-10-01T04:00:00+00:00,2026-10-08T03:59:59+00:00,https://freshco.com/products/compliments-yellow-cooking-onions-3-lb-bag-20001374
CAN-COSTCO-20001375,costco,Costco,costco.ca,"Overlea Blvd, Thorncliffe, Toronto",1105,ON - Greater Toronto Area,M5V2T6,Produce,Vegetables,"Kirkland Signature Yellow Cooking Onions, 10 lb bag",Kirkland Signature,10 lb bag,6.05,8.55,YES,2.5,Instant Savings $2.50 Off at Checkout,6.05,each,In Stock,2026-10-04T10:27:02.245088+00:00,Official costco.ca Web Storefront,2026-10-01T04:00:00+00:00,2026-10-08T03:59:59+00:00,https://www.costco.ca/kirkland-signature-yellow-cooking-onions-10-lb-bag.product.001375.html
CAN-NOFRILLS-20001376,nofrills,No Frills,nofrills.ca,"Dufferin Mall, Toronto",3133,ON - Greater Toronto Area,M5V2T6,Produce,Vegetables,"No Name Yellow Cooking Onions, 3 lb bag",No Name,3 lb bag,2.51,2.51,NO,0.0,Regular Everyday Price,2.51,each,In Stock,2026-10-04T10:27:15.764091+00:00,Official nofrills.ca Web Storefront,2026-10-01T04:00:00+00:00,2026-10-08T03:59:59+00:00,https://www.nofrills.ca/en/no-name-yellow-cooking-onions-3-lb-bag/p/20001376_EA
CAN-WALMART-20001377,walmart,Walmart,walmart.ca,"Scarborough Town Centre, Toronto",3058,ON - Greater Toronto Area,M5V2T6,Produce,Vegetables,"Great Value Yellow Cooking Onions, 3 lb bag",Great Value,3 lb bag,2.49,2.49,NO,0.0,Regular Everyday Price,2.49,each,In Stock,2026-10-04T10:27:28.536778+00:00,Official walmart.ca Web Storefront,2026-10-01T04:00:00+00:00,2026-10-08T03:59:59+00:00,https://www.walmart.ca/en/ip/great-value-yellow-cooking-onions-3-lb-bag/60000001377
CAN-TNT-20001378,tnt,T&T,tntsupermarket.com,"Fairview Mall / Markham, Toronto",008,ON - Greater Toronto Area,M5V2T6,Produce,Vegetables,"Rooster Brand Yellow Cooking Onions, 3 lb bag",Rooster Brand,3 lb bag,2.71,2.71,NO,0.0,Regular Everyday Price,2.71,each,In Stock,2026-10-04T10:27:33.872956+00:00,Official tntsupermarket.com Web Storefront,2026-10-01T04:00:00+00:00,2026-10-08T03:59:59+00:00,https://www.tntsupermarket.com/eng/2000137-rooster-brand-yellow-cooking-onions-3-lb-bag.html
CAN-LOBLAWS-20001379,loblaws,Loblaws,loblaws.ca,"Queen & Portland, Toronto",1006,ON - Greater Toronto Area,M5V2T6,Produce,Vegetables,"President's Choice Yellow Cooking Onions, 3 lb bag",President's Choice,3 lb bag,3.52,3.52,NO,0.0,Regular Everyday Price,3.52,each,In Stock,2026-10-04T10:27:40.275120+00:00,Official loblaws.ca Web Storefront,2026-10-01T04:00:00+00:00,2026-10-08T03:59:59+00:00,https://www.loblaws.ca/en/presidents-choice-yellow-cooking-onions-3-lb-bag/p/20001379_EA
CAN-SAVEON-20001380,saveon,Save-On,saveonfoods.com,Toronto Delivery Center,9901,ON - Greater Toronto Area,M5V2T6,Produce,Vegetables,"Western Family Yellow Cooking Onions, 3 lb bag",Western Family,3 lb bag,3.32,3.32,NO,0.0,Regular Everyday Price,3.32,each,In Stock,2026-10-04T10:27:45.191742+00:00,Official saveonfoods.com Web Storefront,2026-10-01T04:00:00+00:00,2026-10-08T03:59:59+00:00,https://www.saveonfoods.com/sm/pickup/rsid/9901/product/western-family-yellow-cooking-onions-3-lb-bag-20001380
CAN-METRO-20001381,metro,Metro,metro.ca,"Front St / Liberty Village, Toronto",0742,ON - Greater Toronto Area,M5V2T6,Produce,Vegetables,"Selection English Seedless Cucumbers, 1 each",Selection,1 each,1.91,1.91,NO,0.0,Regular Everyday Price,1.91,each,In Stock,2026-10-04T10:27:57.849325+00:00,Official metro.ca Web Storefront,2026-10-01T04:00:00+00:00,2026-10-08T03:59:59+00:00,https://www.metro.ca/en/online-grocery/aisles/produce/selection-english-seedless-cucumbers-1-each-p-20001381
CAN-FOODBASICS-20001382,foodbasics,Food Basics,foodbasics.ca,"Wellesley St E, Toronto",0912,ON - Greater Toronto Area,M5V2T6,Produce,Vegetables,"Selection English Seedless Cucumbers, 1 each",Selection,1 each,1.5,2.5,YES,1.0,Always More For Less - Save $1.00,1.5,each,In Stock,2026-10-04T10:28:05.955430+00:00,Official foodbasics.ca Web Storefront,2026-10-01T04:00:00+00:00,2026-10-08T03:59:59+00:00,https://www.foodbasics.ca/aisles/produce/selection-english-seedless-cucumbers-1-each-p-20001382
CAN-SOBEYS-20001383,sobeys,Sobeys,sobeys.com,"Spadina Ave / Urban Fresh, Toronto",0651,ON - Greater Toronto Area,M5V2T6,Produce,Vegetables,"Compliments English Seedless Cucumbers, 1 each",Compliments,1 each,2.01,3.51,YES,1.5,Scene+ Member Deal - Save $1.50,2.01,each,In Stock,2026-10-04T10:28:19.587489+00:00,Official sobeys.com Web Storefront,2026-10-01T04:00:00+00:00,2026-10-08T03:59:59+00:00,https://www.sobeys.com/en/products/compliments-english-seedless-cucumbers-1-each-20001383
CAN-FRESHCO-20001384,freshco,FreshCo,freshco.com,"Parliament & Dundas, Toronto",9521,ON - Greater Toronto Area,M5V2T6,Produce,Vegetables,"Compliments English Seedless Cucumbers, 1 each",Compliments,1 each,1.5,1.5,NO,0.0,Regular Everyday Price,1.5,each,In Stock,2026-10-04T10:28:30.354883+00:00,Official freshco.com Web Storefront,2026-10-01T04:00:00+00:00,2026-10-08T03:59:59+00:00,https://freshco.com/products/compliments-english-seedless-cucumbers-1-each-20001384
CAN-COSTCO-20001385,costco,Costco,costco.ca,"Overlea Blvd, Thorncliffe, Toronto",1105,ON - Greater Toronto Area,M5V2T6,Produce,Vegetables,"Kirkland Signature English Seedless Cucumbers, 3 pack",Kirkland Signature,3 pack,5.04,7.54,YES,2.5,Instant Savings $2.50 Off at Checkout,1.68,each,In Stock,2026-10-04T10:28:40.379158+00:00,Official costco.ca Web Storefront,2026-10-01T04:00:00+00:00,2026-10-08T03:59:59+00:00,https://www.costco.ca/kirkland-signature-english-seedless-cucumbers-3-pack.product.001385.html
CAN-NOFRILLS-20001386,nofrills,No Frills,nofrills.ca,"Dufferin Mall, Toronto",3133,ON - Greater Toronto Area,M5V2T6,Produce,Vegetables,"Farmer's Market English Seedless Cucumbers, 1 each",Farmer's Market,1 each,1.5,1.5,NO,0.0,Regular Everyday Price,1.5,each,In Stock,2026-10-04T10:28:45.573507+00:00,Official nofrills.ca Web Storefront,2026-10-01T04:00:00+00:00,2026-10-08T03:59:59+00:00,https://www.nofrills.ca/en/farmers-market-english-seedless-cucumbers-1-each/p/20001386_EA
CAN-WALMART-20001387,walmart,Walmart,walmart.ca,"Scarborough Town Centre, Toronto",3058,ON - Greater Toronto Area,M5V2T6,Produce,Vegetables,"Your Fresh Market English Seedless Cucumbers, 1 each",Your Fresh Market,1 each,1.48,1.48,NO,0.0,Regular Everyday Price,1.48,each,In Stock,2026-10-04T10:28:53.998096+00:00,Official walmart.ca Web Storefront,2026-10-01T04:00:00+00:00,2026-10-08T03:59:59+00:00,https://www.walmart.ca/en/ip/your-fresh-market-english-seedless-cucumbers-1-each/60000001387
CAN-TNT-20001388,tnt,T&T,tntsupermarket.com,"Fairview Mall / Markham, Toronto",008,ON - Greater Toronto Area,M5V2T6,Produce,Vegetables,"T&T Fresh English Seedless Cucumbers, 1 each",T&T Fresh,1 each,1.7,2.81,YES,1.11,Weekly Feature Special - Save $1.11,1.7,each,In Stock,2026-10-04T10:29:03.821277+00:00,Official tntsupermarket.com Web Storefront,2026-10-01T04:00:00+00:00,2026-10-08T03:59:59+00:00,https://www.tntsupermarket.com/eng/2000138-tt-fresh-english-seedless-cucumbers-1-each.html
CAN-LOBLAWS-20001389,loblaws,Loblaws,loblaws.ca,"Queen & Portland, Toronto",1006,ON - Greater Toronto Area,M5V2T6,Produce,Vegetables,"President's Choice English Seedless Cucumbers, 1 each",President's Choice,1 each,2.01,2.01,NO,0.0,Regular Everyday Price,2.01,each,In Stock,2026-10-04T10:29:16.600500+00:00,Official loblaws.ca Web Storefront,2026-10-01T04:00:00+00:00,2026-10-08T03:59:59+00:00,https://www.loblaws.ca/en/presidents-choice-english-seedless-cucumbers-1-each/p/20001389_EA
CAN-SAVEON-20001390,saveon,Save-On,saveonfoods.com,Toronto Delivery Center,9901,ON - Greater Toronto Area,M5V2T6,Produce,Vegetables,"Western Family English Seedless Cucumbers, 1 each",Western Family,1 each,1.91,1.91,NO,0.0,Regular Everyday Price,1.91,each,In Stock,2026-10-04T10:29:25.892053+00:00,Official saveonfoods.com Web Storefront,2026-10-01T04:00:00+00:00,2026-10-08T03:59:59+00:00,https://www.saveonfoods.com/sm/pickup/rsid/9901/product/western-family-english-seedless-cucumbers-1-each-20001390
CAN-METRO-20001391,metro,Metro,metro.ca,"Front St / Liberty Village, Toronto",0742,ON - Greater Toronto Area,M5V2T6,Produce,Salad & Greens,"Irresistibles Organic Organic Spring Mix Salad, 312 g",Irresistibles Organic,312 g,5.34,5.34,NO,0.0,Regular Everyday Price,1.71,100g,In Stock,2026-10-04T10:29:36.926154+00:00,Official metro.ca Web Storefront,2026-10-01T04:00:00+00:00,2026-10-08T03:59:59+00:00,https://www.metro.ca/en/online-grocery/aisles/produce/irresistibles-organic-organic-spring-mix-salad-312-g-p-20001391
CAN-FOODBASICS-20001392,foodbasics,Food Basics,foodbasics.ca,"Wellesley St E, Toronto",0912,ON - Greater Toronto Area,M5V2T6,Produce,Salad & Greens,"Selection Organic Spring Mix Salad, 312 g",Selection,312 g,4.53,4.53,NO,0.0,Regular Everyday Price,1.45,100g,In Stock,2026-10-04T10:29:50.364869+00:00,Official foodbasics.ca Web Storefront,2026-10-01T04:00:00+00:00,2026-10-08T03:59:59+00:00,https://www.foodbasics.ca/aisles/produce/selection-organic-spring-mix-salad-312-g-p-20001392
CAN-SOBEYS-20001393,sobeys,Sobeys,sobeys.com,"Spadina Ave / Urban Fresh, Toronto",0651,ON - Greater Toronto Area,M5V2T6,Produce,Salad & Greens,"Compliments Organic Organic Spring Mix Salad, 312 g",Compliments Organic,312 g,5.54,5.54,NO,0.0,Regular Everyday Price,1.78,100g,In Stock,2026-10-04T10:29:54.088180+00:00,Official sobeys.com Web Storefront,2026-10-01T04:00:00+00:00,2026-10-08T03:59:59+00:00,https://www.sobeys.com/en/products/compliments-organic-organic-spring-mix-salad-312-g-20001393
CAN-FRESHCO-20001394,freshco,FreshCo,freshco.com,"Parliament & Dundas, Toronto",9521,ON - Greater Toronto Area,M5V2T6,Produce,Salad & Greens,"Compliments Organic Organic Spring Mix Salad, 312 g",Compliments Organic,312 g,4.53,4.53,NO,0.0,Regular Everyday Price,1.45,100g,In Stock,2026-10-04T10:30:01.787149+00:00,Official freshco.com Web Storefront,2026-10-01T04:00:00+00:00,2026-10-08T03:59:59+00:00,https://freshco.com/products/compliments-organic-organic-spring-mix-salad-312-g-20001394
CAN-COSTCO-20001395,costco,Costco,costco.ca,"Overlea Blvd, Thorncliffe, Toronto",1105,ON - Greater Toronto Area,M5V2T6,Produce,Salad & Greens,"Earthbound Farm Organic Spring Mix Salad, 454 g",Earthbound Farm,454 g,6.55,6.55,NO,0.0,Regular Everyday Price,1.44,100g,In Stock,2026-10-04T10:30:07.260404+00:00,Official costco.ca Web Storefront,2026-10-01T04:00:00+00:00,2026-10-08T03:59:59+00:00,https://www.costco.ca/earthbound-farm-organic-spring-mix-salad-454-g.product.001395.html
CAN-NOFRILLS-20001396,nofrills,No Frills,nofrills.ca,"Dufferin Mall, Toronto",3133,ON - Greater Toronto Area,M5V2T6,Produce,Salad & Greens,"PC Organics Organic Spring Mix Salad, 312 g",PC Organics,312 g,4.53,4.53,NO,0.0,Regular Everyday Price,1.45,100g,In Stock,2026-10-04T10:30:20.660276+00:00,Official nofrills.ca Web Storefront,2026-10-01T04:00:00+00:00,2026-10-08T03:59:59+00:00,https://www.nofrills.ca/en/pc-organics-organic-spring-mix-salad-312-g/p/20001396_EA
CAN-WALMART-20001397,walmart,Walmart,walmart.ca,"Scarborough Town Centre, Toronto",3058,ON - Greater Toronto Area,M5V2T6,Produce,Salad & Greens,"Your Fresh Market Organic Spring Mix Salad, 312 g",Your Fresh Market,312 g,4.31,4.31,NO,0.0,Regular Everyday Price,1.38,100g,In Stock,2026-10-04T10:30:30.449944+00:00,Official walmart.ca Web Storefront,2026-10-01T04:00:00+00:00,2026-10-08T03:59:59+00:00,https://www.walmart.ca/en/ip/your-fresh-market-organic-spring-mix-salad-312-g/60000001397
CAN-TNT-20001398,tnt,T&T,tntsupermarket.com,"Fairview Mall / Markham, Toronto",008,ON - Greater Toronto Area,M5V2T6,Produce,Salad & Greens,"Fresh Organic Organic Spring Mix Salad, 312 g",Fresh Organic,312 g,4.93,6.43,YES,1.5,Weekly Feature Special - Save $1.50,1.58,100g,In Stock,2026-10-04T10:30:43.064916+00:00,Official tntsupermarket.com Web Storefront,2026-10-01T04:00:00+00:00,2026-10-08T03:59:59+00:00,https://www.tntsupermarket.com/eng/2000139-fresh-organic-organic-spring-mix-salad-312-g.html
CAN-LOBLAWS-20001399,loblaws,Loblaws,loblaws.ca,"Queen & Portland, Toronto",1006,ON - Greater Toronto Area,M5V2T6,Produce,Salad & Greens,"PC Organics Organic Spring Mix Salad, 312 g",PC Organics,312 g,5.54,5.54,NO,0.0,Regular Everyday Price,1.78,100g,In Stock,2026-10-04T10:30:49.803478+00:00,Official loblaws.ca Web Storefront,2026-10-01T04:00:00+00:00,2026-10-08T03:59:59+00:00,https://www.loblaws.ca/en/pc-organics-organic-spring-mix-salad-312-g/p/20001399_EA
CAN-SAVEON-20001400,saveon,Save-On,saveonfoods.com,Toronto Delivery Center,9901,ON - Greater Toronto Area,M5V2T6,Produce,Salad & Greens,"Western Family Organic Organic Spring Mix Salad, 312 g",Western Family Organic,312 g,5.34,5.34,NO,0.0,Regular Everyday Price,1.71,100g,In Stock,2026-10-04T10:31:03.384521+00:00,Official saveonfoods.com Web Storefront,2026-10-01T04:00:00+00:00,2026-10-08T03:59:59+00:00,https://www.saveonfoods.com/sm/pickup/rsid/9901/product/western-family-organic-organic-spring-mix-salad-312-g-20001400
CAN-METRO-20001401,metro,Metro,metro.ca,"Front St / Liberty Village, Toronto",0742,ON - Greater Toronto Area,M5V2T6,Produce,Asian Specialty,"Selection Fresh Shanghai Bok Choy, 1 kg",Selection,1 kg,4.03,4.83,YES,0.8,Weekly Flyer Special - Save $0.80,4.03,kg,In Stock,2026-10-04T10:31:10.309336+00:00,Official metro.ca Web Storefront,2026-10-01T04:00:00+00:00,2026-10-08T03:59:59+00:00,https://www.metro.ca/en/online-grocery/aisles/produce/selection-fresh-shanghai-bok-choy-1-kg-p-20001401
CAN-FOODBASICS-20001402,foodbasics,Food Basics,foodbasics.ca,"Wellesley St E, Toronto",0912,ON - Greater Toronto Area,M5V2T6,Produce,Asian Specialty,"Selection Fresh Shanghai Bok Choy, 1 kg",Selection,1 kg,3.32,4.02,YES,0.7,Always More For Less - Save $0.70,3.32,kg,In Stock,2026-10-04T10:31:22.058080+00:00,Official foodbasics.ca Web Storefront,2026-10-01T04:00:00+00:00,2026-10-08T03:59:59+00:00,https://www.foodbasics.ca/aisles/produce/selection-fresh-shanghai-bok-choy-1-kg-p-20001402
CAN-SOBEYS-20001403,sobeys,Sobeys,sobeys.com,"Spadina Ave / Urban Fresh, Toronto",0651,ON - Greater Toronto Area,M5V2T6,Produce,Asian Specialty,"Compliments Fresh Shanghai Bok Choy, 1 kg",Compliments,1 kg,4.03,5.53,YES,1.5,Scene+ Member Deal - Save $1.50,4.03,kg,In Stock,2026-10-04T10:31:29.547474+00:00,Official sobeys.com Web Storefront,2026-10-01T04:00:00+00:00,2026-10-08T03:59:59+00:00,https://www.sobeys.com/en/products/compliments-fresh-shanghai-bok-choy-1-kg-20001403
CAN-FRESHCO-20001404,freshco,FreshCo,freshco.com,"Parliament & Dundas, Toronto",9521,ON - Greater Toronto Area,M5V2T6,Produce,Asian Specialty,"Compliments Fresh Shanghai Bok Choy, 1 kg",Compliments,1 kg,3.32,3.32,NO,0.0,Regular Everyday Price,3.32,kg,In Stock,2026-10-04T10:31:33.447082+00:00,Official freshco.com Web Storefront,2026-10-01T04:00:00+00:00,2026-10-08T03:59:59+00:00,https://freshco.com/products/compliments-fresh-shanghai-bok-choy-1-kg-20001404
CAN-COSTCO-20001405,costco,Costco,costco.ca,"Overlea Blvd, Thorncliffe, Toronto",1105,ON - Greater Toronto Area,M5V2T6,Produce,Asian Specialty,"Kirkland Signature Fresh Shanghai Bok Choy, 1.5 kg",Kirkland Signature,1.5 kg,6.05,6.05,NO,0.0,Regular Everyday Price,4.03,kg,In Stock,2026-10-04T10:31:43.027774+00:00,Official costco.ca Web Storefront,2026-10-01T04:00:00+00:00,2026-10-08T03:59:59+00:00,https://www.costco.ca/kirkland-signature-fresh-shanghai-bok-choy-15-kg.product.001405.html
CAN-NOFRILLS-20001406,nofrills,No Frills,nofrills.ca,"Dufferin Mall, Toronto",3133,ON - Greater Toronto Area,M5V2T6,Produce,Asian Specialty,"Suraj Fresh Shanghai Bok Choy, 1 kg",Suraj,1 kg,3.52,4.52,YES,1.0,Hit of the Month - Rollback $1.00,3.52,kg,In Stock,2026-10-04T10:31:49.911676+00:00,Official nofrills.ca Web Storefront,2026-10-01T04:00:00+00:00,2026-10-08T03:59:59+00:00,https://www.nofrills.ca/en/suraj-fresh-shanghai-bok-choy-1-kg/p/20001406_EA
CAN-WALMART-20001407,walmart,Walmart,walmart.ca,"Scarborough Town Centre, Toronto",3058,ON - Greater Toronto Area,M5V2T6,Produce,Asian Specialty,"Your Fresh Market Fresh Shanghai Bok Choy, 1 kg",Your Fresh Market,1 kg,3.5,3.5,NO,0.0,Regular Everyday Price,3.5,kg,In Stock,2026-10-04T10:32:02.425570+00:00,Official walmart.ca Web Storefront,2026-10-01T04:00:00+00:00,2026-10-08T03:59:59+00:00,https://www.walmart.ca/en/ip/your-fresh-market-fresh-shanghai-bok-choy-1-kg/60000001407
CAN-TNT-20001408,tnt,T&T,tntsupermarket.com,"Fairview Mall / Markham, Toronto",008,ON - Greater Toronto Area,M5V2T6,Produce,Asian Specialty,"T&T Fresh Direct Fresh Shanghai Bok Choy, 1 kg",T&T Fresh Direct,1 kg,3.01,3.01,NO,0.0,Regular Everyday Price,3.01,kg,In Stock,2026-10-04T10:32:11.933799+00:00,Official tntsupermarket.com Web Storefront,2026-10-01T04:00:00+00:00,2026-10-08T03:59:59+00:00,https://www.tntsupermarket.com/eng/2000140-tt-fresh-direct-fresh-shanghai-bok-choy-1-kg.html
CAN-LOBLAWS-20001409,loblaws,Loblaws,loblaws.ca,"Queen & Portland, Toronto",1006,ON - Greater Toronto Area,M5V2T6,Produce,Asian Specialty,"T&T / PC Fresh Shanghai Bok Choy, 1 kg",T&T / PC,1 kg,4.03,4.03,NO,0.0,Regular Everyday Price,4.03,kg,In Stock,2026-10-04T10:32:18.659855+00:00,Official loblaws.ca Web Storefront,2026-10-01T04:00:00+00:00,2026-10-08T03:59:59+00:00,https://www.loblaws.ca/en/tt-pc-fresh-shanghai-bok-choy-1-kg/p/20001409_EA
CAN-SAVEON-20001410,saveon,Save-On,saveonfoods.com,Toronto Delivery Center,9901,ON - Greater Toronto Area,M5V2T6,Produce,Asian Specialty,"Western Family Fresh Shanghai Bok Choy, 1 kg",Western Family,1 kg,4.03,4.03,NO,0.0,Regular Everyday Price,4.03,kg,In Stock,2026-10-04T10:32:24.245978+00:00,Official saveonfoods.com Web Storefront,2026-10-01T04:00:00+00:00,2026-10-08T03:59:59+00:00,https://www.saveonfoods.com/sm/pickup/rsid/9901/product/western-family-fresh-shanghai-bok-choy-1-kg-20001410
CAN-METRO-20001411,metro,Metro,metro.ca,"Front St / Liberty Village, Toronto",0742,ON - Greater Toronto Area,M5V2T6,Dairy & Eggs,Butter & Margarine,"Selection Salted Butter Block, 454 g",Selection,454 g,6.55,6.55,NO,0.0,Regular Everyday Price,1.44,100g,In Stock,2026-10-04T10:32:32.400507+00:00,Official metro.ca Web Storefront,2026-10-01T04:00:00+00:00,2026-10-08T03:59:59+00:00,https://www.metro.ca/en/online-grocery/aisles/dairy-eggs/selection-salted-butter-block-454-g-p-20001411
CAN-FOODBASICS-20001412,foodbasics,Food Basics,foodbasics.ca,"Wellesley St E, Toronto",0912,ON - Greater Toronto Area,M5V2T6,Dairy & Eggs,Butter & Margarine,"Selection Salted Butter Block, 454 g",Selection,454 g,5.34,5.84,YES,0.5,Always More For Less - Save $0.50,1.18,100g,In Stock,2026-10-04T10:32:41.395588+00:00,Official foodbasics.ca Web Storefront,2026-10-01T04:00:00+00:00,2026-10-08T03:59:59+00:00,https://www.foodbasics.ca/aisles/dairy-eggs/selection-salted-butter-block-454-g-p-20001412
CAN-SOBEYS-20001413,sobeys,Sobeys,sobeys.com,"Spadina Ave / Urban Fresh, Toronto",0651,ON - Greater Toronto Area,M5V2T6,Dairy & Eggs,Butter & Margarine,"Compliments Salted Butter Block, 454 g",Compliments,454 g,6.35,6.35,NO,0.0,Regular Everyday Price,1.4,100g,In Stock,2026-10-04T10:32:52.231124+00:00,Official sobeys.com Web Storefront,2026-10-01T04:00:00+00:00,2026-10-08T03:59:59+00:00,https://www.sobeys.com/en/products/compliments-salted-butter-block-454-g-20001413
CAN-FRESHCO-20001414,freshco,FreshCo,freshco.com,"Parliament & Dundas, Toronto",9521,ON - Greater Toronto Area,M5V2T6,Dairy & Eggs,Butter & Margarine,"Compliments Salted Butter Block, 454 g",Compliments,454 g,5.34,5.34,NO,0.0,Regular Everyday Price,1.18,100g,In Stock,2026-10-04T10:33:06.596631+00:00,Official freshco.com Web Storefront,2026-10-01T04:00:00+00:00,2026-10-08T03:59:59+00:00,https://freshco.com/products/compliments-salted-butter-block-454-g-20001414
CAN-COSTCO-20001415,costco,Costco,costco.ca,"Overlea Blvd, Thorncliffe, Toronto",1105,ON - Greater Toronto Area,M5V2T6,Dairy & Eggs,Butter & Margarine,"Kirkland Signature Salted Butter Block, 4 x 454 g",Kirkland Signature,4 x 454 g,17.66,17.66,NO,0.0,Regular Everyday Price,3.89,100g,In Stock,2026-10-04T10:33:11.505898+00:00,Official costco.ca Web Storefront,2026-10-01T04:00:00+00:00,2026-10-08T03:59:59+00:00,https://www.costco.ca/kirkland-signature-salted-butter-block-4-x-454-g.product.001415.html
CAN-NOFRILLS-20001416,nofrills,No Frills,nofrills.ca,"Dufferin Mall, Toronto",3133,ON - Greater Toronto Area,M5V2T6,Dairy & Eggs,Butter & Margarine,"No Name Salted Butter Block, 454 g",No Name,454 g,6.06,6.06,NO,0.0,Regular Everyday Price,1.33,100g,In Stock,2026-10-04T10:33:15.052081+00:00,Official nofrills.ca Web Storefront,2026-10-01T04:00:00+00:00,2026-10-08T03:59:59+00:00,https://www.nofrills.ca/en/no-name-salted-butter-block-454-g/p/20001416_EA
CAN-WALMART-20001417,walmart,Walmart,walmart.ca,"Scarborough Town Centre, Toronto",3058,ON - Greater Toronto Area,M5V2T6,Dairy & Eggs,Butter & Margarine,"Great Value Salted Butter Block, 454 g",Great Value,454 g,5.02,5.02,NO,0.0,Regular Everyday Price,1.11,100g,In Stock,2026-10-04T10:33:21.812293+00:00,Official walmart.ca Web Storefront,2026-10-01T04:00:00+00:00,2026-10-08T03:59:59+00:00,https://www.walmart.ca/en/ip/great-value-salted-butter-block-454-g/60000001417
CAN-TNT-20001418,tnt,T&T,tntsupermarket.com,"Fairview Mall / Markham, Toronto",008,ON - Greater Toronto Area,M5V2T6,Dairy & Eggs,Butter & Margarine,"Gay Lea Salted Butter Block, 454 g",Gay Lea,454 g,5.94,5.94,NO,0.0,Regular Everyday Price,1.31,100g,In Stock,2026-10-04T10:33:33.763280+00:00,Official tntsupermarket.com Web Storefront,2026-10-01T04:00:00+00:00,2026-10-08T03:59:59+00:00,https://www.tntsupermarket.com/eng/2000141-gay-lea-salted-butter-block-454-g.html
CAN-LOBLAWS-20001419,loblaws,Loblaws,loblaws.ca,"Queen & Portland, Toronto",1006,ON - Greater Toronto Area,M5V2T6,Dairy & Eggs,Butter & Margarine,"No Name Salted Butter Block, 454 g",No Name,454 g,6.05,6.05,NO,0.0,Regular Everyday Price,1.33,100g,In Stock,2026-10-04T10:33:40.540723+00:00,Official loblaws.ca Web Storefront,2026-10-01T04:00:00+00:00,2026-10-08T03:59:59+00:00,https://www.loblaws.ca/en/no-name-salted-butter-block-454-g/p/20001419_EA
CAN-SAVEON-20001420,saveon,Save-On,saveonfoods.com,Toronto Delivery Center,9901,ON - Greater Toronto Area,M5V2T6,Dairy & Eggs,Butter & Margarine,"Western Family Salted Butter Block, 454 g",Western Family,454 g,6.25,6.25,NO,0.0,Regular Everyday Price,1.38,100g,In Stock,2026-10-04T10:33:45.271448+00:00,Official saveonfoods.com Web Storefront,2026-10-01T04:00:00+00:00,2026-10-08T03:59:59+00:00,https://www.saveonfoods.com/sm/pickup/rsid/9901/product/western-family-salted-butter-block-454-g-20001420
CAN-METRO-20001421,metro,Metro,metro.ca,"Front St / Liberty Village, Toronto",0742,ON - Greater Toronto Area,M5V2T6,Dairy & Eggs,Milk,"Sealtest 2% Partly Skimmed Milk, 4 L",Sealtest,4 L,6.5,6.5,NO,0.0,Regular Everyday Price,1.62,L,In Stock,2026-10-04T10:33:58.018255+00:00,Official metro.ca Web Storefront,2026-10-01T04:00:00+00:00,2026-10-08T03:59:59+00:00,https://www.metro.ca/en/online-grocery/aisles/dairy-eggs/sealtest-2-partly-skimmed-milk-4-l-p-20001421
CAN-FOODBASICS-20001422,foodbasics,Food Basics,foodbasics.ca,"Wellesley St E, Toronto",0912,ON - Greater Toronto Area,M5V2T6,Dairy & Eggs,Milk,"Selection 2% Partly Skimmed Milk, 4 L",Selection,4 L,5.75,5.75,NO,0.0,Regular Everyday Price,1.44,L,In Stock,2026-10-04T10:34:05.697234+00:00,Official foodbasics.ca Web Storefront,2026-10-01T04:00:00+00:00,2026-10-08T03:59:59+00:00,https://www.foodbasics.ca/aisles/dairy-eggs/selection-2-partly-skimmed-milk-4-l-p-20001422
CAN-SOBEYS-20001423,sobeys,Sobeys,sobeys.com,"Spadina Ave / Urban Fresh, Toronto",0651,ON - Greater Toronto Area,M5V2T6,Dairy & Eggs,Milk,"Lactantia 2% Partly Skimmed Milk, 4 L",Lactantia,4 L,6.5,8.0,YES,1.5,Scene+ Member Deal - Save $1.50,1.62,L,In Stock,2026-10-04T10:34:08.986901+00:00,Official sobeys.com Web Storefront,2026-10-01T04:00:00+00:00,2026-10-08T03:59:59+00:00,https://www.sobeys.com/en/products/lactantia-2-partly-skimmed-milk-4-l-20001423
CAN-FRESHCO-20001424,freshco,FreshCo,freshco.com,"Parliament & Dundas, Toronto",9521,ON - Greater Toronto Area,M5V2T6,Dairy & Eggs,Milk,"Sealtest 2% Partly Skimmed Milk, 4 L",Sealtest,4 L,5.75,5.75,NO,0.0,Regular Everyday Price,1.44,L,In Stock,2026-10-04T10:34:15.409189+00:00,Official freshco.com Web Storefront,2026-10-01T04:00:00+00:00,2026-10-08T03:59:59+00:00,https://freshco.com/products/sealtest-2-partly-skimmed-milk-4-l-20001424
CAN-COSTCO-20001425,costco,Costco,costco.ca,"Overlea Blvd, Thorncliffe, Toronto",1105,ON - Greater Toronto Area,M5V2T6,Dairy & Eggs,Milk,"Kirkland Signature 2% Partly Skimmed Milk, 4 L",Kirkland Signature,4 L,5.54,5.54,NO,0.0,Regular Everyday Price,1.39,L,In Stock,2026-10-04T10:34:21.336967+00:00,Official costco.ca Web Storefront,2026-10-01T04:00:00+00:00,2026-10-08T03:59:59+00:00,https://www.costco.ca/kirkland-signature-2-partly-skimmed-milk-4-l.product.001425.html
CAN-NOFRILLS-20001426,nofrills,No Frills,nofrills.ca,"Dufferin Mall, Toronto",3133,ON - Greater Toronto Area,M5V2T6,Dairy & Eggs,Milk,"Neilson 2% Partly Skimmed Milk, 4 L",Neilson,4 L,6.5,6.5,NO,0.0,Regular Everyday Price,1.62,L,In Stock,2026-10-04T10:34:29.240882+00:00,Official nofrills.ca Web Storefront,2026-10-01T04:00:00+00:00,2026-10-08T03:59:59+00:00,https://www.nofrills.ca/en/neilson-2-partly-skimmed-milk-4-l/p/20001426_EA
CAN-WALMART-20001427,walmart,Walmart,walmart.ca,"Scarborough Town Centre, Toronto",3058,ON - Greater Toronto Area,M5V2T6,Dairy & Eggs,Milk,"Sealtest 2% Partly Skimmed Milk, 4 L",Sealtest,4 L,6.5,6.5,NO,0.0,Regular Everyday Price,1.62,L,In Stock,2026-10-04T10:34:42.748027+00:00,Official walmart.ca Web Storefront,2026-10-01T04:00:00+00:00,2026-10-08T03:59:59+00:00,https://www.walmart.ca/en/ip/sealtest-2-partly-skimmed-milk-4-l/60000001427
CAN-TNT-20001428,tnt,T&T,tntsupermarket.com,"Fairview Mall / Markham, Toronto",008,ON - Greater Toronto Area,M5V2T6,Dairy & Eggs,Milk,"Dairyland 2% Partly Skimmed Milk, 4 L",Dairyland,4 L,5.94,5.94,NO,0.0,Regular Everyday Price,1.49,L,In Stock,2026-10-04T10:34:51.690514+00:00,Official tntsupermarket.com Web Storefront,2026-10-01T04:00:00+00:00,2026-10-08T03:59:59+00:00,https://www.tntsupermarket.com/eng/2000142-dairyland-2-partly-skimmed-milk-4-l.html
CAN-LOBLAWS-20001429,loblaws,Loblaws,loblaws.ca,"Queen & Portland, Toronto",1006,ON - Greater Toronto Area,M5V2T6,Dairy & Eggs,Milk,"Neilson 2% Partly Skimmed Milk, 4 L",Neilson,4 L,6.5,7.25,YES,0.75,PC Optimum Member Price - Save $0.75,1.62,L,In Stock,2026-10-04T10:35:04.360109+00:00,Official loblaws.ca Web Storefront,2026-10-01T04:00:00+00:00,2026-10-08T03:59:59+00:00,https://www.loblaws.ca/en/neilson-2-partly-skimmed-milk-4-l/p/20001429_EA
CAN-SAVEON-20001430,saveon,Save-On,saveonfoods.com,Toronto Delivery Center,9901,ON - Greater Toronto Area,M5V2T6,Dairy & Eggs,Milk,"Dairyland 2% Partly Skimmed Milk, 4 L",Dairyland,4 L,6.15,6.15,NO,0.0,Regular Everyday Price,1.54,L,In Stock,2026-10-04T10:35:08.000564+00:00,Official saveonfoods.com Web Storefront,2026-10-01T04:00:00+00:00,2026-10-08T03:59:59+00:00,https://www.saveonfoods.com/sm/pickup/rsid/9901/product/dairyland-2-partly-skimmed-milk-4-l-20001430
CAN-METRO-20001431,metro,Metro,metro.ca,"Front St / Liberty Village, Toronto",0742,ON - Greater Toronto Area,M5V2T6,Dairy & Eggs,Eggs,"Selection Large White Grade A Eggs, 12 count",Selection,12 count,4.13,4.13,NO,0.0,Regular Everyday Price,0.34,each,In Stock,2026-10-04T10:35:13.432646+00:00,Official metro.ca Web Storefront,2026-10-01T04:00:00+00:00,2026-10-08T03:59:59+00:00,https://www.metro.ca/en/online-grocery/aisles/dairy-eggs/selection-large-white-grade-a-eggs-12-count-p-20001431
CAN-FOODBASICS-20001432,foodbasics,Food Basics,foodbasics.ca,"Wellesley St E, Toronto",0912,ON - Greater Toronto Area,M5V2T6,Dairy & Eggs,Eggs,"Selection Large White Grade A Eggs, 12 count",Selection,12 count,3.83,3.83,NO,0.0,Regular Everyday Price,0.32,each,In Stock,2026-10-04T10:35:21.518317+00:00,Official foodbasics.ca Web Storefront,2026-10-01T04:00:00+00:00,2026-10-08T03:59:59+00:00,https://www.foodbasics.ca/aisles/dairy-eggs/selection-large-white-grade-a-eggs-12-count-p-20001432
CAN-SOBEYS-20001433,sobeys,Sobeys,sobeys.com,"Spadina Ave / Urban Fresh, Toronto",0651,ON - Greater Toronto Area,M5V2T6,Dairy & Eggs,Eggs,"Compliments Large White Grade A Eggs, 12 count",Compliments,12 count,4.53,5.33,YES,0.8,Scene+ Member Deal - Save $0.80,0.38,each,In Stock,2026-10-04T10:35:25.880373+00:00,Official sobeys.com Web Storefront,2026-10-01T04:00:00+00:00,2026-10-08T03:59:59+00:00,https://www.sobeys.com/en/products/compliments-large-white-grade-a-eggs-12-count-20001433
CAN-FRESHCO-20001434,freshco,FreshCo,freshco.com,"Parliament & Dundas, Toronto",9521,ON - Greater Toronto Area,M5V2T6,Dairy & Eggs,Eggs,"Compliments Large White Grade A Eggs, 12 count",Compliments,12 count,3.83,4.73,YES,0.9,Price Match Guarantee Deal - Save $0.90,0.32,each,In Stock,2026-10-04T10:35:33.721149+00:00,Official freshco.com Web Storefront,2026-10-01T04:00:00+00:00,2026-10-08T03:59:59+00:00,https://freshco.com/products/compliments-large-white-grade-a-eggs-12-count-20001434
CAN-COSTCO-20001435,costco,Costco,costco.ca,"Overlea Blvd, Thorncliffe, Toronto",1105,ON - Greater Toronto Area,M5V2T6,Dairy & Eggs,Eggs,"Kirkland Signature Large White Grade A Eggs, 30 count",Kirkland Signature,30 count,11.6,11.6,NO,0.0,Regular Everyday Price,0.39,each,In Stock,2026-10-04T10:35:47.232823+00:00,Official costco.ca Web Storefront,2026-10-01T04:00:00+00:00,2026-10-08T03:59:59+00:00,https://www.costco.ca/kirkland-signature-large-white-grade-a-eggs-30-count.product.001435.html
CAN-NOFRILLS-20001436,nofrills,No Frills,nofrills.ca,"Dufferin Mall, Toronto",3133,ON - Greater Toronto Area,M5V2T6,Dairy & Eggs,Eggs,"No Name Large White Grade A Eggs, 12 count",No Name,12 count,3.97,3.97,NO,0.0,Regular Everyday Price,0.33,each,In Stock,2026-10-04T10:36:01.792727+00:00,Official nofrills.ca Web Storefront,2026-10-01T04:00:00+00:00,2026-10-08T03:59:59+00:00,https://www.nofrills.ca/en/no-name-large-white-grade-a-eggs-12-count/p/20001436_EA
CAN-WALMART-20001437,walmart,Walmart,walmart.ca,"Scarborough Town Centre, Toronto",3058,ON - Greater Toronto Area,M5V2T6,Dairy & Eggs,Eggs,"Great Value Large White Grade A Eggs, 12 count",Great Value,12 count,3.97,4.94,YES,0.97,Rollback - Save $0.97,0.33,each,In Stock,2026-10-04T10:36:14.506164+00:00,Official walmart.ca Web Storefront,2026-10-01T04:00:00+00:00,2026-10-08T03:59:59+00:00,https://www.walmart.ca/en/ip/great-value-large-white-grade-a-eggs-12-count/60000001437
CAN-TNT-20001438,tnt,T&T,tntsupermarket.com,"Fairview Mall / Markham, Toronto",008,ON - Greater Toronto Area,M5V2T6,Dairy & Eggs,Eggs,"T&T Brand Large White Grade A Eggs, 12 count",T&T Brand,12 count,4.02,4.02,NO,0.0,Regular Everyday Price,0.33,each,In Stock,2026-10-04T10:36:18.271604+00:00,Official tntsupermarket.com Web Storefront,2026-10-01T04:00:00+00:00,2026-10-08T03:59:59+00:00,https://www.tntsupermarket.com/eng/2000143-tt-brand-large-white-grade-a-eggs-12-count.html
CAN-LOBLAWS-20001439,loblaws,Loblaws,loblaws.ca,"Queen & Portland, Toronto",1006,ON - Greater Toronto Area,M5V2T6,Dairy & Eggs,Eggs,"No Name Large White Grade A Eggs, 12 count",No Name,12 count,3.97,3.97,NO,0.0,Regular Everyday Price,0.33,each,In Stock,2026-10-04T10:36:28.304528+00:00,Official loblaws.ca Web Storefront,2026-10-01T04:00:00+00:00,2026-10-08T03:59:59+00:00,https://www.loblaws.ca/en/no-name-large-white-grade-a-eggs-12-count/p/20001439_EA
CAN-SAVEON-20001440,saveon,Save-On,saveonfoods.com,Toronto Delivery Center,9901,ON - Greater Toronto Area,M5V2T6,Dairy & Eggs,Eggs,"Western Family Large White Grade A Eggs, 12 count",Western Family,12 count,4.43,4.43,NO,0.0,Regular Everyday Price,0.37,each,In Stock,2026-10-04T10:36:40.787863+00:00,Official saveonfoods.com Web Storefront,2026-10-01T04:00:00+00:00,2026-10-08T03:59:59+00:00,https://www.saveonfoods.com/sm/pickup/rsid/9901/product/western-family-large-white-grade-a-eggs-12-count-20001440
CAN-METRO-20001441,metro,Metro,metro.ca,"Front St / Liberty Village, Toronto",0742,ON - Greater Toronto Area,M5V2T6,Dairy & Eggs,Cheese,"Selection Old Cheddar Cheese Block, 400 g",Selection,400 g,6.55,7.85,YES,1.3,Weekly Flyer Special - Save $1.30,1.64,100g,In Stock,2026-10-04T10:36:53.310522+00:00,Official metro.ca Web Storefront,2026-10-01T04:00:00+00:00,2026-10-08T03:59:59+00:00,https://www.metro.ca/en/online-grocery/aisles/dairy-eggs/selection-old-cheddar-cheese-block-400-g-p-20001441
CAN-FOODBASICS-20001442,foodbasics,Food Basics,foodbasics.ca,"Wellesley St E, Toronto",0912,ON - Greater Toronto Area,M5V2T6,Dairy & Eggs,Cheese,"Selection Old Cheddar Cheese Block, 400 g",Selection,400 g,5.54,5.54,NO,0.0,Regular Everyday Price,1.39,100g,In Stock,2026-10-04T10:37:03.056537+00:00,Official foodbasics.ca Web Storefront,2026-10-01T04:00:00+00:00,2026-10-08T03:59:59+00:00,https://www.foodbasics.ca/aisles/dairy-eggs/selection-old-cheddar-cheese-block-400-g-p-20001442
CAN-SOBEYS-20001443,sobeys,Sobeys,sobeys.com,"Spadina Ave / Urban Fresh, Toronto",0651,ON - Greater Toronto Area,M5V2T6,Dairy & Eggs,Cheese,"Compliments Old Cheddar Cheese Block, 400 g",Compliments,400 g,7.06,7.86,YES,0.8,Scene+ Member Deal - Save $0.80,1.76,100g,In Stock,2026-10-04T10:37:15.927894+00:00,Official sobeys.com Web Storefront,2026-10-01T04:00:00+00:00,2026-10-08T03:59:59+00:00,https://www.sobeys.com/en/products/compliments-old-cheddar-cheese-block-400-g-20001443
CAN-FRESHCO-20001444,freshco,FreshCo,freshco.com,"Parliament & Dundas, Toronto",9521,ON - Greater Toronto Area,M5V2T6,Dairy & Eggs,Cheese,"Compliments Old Cheddar Cheese Block, 400 g",Compliments,400 g,5.54,5.54,NO,0.0,Regular Everyday Price,1.39,100g,In Stock,2026-10-04T10:37:22.083875+00:00,Official freshco.com Web Storefront,2026-10-01T04:00:00+00:00,2026-10-08T03:59:59+00:00,https://freshco.com/products/compliments-old-cheddar-cheese-block-400-g-20001444
CAN-COSTCO-20001445,costco,Costco,costco.ca,"Overlea Blvd, Thorncliffe, Toronto",1105,ON - Greater Toronto Area,M5V2T6,Dairy & Eggs,Cheese,"Kirkland Signature Old Cheddar Cheese Block, 907 g",Kirkland Signature,907 g,13.12,13.12,NO,0.0,Regular Everyday Price,1.45,100g,In Stock,2026-10-04T10:37:35.821291+00:00,Official costco.ca Web Storefront,2026-10-01T04:00:00+00:00,2026-10-08T03:59:59+00:00,https://www.costco.ca/kirkland-signature-old-cheddar-cheese-block-907-g.product.001445.html
CAN-NOFRILLS-20001446,nofrills,No Frills,nofrills.ca,"Dufferin Mall, Toronto",3133,ON - Greater Toronto Area,M5V2T6,Dairy & Eggs,Cheese,"No Name Old Cheddar Cheese Block, 400 g",No Name,400 g,5.54,5.54,NO,0.0,Regular Everyday Price,1.39,100g,In Stock,2026-10-04T10:37:45.521012+00:00,Official nofrills.ca Web Storefront,2026-10-01T04:00:00+00:00,2026-10-08T03:59:59+00:00,https://www.nofrills.ca/en/no-name-old-cheddar-cheese-block-400-g/p/20001446_EA
CAN-WALMART-20001447,walmart,Walmart,walmart.ca,"Scarborough Town Centre, Toronto",3058,ON - Greater Toronto Area,M5V2T6,Dairy & Eggs,Cheese,"Great Value Old Cheddar Cheese Block, 400 g",Great Value,400 g,5.52,5.52,NO,0.0,Regular Everyday Price,1.38,100g,In Stock,2026-10-04T10:37:52.913218+00:00,Official walmart.ca Web Storefront,2026-10-01T04:00:00+00:00,2026-10-08T03:59:59+00:00,https://www.walmart.ca/en/ip/great-value-old-cheddar-cheese-block-400-g/60000001447
CAN-TNT-20001448,tnt,T&T,tntsupermarket.com,"Fairview Mall / Markham, Toronto",008,ON - Greater Toronto Area,M5V2T6,Dairy & Eggs,Cheese,"Armstrong Old Cheddar Cheese Block, 400 g",Armstrong,400 g,6.34,6.34,NO,0.0,Regular Everyday Price,1.58,100g,In Stock,2026-10-04T10:38:06.093211+00:00,Official tntsupermarket.com Web Storefront,2026-10-01T04:00:00+00:00,2026-10-08T03:59:59+00:00,https://www.tntsupermarket.com/eng/2000144-armstrong-old-cheddar-cheese-block-400-g.html
CAN-LOBLAWS-20001449,loblaws,Loblaws,loblaws.ca,"Queen & Portland, Toronto",1006,ON - Greater Toronto Area,M5V2T6,Dairy & Eggs,Cheese,"President's Choice Old Cheddar Cheese Block, 400 g",President's Choice,400 g,7.06,8.06,YES,1.0,PC Optimum Member Price - Save $1.00,1.76,100g,In Stock,2026-10-04T10:38:19.722078+00:00,Official loblaws.ca Web Storefront,2026-10-01T04:00:00+00:00,2026-10-08T03:59:59+00:00,https://www.loblaws.ca/en/presidents-choice-old-cheddar-cheese-block-400-g/p/20001449_EA
CAN-SAVEON-20001450,saveon,Save-On,saveonfoods.com,Toronto Delivery Center,9901,ON - Greater Toronto Area,M5V2T6,Dairy & Eggs,Cheese,"Western Family Old Cheddar Cheese Block, 400 g",Western Family,400 g,6.86,6.86,NO,0.0,Regular Everyday Price,1.72,100g,In Stock,2026-10-04T10:38:31.927838+00:00,Official saveonfoods.com Web Storefront,2026-10-01T04:00:00+00:00,2026-10-08T03:59:59+00:00,https://www.saveonfoods.com/sm/pickup/rsid/9901/product/western-family-old-cheddar-cheese-block-400-g-20001450
CAN-METRO-20001451,metro,Metro,metro.ca,"Front St / Liberty Village, Toronto",0742,ON - Greater Toronto Area,M5V2T6,Dairy & Eggs,Yogurt,"Selection Greek Plain 0% Yogurt, 750 g",Selection,750 g,5.85,5.85,NO,0.0,Regular Everyday Price,0.78,100g,In Stock,2026-10-04T10:38:45.750886+00:00,Official metro.ca Web Storefront,2026-10-01T04:00:00+00:00,2026-10-08T03:59:59+00:00,https://www.metro.ca/en/online-grocery/aisles/dairy-eggs/selection-greek-plain-0-yogurt-750-g-p-20001451
CAN-FOODBASICS-20001452,foodbasics,Food Basics,foodbasics.ca,"Wellesley St E, Toronto",0912,ON - Greater Toronto Area,M5V2T6,Dairy & Eggs,Yogurt,"Selection Greek Plain 0% Yogurt, 750 g",Selection,750 g,5.24,5.24,NO,0.0,Regular Everyday Price,0.7,100g,In Stock,2026-10-04T10:39:00.498825+00:00,Official foodbasics.ca Web Storefront,2026-10-01T04:00:00+00:00,2026-10-08T03:59:59+00:00,https://www.foodbasics.ca/aisles/dairy-eggs/selection-greek-plain-0-yogurt-750-g-p-20001452
CAN-SOBEYS-20001453,sobeys,Sobeys,sobeys.com,"Spadina Ave / Urban Fresh, Toronto",0651,ON - Greater Toronto Area,M5V2T6,Dairy & Eggs,Yogurt,"Compliments Greek Plain 0% Yogurt, 750 g",Compliments,750 g,6.25,6.25,NO,0.0,Regular Everyday Price,0.83,100g,In Stock,2026-10-04T10:39:05.297607+00:00,Official sobeys.com Web Storefront,2026-10-01T04:00:00+00:00,2026-10-08T03:59:59+00:00,https://www.sobeys.com/en/products/compliments-greek-plain-0-yogurt-750-g-20001453
CAN-FRESHCO-20001454,freshco,FreshCo,freshco.com,"Parliament & Dundas, Toronto",9521,ON - Greater Toronto Area,M5V2T6,Dairy & Eggs,Yogurt,"Compliments Greek Plain 0% Yogurt, 750 g",Compliments,750 g,5.24,5.24,NO,0.0,Regular Everyday Price,0.7,100g,In Stock,2026-10-04T10:39:16.112841+00:00,Official freshco.com Web Storefront,2026-10-01T04:00:00+00:00,2026-10-08T03:59:59+00:00,https://freshco.com/products/compliments-greek-plain-0-yogurt-750-g-20001454
CAN-COSTCO-20001455,costco,Costco,costco.ca,"Overlea Blvd, Thorncliffe, Toronto",1105,ON - Greater Toronto Area,M5V2T6,Dairy & Eggs,Yogurt,"Kirkland Signature Greek Plain 0% Yogurt, 2 x 1 kg",Kirkland Signature,2 x 1 kg,10.09,12.59,YES,2.5,Instant Savings $2.50 Off at Checkout,10.09,kg,In Stock,2026-10-04T10:39:29.299906+00:00,Official costco.ca Web Storefront,2026-10-01T04:00:00+00:00,2026-10-08T03:59:59+00:00,https://www.costco.ca/kirkland-signature-greek-plain-0-yogurt-2-x-1-kg.product.001455.html
CAN-NOFRILLS-20001456,nofrills,No Frills,nofrills.ca,"Dufferin Mall, Toronto",3133,ON - Greater Toronto Area,M5V2T6,Dairy & Eggs,Yogurt,"PC Blue Menu Greek Plain 0% Yogurt, 750 g",PC Blue Menu,750 g,5.34,5.34,NO,0.0,Regular Everyday Price,0.71,100g,In Stock,2026-10-04T10:39:36.465445+00:00,Official nofrills.ca Web Storefront,2026-10-01T04:00:00+00:00,2026-10-08T03:59:59+00:00,https://www.nofrills.ca/en/pc-blue-menu-greek-plain-0-yogurt-750-g/p/20001456_EA
CAN-WALMART-20001457,walmart,Walmart,walmart.ca,"Scarborough Town Centre, Toronto",3058,ON - Greater Toronto Area,M5V2T6,Dairy & Eggs,Yogurt,"Great Value Greek Plain 0% Yogurt, 750 g",Great Value,750 g,5.02,5.02,NO,0.0,Regular Everyday Price,0.67,100g,In Stock,2026-10-04T10:39:47.111979+00:00,Official walmart.ca Web Storefront,2026-10-01T04:00:00+00:00,2026-10-08T03:59:59+00:00,https://www.walmart.ca/en/ip/great-value-greek-plain-0-yogurt-750-g/60000001457
CAN-TNT-20001458,tnt,T&T,tntsupermarket.com,"Fairview Mall / Markham, Toronto",008,ON - Greater Toronto Area,M5V2T6,Dairy & Eggs,Yogurt,"Iogo Greek Greek Plain 0% Yogurt, 750 g",Iogo Greek,750 g,5.74,6.85,YES,1.11,Weekly Feature Special - Save $1.11,0.77,100g,In Stock,2026-10-04T10:40:00.738781+00:00,Official tntsupermarket.com Web Storefront,2026-10-01T04:00:00+00:00,2026-10-08T03:59:59+00:00,https://www.tntsupermarket.com/eng/2000145-iogo-greek-greek-plain-0-yogurt-750-g.html
CAN-LOBLAWS-20001459,loblaws,Loblaws,loblaws.ca,"Queen & Portland, Toronto",1006,ON - Greater Toronto Area,M5V2T6,Dairy & Eggs,Yogurt,"President's Choice Greek Plain 0% Yogurt, 750 g",President's Choice,750 g,6.25,7.75,YES,1.5,PC Optimum Member Price - Save $1.50,0.83,100g,In Stock,2026-10-04T10:40:15.502595+00:00,Official loblaws.ca Web Storefront,2026-10-01T04:00:00+00:00,2026-10-08T03:59:59+00:00,https://www.loblaws.ca/en/presidents-choice-greek-plain-0-yogurt-750-g/p/20001459_EA
CAN-SAVEON-20001460,saveon,Save-On,saveonfoods.com,Toronto Delivery Center,9901,ON - Greater Toronto Area,M5V2T6,Dairy & Eggs,Yogurt,"Western Family Greek Plain 0% Yogurt, 750 g",Western Family,750 g,6.05,6.05,NO,0.0,Regular Everyday Price,0.81,100g,In Stock,2026-10-04T10:40:18.973723+00:00,Official saveonfoods.com Web Storefront,2026-10-01T04:00:00+00:00,2026-10-08T03:59:59+00:00,https://www.saveonfoods.com/sm/pickup/rsid/9901/product/western-family-greek-plain-0-yogurt-750-g-20001460
CAN-METRO-20001461,metro,Metro,metro.ca,"Front St / Liberty Village, Toronto",0742,ON - Greater Toronto Area,M5V2T6,Dairy & Eggs,Tofu & Plant-Based,"Selection Extra Firm Organic Tofu, 454 g",Selection,454 g,2.92,2.92,NO,0.0,Regular Everyday Price,0.64,100g,In Stock,2026-10-04T10:40:27.824959+00:00,Official metro.ca Web Storefront,2026-10-01T04:00:00+00:00,2026-10-08T03:59:59+00:00,https://www.metro.ca/en/online-grocery/aisles/dairy-eggs/selection-extra-firm-organic-tofu-454-g-p-20001461
CAN-FOODBASICS-20001462,foodbasics,Food Basics,foodbasics.ca,"Wellesley St E, Toronto",0912,ON - Greater Toronto Area,M5V2T6,Dairy & Eggs,Tofu & Plant-Based,"Selection Extra Firm Organic Tofu, 454 g",Selection,454 g,2.31,2.31,NO,0.0,Regular Everyday Price,0.51,100g,In Stock,2026-10-04T10:40:34.449570+00:00,Official foodbasics.ca Web Storefront,2026-10-01T04:00:00+00:00,2026-10-08T03:59:59+00:00,https://www.foodbasics.ca/aisles/dairy-eggs/selection-extra-firm-organic-tofu-454-g-p-20001462
CAN-SOBEYS-20001463,sobeys,Sobeys,sobeys.com,"Spadina Ave / Urban Fresh, Toronto",0651,ON - Greater Toronto Area,M5V2T6,Dairy & Eggs,Tofu & Plant-Based,"Compliments Extra Firm Organic Tofu, 454 g",Compliments,454 g,3.02,3.02,NO,0.0,Regular Everyday Price,0.67,100g,In Stock,2026-10-04T10:40:41.488495+00:00,Official sobeys.com Web Storefront,2026-10-01T04:00:00+00:00,2026-10-08T03:59:59+00:00,https://www.sobeys.com/en/products/compliments-extra-firm-organic-tofu-454-g-20001463
CAN-FRESHCO-20001464,freshco,FreshCo,freshco.com,"Parliament & Dundas, Toronto",9521,ON - Greater Toronto Area,M5V2T6,Dairy & Eggs,Tofu & Plant-Based,"Compliments Extra Firm Organic Tofu, 454 g",Compliments,454 g,2.31,2.31,NO,0.0,Regular Everyday Price,0.51,100g,In Stock,2026-10-04T10:40:53.023232+00:00,Official freshco.com Web Storefront,2026-10-01T04:00:00+00:00,2026-10-08T03:59:59+00:00,https://freshco.com/products/compliments-extra-firm-organic-tofu-454-g-20001464
CAN-COSTCO-20001465,costco,Costco,costco.ca,"Overlea Blvd, Thorncliffe, Toronto",1105,ON - Greater Toronto Area,M5V2T6,Dairy & Eggs,Tofu & Plant-Based,"Sunrise Soya Extra Firm Organic Tofu, 4 x 454 g",Sunrise Soya,4 x 454 g,8.07,8.07,NO,0.0,Regular Everyday Price,1.78,100g,In Stock,2026-10-04T10:41:00.598619+00:00,Official costco.ca Web Storefront,2026-10-01T04:00:00+00:00,2026-10-08T03:59:59+00:00,https://www.costco.ca/sunrise-soya-extra-firm-organic-tofu-4-x-454-g.product.001465.html
CAN-NOFRILLS-20001466,nofrills,No Frills,nofrills.ca,"Dufferin Mall, Toronto",3133,ON - Greater Toronto Area,M5V2T6,Dairy & Eggs,Tofu & Plant-Based,"Rooster Brand Extra Firm Organic Tofu, 454 g",Rooster Brand,454 g,2.31,2.31,NO,0.0,Regular Everyday Price,0.51,100g,In Stock,2026-10-04T10:41:08.652684+00:00,Official nofrills.ca Web Storefront,2026-10-01T04:00:00+00:00,2026-10-08T03:59:59+00:00,https://www.nofrills.ca/en/rooster-brand-extra-firm-organic-tofu-454-g/p/20001466_EA
CAN-WALMART-20001467,walmart,Walmart,walmart.ca,"Scarborough Town Centre, Toronto",3058,ON - Greater Toronto Area,M5V2T6,Dairy & Eggs,Tofu & Plant-Based,"Sunrise Extra Firm Organic Tofu, 454 g",Sunrise,454 g,2.29,2.29,NO,0.0,Regular Everyday Price,0.5,100g,In Stock,2026-10-04T10:41:13.911299+00:00,Official walmart.ca Web Storefront,2026-10-01T04:00:00+00:00,2026-10-08T03:59:59+00:00,https://www.walmart.ca/en/ip/sunrise-extra-firm-organic-tofu-454-g/60000001467
CAN-TNT-20001468,tnt,T&T,tntsupermarket.com,"Fairview Mall / Markham, Toronto",008,ON - Greater Toronto Area,M5V2T6,Dairy & Eggs,Tofu & Plant-Based,"Sunrise Extra Firm Organic Tofu, 454 g",Sunrise,454 g,2.0,2.0,NO,0.0,Regular Everyday Price,0.44,100g,In Stock,2026-10-04T10:41:26.225499+00:00,Official tntsupermarket.com Web Storefront,2026-10-01T04:00:00+00:00,2026-10-08T03:59:59+00:00,https://www.tntsupermarket.com/eng/2000146-sunrise-extra-firm-organic-tofu-454-g.html
CAN-LOBLAWS-20001469,loblaws,Loblaws,loblaws.ca,"Queen & Portland, Toronto",1006,ON - Greater Toronto Area,M5V2T6,Dairy & Eggs,Tofu & Plant-Based,"PC Organics Extra Firm Organic Tofu, 454 g",PC Organics,454 g,3.02,3.02,NO,0.0,Regular Everyday Price,0.67,100g,In Stock,2026-10-04T10:41:34.650864+00:00,Official loblaws.ca Web Storefront,2026-10-01T04:00:00+00:00,2026-10-08T03:59:59+00:00,https://www.loblaws.ca/en/pc-organics-extra-firm-organic-tofu-454-g/p/20001469_EA
CAN-SAVEON-20001470,saveon,Save-On,saveonfoods.com,Toronto Delivery Center,9901,ON - Greater Toronto Area,M5V2T6,Dairy & Eggs,Tofu & Plant-Based,"Western Family Extra Firm Organic Tofu, 454 g",Western Family,454 g,3.02,3.02,NO,0.0,Regular Everyday Price,0.67,100g,In Stock,2026-10-04T10:41:40.825487+00:00,Official saveonfoods.com Web Storefront,2026-10-01T04:00:00+00:00,2026-10-08T03:59:59+00:00,https://www.saveonfoods.com/sm/pickup/rsid/9901/product/western-family-extra-firm-organic-tofu-454-g-20001470
CAN-METRO-20001471,metro,Metro,metro.ca,"Front St / Liberty Village, Toronto",0742,ON - Greater Toronto Area,M5V2T6,Meat & Seafood,Poultry,"Selection Boneless Skinless Chicken Breasts, 1 kg",Selection,1 kg,15.44,15.44,NO,0.0,Regular Everyday Price,15.44,kg,In Stock,2026-10-04T10:41:55.185821+00:00,Official metro.ca Web Storefront,2026-10-01T04:00:00+00:00,2026-10-08T03:59:59+00:00,https://www.metro.ca/en/online-grocery/aisles/meat-seafood/selection-boneless-skinless-chicken-breasts-1-kg-p-20001471
CAN-FOODBASICS-20001472,foodbasics,Food Basics,foodbasics.ca,"Wellesley St E, Toronto",0912,ON - Greater Toronto Area,M5V2T6,Meat & Seafood,Poultry,"Selection Boneless Skinless Chicken Breasts, 1 kg",Selection,1 kg,13.12,13.12,NO,0.0,Regular Everyday Price,13.12,kg,In Stock,2026-10-04T10:42:02.326864+00:00,Official foodbasics.ca Web Storefront,2026-10-01T04:00:00+00:00,2026-10-08T03:59:59+00:00,https://www.foodbasics.ca/aisles/meat-seafood/selection-boneless-skinless-chicken-breasts-1-kg-p-20001472
CAN-SOBEYS-20001473,sobeys,Sobeys,sobeys.com,"Spadina Ave / Urban Fresh, Toronto",0651,ON - Greater Toronto Area,M5V2T6,Meat & Seafood,Poultry,"Compliments Boneless Skinless Chicken Breasts, 1 kg",Compliments,1 kg,16.65,16.65,NO,0.0,Regular Everyday Price,16.65,kg,In Stock,2026-10-04T10:42:09.059412+00:00,Official sobeys.com Web Storefront,2026-10-01T04:00:00+00:00,2026-10-08T03:59:59+00:00,https://www.sobeys.com/en/products/compliments-boneless-skinless-chicken-breasts-1-kg-20001473
CAN-FRESHCO-20001474,freshco,FreshCo,freshco.com,"Parliament & Dundas, Toronto",9521,ON - Greater Toronto Area,M5V2T6,Meat & Seafood,Poultry,"Compliments Boneless Skinless Chicken Breasts, 1 kg",Compliments,1 kg,13.12,13.12,NO,0.0,Regular Everyday Price,13.12,kg,In Stock,2026-10-04T10:42:19.398020+00:00,Official freshco.com Web Storefront,2026-10-01T04:00:00+00:00,2026-10-08T03:59:59+00:00,https://freshco.com/products/compliments-boneless-skinless-chicken-breasts-1-kg-20001474
CAN-COSTCO-20001475,costco,Costco,costco.ca,"Overlea Blvd, Thorncliffe, Toronto",1105,ON - Greater Toronto Area,M5V2T6,Meat & Seafood,Poultry,"Kirkland Signature Boneless Skinless Chicken Breasts, 2.4 kg bulk",Kirkland Signature,2.4 kg bulk,30.29,30.29,NO,0.0,Regular Everyday Price,12.62,kg,In Stock,2026-10-04T10:42:22.901195+00:00,Official costco.ca Web Storefront,2026-10-01T04:00:00+00:00,2026-10-08T03:59:59+00:00,https://www.costco.ca/kirkland-signature-boneless-skinless-chicken-breasts-24-kg-bulk.product.001475.html
CAN-NOFRILLS-20001476,nofrills,No Frills,nofrills.ca,"Dufferin Mall, Toronto",3133,ON - Greater Toronto Area,M5V2T6,Meat & Seafood,Poultry,"Farmer's Market Boneless Skinless Chicken Breasts, 1 kg",Farmer's Market,1 kg,13.12,14.37,YES,1.25,Hit of the Month - Rollback $1.25,13.12,kg,In Stock,2026-10-04T10:42:31.548057+00:00,Official nofrills.ca Web Storefront,2026-10-01T04:00:00+00:00,2026-10-08T03:59:59+00:00,https://www.nofrills.ca/en/farmers-market-boneless-skinless-chicken-breasts-1-kg/p/20001476_EA
CAN-WALMART-20001477,walmart,Walmart,walmart.ca,"Scarborough Town Centre, Toronto",3058,ON - Greater Toronto Area,M5V2T6,Meat & Seafood,Poultry,"Your Fresh Market Boneless Skinless Chicken Breasts, 1 kg",Your Fresh Market,1 kg,13.1,13.1,NO,0.0,Regular Everyday Price,13.1,kg,In Stock,2026-10-04T10:42:34.809960+00:00,Official walmart.ca Web Storefront,2026-10-01T04:00:00+00:00,2026-10-08T03:59:59+00:00,https://www.walmart.ca/en/ip/your-fresh-market-boneless-skinless-chicken-breasts-1-kg/60000001477
CAN-TNT-20001478,tnt,T&T,tntsupermarket.com,"Fairview Mall / Markham, Toronto",008,ON - Greater Toronto Area,M5V2T6,Meat & Seafood,Poultry,"T&T Fresh Boneless Skinless Chicken Breasts, 1 kg",T&T Fresh,1 kg,14.02,14.02,NO,0.0,Regular Everyday Price,14.02,kg,In Stock,2026-10-04T10:42:41.035454+00:00,Official tntsupermarket.com Web Storefront,2026-10-01T04:00:00+00:00,2026-10-08T03:59:59+00:00,https://www.tntsupermarket.com/eng/2000147-tt-fresh-boneless-skinless-chicken-breasts-1-kg.html
CAN-LOBLAWS-20001479,loblaws,Loblaws,loblaws.ca,"Queen & Portland, Toronto",1006,ON - Greater Toronto Area,M5V2T6,Meat & Seafood,Poultry,"PC Free From Boneless Skinless Chicken Breasts, 1 kg",PC Free From,1 kg,16.65,16.65,NO,0.0,Regular Everyday Price,16.65,kg,In Stock,2026-10-04T10:42:45.365961+00:00,Official loblaws.ca Web Storefront,2026-10-01T04:00:00+00:00,2026-10-08T03:59:59+00:00,https://www.loblaws.ca/en/pc-free-from-boneless-skinless-chicken-breasts-1-kg/p/20001479_EA
CAN-SAVEON-20001480,saveon,Save-On,saveonfoods.com,Toronto Delivery Center,9901,ON - Greater Toronto Area,M5V2T6,Meat & Seafood,Poultry,"Western Family Boneless Skinless Chicken Breasts, 1 kg",Western Family,1 kg,15.64,15.64,NO,0.0,Regular Everyday Price,15.64,kg,In Stock,2026-10-04T10:42:59.580549+00:00,Official saveonfoods.com Web Storefront,2026-10-01T04:00:00+00:00,2026-10-08T03:59:59+00:00,https://www.saveonfoods.com/sm/pickup/rsid/9901/product/western-family-boneless-skinless-chicken-breasts-1-kg-20001480
CAN-METRO-20001481,metro,Metro,metro.ca,"Front St / Liberty Village, Toronto",0742,ON - Greater Toronto Area,M5V2T6,Meat & Seafood,Beef,"Selection Lean Ground Beef, 1 kg",Selection,1 kg,14.43,15.73,YES,1.3,Weekly Flyer Special - Save $1.30,14.43,kg,In Stock,2026-10-04T10:43:12.703737+00:00,Official metro.ca Web Storefront,2026-10-01T04:00:00+00:00,2026-10-08T03:59:59+00:00,https://www.metro.ca/en/online-grocery/aisles/meat-seafood/selection-lean-ground-beef-1-kg-p-20001481
CAN-FOODBASICS-20001482,foodbasics,Food Basics,foodbasics.ca,"Wellesley St E, Toronto",0912,ON - Greater Toronto Area,M5V2T6,Meat & Seafood,Beef,"Selection Lean Ground Beef, 1 kg",Selection,1 kg,12.11,13.11,YES,1.0,Always More For Less - Save $1.00,12.11,kg,In Stock,2026-10-04T10:43:16.995909+00:00,Official foodbasics.ca Web Storefront,2026-10-01T04:00:00+00:00,2026-10-08T03:59:59+00:00,https://www.foodbasics.ca/aisles/meat-seafood/selection-lean-ground-beef-1-kg-p-20001482
CAN-SOBEYS-20001483,sobeys,Sobeys,sobeys.com,"Spadina Ave / Urban Fresh, Toronto",0651,ON - Greater Toronto Area,M5V2T6,Meat & Seafood,Beef,"Compliments Lean Ground Beef, 1 kg",Compliments,1 kg,15.14,15.14,NO,0.0,Regular Everyday Price,15.14,kg,In Stock,2026-10-04T10:43:30.448981+00:00,Official sobeys.com Web Storefront,2026-10-01T04:00:00+00:00,2026-10-08T03:59:59+00:00,https://www.sobeys.com/en/products/compliments-lean-ground-beef-1-kg-20001483
CAN-FRESHCO-20001484,freshco,FreshCo,freshco.com,"Parliament & Dundas, Toronto",9521,ON - Greater Toronto Area,M5V2T6,Meat & Seafood,Beef,"Compliments Lean Ground Beef, 1 kg",Compliments,1 kg,12.11,12.11,NO,0.0,Regular Everyday Price,12.11,kg,In Stock,2026-10-04T10:43:42.632272+00:00,Official freshco.com Web Storefront,2026-10-01T04:00:00+00:00,2026-10-08T03:59:59+00:00,https://freshco.com/products/compliments-lean-ground-beef-1-kg-20001484
CAN-COSTCO-20001485,costco,Costco,costco.ca,"Overlea Blvd, Thorncliffe, Toronto",1105,ON - Greater Toronto Area,M5V2T6,Meat & Seafood,Beef,"Kirkland Signature Lean Ground Beef, 2.2 kg bulk",Kirkland Signature,2.2 kg bulk,27.26,27.26,NO,0.0,Regular Everyday Price,12.39,kg,In Stock,2026-10-04T10:43:46.905431+00:00,Official costco.ca Web Storefront,2026-10-01T04:00:00+00:00,2026-10-08T03:59:59+00:00,https://www.costco.ca/kirkland-signature-lean-ground-beef-22-kg-bulk.product.001485.html
CAN-NOFRILLS-20001486,nofrills,No Frills,nofrills.ca,"Dufferin Mall, Toronto",3133,ON - Greater Toronto Area,M5V2T6,Meat & Seafood,Beef,"No Name Lean Ground Beef, 1 kg",No Name,1 kg,12.11,12.11,NO,0.0,Regular Everyday Price,12.11,kg,In Stock,2026-10-04T10:43:54.379096+00:00,Official nofrills.ca Web Storefront,2026-10-01T04:00:00+00:00,2026-10-08T03:59:59+00:00,https://www.nofrills.ca/en/no-name-lean-ground-beef-1-kg/p/20001486_EA
CAN-WALMART-20001487,walmart,Walmart,walmart.ca,"Scarborough Town Centre, Toronto",3058,ON - Greater Toronto Area,M5V2T6,Meat & Seafood,Beef,"Your Fresh Market Lean Ground Beef, 1 kg",Your Fresh Market,1 kg,12.09,12.09,NO,0.0,Regular Everyday Price,12.09,kg,In Stock,2026-10-04T10:44:06.937817+00:00,Official walmart.ca Web Storefront,2026-10-01T04:00:00+00:00,2026-10-08T03:59:59+00:00,https://www.walmart.ca/en/ip/your-fresh-market-lean-ground-beef-1-kg/60000001487
CAN-TNT-20001488,tnt,T&T,tntsupermarket.com,"Fairview Mall / Markham, Toronto",008,ON - Greater Toronto Area,M5V2T6,Meat & Seafood,Beef,"T&T Fresh Lean Ground Beef, 1 kg",T&T Fresh,1 kg,13.01,13.01,NO,0.0,Regular Everyday Price,13.01,kg,In Stock,2026-10-04T10:44:18.930690+00:00,Official tntsupermarket.com Web Storefront,2026-10-01T04:00:00+00:00,2026-10-08T03:59:59+00:00,https://www.tntsupermarket.com/eng/2000148-tt-fresh-lean-ground-beef-1-kg.html
CAN-LOBLAWS-20001489,loblaws,Loblaws,loblaws.ca,"Queen & Portland, Toronto",1006,ON - Greater Toronto Area,M5V2T6,Meat & Seafood,Beef,"President's Choice Lean Ground Beef, 1 kg",President's Choice,1 kg,15.14,15.14,NO,0.0,Regular Everyday Price,15.14,kg,In Stock,2026-10-04T10:44:28.243620+00:00,Official loblaws.ca Web Storefront,2026-10-01T04:00:00+00:00,2026-10-08T03:59:59+00:00,https://www.loblaws.ca/en/presidents-choice-lean-ground-beef-1-kg/p/20001489_EA
CAN-SAVEON-20001490,saveon,Save-On,saveonfoods.com,Toronto Delivery Center,9901,ON - Greater Toronto Area,M5V2T6,Meat & Seafood,Beef,"Western Family Lean Ground Beef, 1 kg",Western Family,1 kg,14.63,14.63,NO,0.0,Regular Everyday Price,14.63,kg,In Stock,2026-10-04T10:44:42.686788+00:00,Official saveonfoods.com Web Storefront,2026-10-01T04:00:00+00:00,2026-10-08T03:59:59+00:00,https://www.saveonfoods.com/sm/pickup/rsid/9901/product/western-family-lean-ground-beef-1-kg-20001490
CAN-METRO-20001491,metro,Metro,metro.ca,"Front St / Liberty Village, Toronto",0742,ON - Greater Toronto Area,M5V2T6,Meat & Seafood,Seafood,"Selection Atlantic Salmon Fillets Fresh, 1 kg",Selection,1 kg,25.24,26.54,YES,1.3,Weekly Flyer Special - Save $1.30,25.24,kg,In Stock,2026-10-04T10:44:53.782355+00:00,Official metro.ca Web Storefront,2026-10-01T04:00:00+00:00,2026-10-08T03:59:59+00:00,https://www.metro.ca/en/online-grocery/aisles/meat-seafood/selection-atlantic-salmon-fillets-fresh-1-kg-p-20001491
CAN-FOODBASICS-20001492,foodbasics,Food Basics,foodbasics.ca,"Wellesley St E, Toronto",0912,ON - Greater Toronto Area,M5V2T6,Meat & Seafood,Seafood,"Selection Atlantic Salmon Fillets Fresh, 1 kg",Selection,1 kg,22.21,22.21,NO,0.0,Regular Everyday Price,22.21,kg,In Stock,2026-10-04T10:45:06.520784+00:00,Official foodbasics.ca Web Storefront,2026-10-01T04:00:00+00:00,2026-10-08T03:59:59+00:00,https://www.foodbasics.ca/aisles/meat-seafood/selection-atlantic-salmon-fillets-fresh-1-kg-p-20001492
CAN-SOBEYS-20001493,sobeys,Sobeys,sobeys.com,"Spadina Ave / Urban Fresh, Toronto",0651,ON - Greater Toronto Area,M5V2T6,Meat & Seafood,Seafood,"Compliments Atlantic Salmon Fillets Fresh, 1 kg",Compliments,1 kg,26.25,26.25,NO,0.0,Regular Everyday Price,26.25,kg,In Stock,2026-10-04T10:45:16.519132+00:00,Official sobeys.com Web Storefront,2026-10-01T04:00:00+00:00,2026-10-08T03:59:59+00:00,https://www.sobeys.com/en/products/compliments-atlantic-salmon-fillets-fresh-1-kg-20001493
CAN-FRESHCO-20001494,freshco,FreshCo,freshco.com,"Parliament & Dundas, Toronto",9521,ON - Greater Toronto Area,M5V2T6,Meat & Seafood,Seafood,"Compliments Atlantic Salmon Fillets Fresh, 1 kg",Compliments,1 kg,22.21,22.21,NO,0.0,Regular Everyday Price,22.21,kg,In Stock,2026-10-04T10:45:29.726874+00:00,Official freshco.com Web Storefront,2026-10-01T04:00:00+00:00,2026-10-08T03:59:59+00:00,https://freshco.com/products/compliments-atlantic-salmon-fillets-fresh-1-kg-20001494
CAN-COSTCO-20001495,costco,Costco,costco.ca,"Overlea Blvd, Thorncliffe, Toronto",1105,ON - Greater Toronto Area,M5V2T6,Meat & Seafood,Seafood,"Kirkland Signature Atlantic Salmon Fillets Fresh, 1.4 kg",Kirkland Signature,1.4 kg,32.31,32.31,NO,0.0,Regular Everyday Price,23.08,kg,In Stock,2026-10-04T10:45:36.614598+00:00,Official costco.ca Web Storefront,2026-10-01T04:00:00+00:00,2026-10-08T03:59:59+00:00,https://www.costco.ca/kirkland-signature-atlantic-salmon-fillets-fresh-14-kg.product.001495.html
CAN-NOFRILLS-20001496,nofrills,No Frills,nofrills.ca,"Dufferin Mall, Toronto",3133,ON - Greater Toronto Area,M5V2T6,Meat & Seafood,Seafood,"Farmer's Market Atlantic Salmon Fillets Fresh, 1 kg",Farmer's Market,1 kg,22.21,22.21,NO,0.0,Regular Everyday Price,22.21,kg,In Stock,2026-10-04T10:45:51.513979+00:00,Official nofrills.ca Web Storefront,2026-10-01T04:00:00+00:00,2026-10-08T03:59:59+00:00,https://www.nofrills.ca/en/farmers-market-atlantic-salmon-fillets-fresh-1-kg/p/20001496_EA
CAN-WALMART-20001497,walmart,Walmart,walmart.ca,"Scarborough Town Centre, Toronto",3058,ON - Greater Toronto Area,M5V2T6,Meat & Seafood,Seafood,"Your Fresh Market Atlantic Salmon Fillets Fresh, 1 kg",Your Fresh Market,1 kg,22.19,22.19,NO,0.0,Regular Everyday Price,22.19,kg,In Stock,2026-10-04T10:46:04.526202+00:00,Official walmart.ca Web Storefront,2026-10-01T04:00:00+00:00,2026-10-08T03:59:59+00:00,https://www.walmart.ca/en/ip/your-fresh-market-atlantic-salmon-fillets-fresh-1-kg/60000001497
CAN-TNT-20001498,tnt,T&T,tntsupermarket.com,"Fairview Mall / Markham, Toronto",008,ON - Greater Toronto Area,M5V2T6,Meat & Seafood,Seafood,"T&T Seafood Direct Atlantic Salmon Fillets Fresh, 1 kg",T&T Seafood Direct,1 kg,21.09,21.09,NO,0.0,Regular Everyday Price,21.09,kg,In Stock,2026-10-04T10:46:16.739906+00:00,Official tntsupermarket.com Web Storefront,2026-10-01T04:00:00+00:00,2026-10-08T03:59:59+00:00,https://www.tntsupermarket.com/eng/2000149-tt-seafood-direct-atlantic-salmon-fillets-fresh-1-kg.html
CAN-LOBLAWS-20001499,loblaws,Loblaws,loblaws.ca,"Queen & Portland, Toronto",1006,ON - Greater Toronto Area,M5V2T6,Meat & Seafood,Seafood,"PC Blue Menu Atlantic Salmon Fillets Fresh, 1 kg",PC Blue Menu,1 kg,26.25,26.25,NO,0.0,Regular Everyday Price,26.25,kg,In Stock,2026-10-04T10:46:30.149541+00:00,Official loblaws.ca Web Storefront,2026-10-01T04:00:00+00:00,2026-10-08T03:59:59+00:00,https://www.loblaws.ca/en/pc-blue-menu-atlantic-salmon-fillets-fresh-1-kg/p/20001499_EA
CAN-SAVEON-20001500,saveon,Save-On,saveonfoods.com,Toronto Delivery Center,9901,ON - Greater Toronto Area,M5V2T6,Meat & Seafood,Seafood,"Western Family Atlantic Salmon Fillets Fresh, 1 kg",Western Family,1 kg,25.24,25.94,YES,0.7,Save $0.70 With More Rewards Card,25.24,kg,In Stock,2026-10-04T10:46:43.878368+00:00,Official saveonfoods.com Web Storefront,2026-10-01T04:00:00+00:00,2026-10-08T03:59:59+00:00,https://www.saveonfoods.com/sm/pickup/rsid/9901/product/western-family-atlantic-salmon-fillets-fresh-1-kg-20001500
CAN-METRO-20001501,metro,Metro,metro.ca,"Front St / Liberty Village, Toronto",0742,ON - Greater Toronto Area,M5V2T6,Meat & Seafood,Pork & Bacon,"Selection Naturally Smoked Thick Cut Bacon, 375 g",Selection,375 g,7.06,7.06,NO,0.0,Regular Everyday Price,1.88,100g,In Stock,2026-10-04T10:46:50.423814+00:00,Official metro.ca Web Storefront,2026-10-01T04:00:00+00:00,2026-10-08T03:59:59+00:00,https://www.metro.ca/en/online-grocery/aisles/meat-seafood/selection-naturally-smoked-thick-cut-bacon-375-g-p-20001501
CAN-FOODBASICS-20001502,foodbasics,Food Basics,foodbasics.ca,"Wellesley St E, Toronto",0912,ON - Greater Toronto Area,M5V2T6,Meat & Seafood,Pork & Bacon,"Selection Naturally Smoked Thick Cut Bacon, 375 g",Selection,375 g,5.54,5.54,NO,0.0,Regular Everyday Price,1.48,100g,In Stock,2026-10-04T10:46:55.843097+00:00,Official foodbasics.ca Web Storefront,2026-10-01T04:00:00+00:00,2026-10-08T03:59:59+00:00,https://www.foodbasics.ca/aisles/meat-seafood/selection-naturally-smoked-thick-cut-bacon-375-g-p-20001502
CAN-SOBEYS-20001503,sobeys,Sobeys,sobeys.com,"Spadina Ave / Urban Fresh, Toronto",0651,ON - Greater Toronto Area,M5V2T6,Meat & Seafood,Pork & Bacon,"Compliments Naturally Smoked Thick Cut Bacon, 375 g",Compliments,375 g,7.56,7.56,NO,0.0,Regular Everyday Price,2.02,100g,In Stock,2026-10-04T10:47:00.321984+00:00,Official sobeys.com Web Storefront,2026-10-01T04:00:00+00:00,2026-10-08T03:59:59+00:00,https://www.sobeys.com/en/products/compliments-naturally-smoked-thick-cut-bacon-375-g-20001503
CAN-FRESHCO-20001504,freshco,FreshCo,freshco.com,"Parliament & Dundas, Toronto",9521,ON - Greater Toronto Area,M5V2T6,Meat & Seafood,Pork & Bacon,"Compliments Naturally Smoked Thick Cut Bacon, 375 g",Compliments,375 g,5.54,5.54,NO,0.0,Regular Everyday Price,1.48,100g,In Stock,2026-10-04T10:47:11.924925+00:00,Official freshco.com Web Storefront,2026-10-01T04:00:00+00:00,2026-10-08T03:59:59+00:00,https://freshco.com/products/compliments-naturally-smoked-thick-cut-bacon-375-g-20001504
CAN-COSTCO-20001505,costco,Costco,costco.ca,"Overlea Blvd, Thorncliffe, Toronto",1105,ON - Greater Toronto Area,M5V2T6,Meat & Seafood,Pork & Bacon,"Kirkland Signature Naturally Smoked Thick Cut Bacon, 4 x 500 g",Kirkland Signature,4 x 500 g,19.18,19.18,NO,0.0,Regular Everyday Price,3.84,100g,In Stock,2026-10-04T10:47:17.426399+00:00,Official costco.ca Web Storefront,2026-10-01T04:00:00+00:00,2026-10-08T03:59:59+00:00,https://www.costco.ca/kirkland-signature-naturally-smoked-thick-cut-bacon-4-x-500-g.product.001505.html
CAN-NOFRILLS-20001506,nofrills,No Frills,nofrills.ca,"Dufferin Mall, Toronto",3133,ON - Greater Toronto Area,M5V2T6,Meat & Seafood,Pork & Bacon,"No Name Naturally Smoked Thick Cut Bacon, 375 g",No Name,375 g,5.54,5.54,NO,0.0,Regular Everyday Price,1.48,100g,In Stock,2026-10-04T10:47:23.716407+00:00,Official nofrills.ca Web Storefront,2026-10-01T04:00:00+00:00,2026-10-08T03:59:59+00:00,https://www.nofrills.ca/en/no-name-naturally-smoked-thick-cut-bacon-375-g/p/20001506_EA
CAN-WALMART-20001507,walmart,Walmart,walmart.ca,"Scarborough Town Centre, Toronto",3058,ON - Greater Toronto Area,M5V2T6,Meat & Seafood,Pork & Bacon,"Great Value Naturally Smoked Thick Cut Bacon, 375 g",Great Value,375 g,5.52,5.52,NO,0.0,Regular Everyday Price,1.47,100g,In Stock,2026-10-04T10:47:32.598150+00:00,Official walmart.ca Web Storefront,2026-10-01T04:00:00+00:00,2026-10-08T03:59:59+00:00,https://www.walmart.ca/en/ip/great-value-naturally-smoked-thick-cut-bacon-375-g/60000001507
CAN-TNT-20001508,tnt,T&T,tntsupermarket.com,"Fairview Mall / Markham, Toronto",008,ON - Greater Toronto Area,M5V2T6,Meat & Seafood,Pork & Bacon,"Maple Leaf Naturally Smoked Thick Cut Bacon, 375 g",Maple Leaf,375 g,6.95,6.95,NO,0.0,Regular Everyday Price,1.85,100g,In Stock,2026-10-04T10:47:46.554864+00:00,Official tntsupermarket.com Web Storefront,2026-10-01T04:00:00+00:00,2026-10-08T03:59:59+00:00,https://www.tntsupermarket.com/eng/2000150-maple-leaf-naturally-smoked-thick-cut-bacon-375-g.html
CAN-LOBLAWS-20001509,loblaws,Loblaws,loblaws.ca,"Queen & Portland, Toronto",1006,ON - Greater Toronto Area,M5V2T6,Meat & Seafood,Pork & Bacon,"President's Choice Naturally Smoked Thick Cut Bacon, 375 g",President's Choice,375 g,7.56,9.56,YES,2.0,PC Optimum Member Price - Save $2.00,2.02,100g,In Stock,2026-10-04T10:47:59.206588+00:00,Official loblaws.ca Web Storefront,2026-10-01T04:00:00+00:00,2026-10-08T03:59:59+00:00,https://www.loblaws.ca/en/presidents-choice-naturally-smoked-thick-cut-bacon-375-g/p/20001509_EA
CAN-SAVEON-20001510,saveon,Save-On,saveonfoods.com,Toronto Delivery Center,9901,ON - Greater Toronto Area,M5V2T6,Meat & Seafood,Pork & Bacon,"Western Family Naturally Smoked Thick Cut Bacon, 375 g",Western Family,375 g,7.36,9.36,YES,2.0,Save $2.00 With More Rewards Card,1.96,100g,In Stock,2026-10-04T10:48:03.229928+00:00,Official saveonfoods.com Web Storefront,2026-10-01T04:00:00+00:00,2026-10-08T03:59:59+00:00,https://www.saveonfoods.com/sm/pickup/rsid/9901/product/western-family-naturally-smoked-thick-cut-bacon-375-g-20001510
CAN-METRO-20001511,metro,Metro,metro.ca,"Front St / Liberty Village, Toronto",0742,ON - Greater Toronto Area,M5V2T6,Bakery & Bread,Bread,"Selection 100% Whole Wheat Sliced Bread, 675 g",Selection,675 g,3.52,3.52,NO,0.0,Regular Everyday Price,0.52,100g,In Stock,2026-10-04T10:48:10.566406+00:00,Official metro.ca Web Storefront,2026-10-01T04:00:00+00:00,2026-10-08T03:59:59+00:00,https://www.metro.ca/en/online-grocery/aisles/bakery-bread/selection-100-whole-wheat-sliced-bread-675-g-p-20001511
CAN-FOODBASICS-20001512,foodbasics,Food Basics,foodbasics.ca,"Wellesley St E, Toronto",0912,ON - Greater Toronto Area,M5V2T6,Bakery & Bread,Bread,"Selection 100% Whole Wheat Sliced Bread, 675 g",Selection,675 g,2.51,3.01,YES,0.5,Always More For Less - Save $0.50,0.37,100g,In Stock,2026-10-04T10:48:21.824751+00:00,Official foodbasics.ca Web Storefront,2026-10-01T04:00:00+00:00,2026-10-08T03:59:59+00:00,https://www.foodbasics.ca/aisles/bakery-bread/selection-100-whole-wheat-sliced-bread-675-g-p-20001512
CAN-SOBEYS-20001513,sobeys,Sobeys,sobeys.com,"Spadina Ave / Urban Fresh, Toronto",0651,ON - Greater Toronto Area,M5V2T6,Bakery & Bread,Bread,"Compliments 100% Whole Wheat Sliced Bread, 675 g",Compliments,675 g,4.03,4.03,NO,0.0,Regular Everyday Price,0.6,100g,In Stock,2026-10-04T10:48:29.936173+00:00,Official sobeys.com Web Storefront,2026-10-01T04:00:00+00:00,2026-10-08T03:59:59+00:00,https://www.sobeys.com/en/products/compliments-100-whole-wheat-sliced-bread-675-g-20001513
CAN-FRESHCO-20001514,freshco,FreshCo,freshco.com,"Parliament & Dundas, Toronto",9521,ON - Greater Toronto Area,M5V2T6,Bakery & Bread,Bread,"Compliments 100% Whole Wheat Sliced Bread, 675 g",Compliments,675 g,2.51,2.51,NO,0.0,Regular Everyday Price,0.37,100g,In Stock,2026-10-04T10:48:44.811338+00:00,Official freshco.com Web Storefront,2026-10-01T04:00:00+00:00,2026-10-08T03:59:59+00:00,https://freshco.com/products/compliments-100-whole-wheat-sliced-bread-675-g-20001514
CAN-COSTCO-20001515,costco,Costco,costco.ca,"Overlea Blvd, Thorncliffe, Toronto",1105,ON - Greater Toronto Area,M5V2T6,Bakery & Bread,Bread,"Dempster's 100% Whole Wheat Sliced Bread, 3 x 675 g",Dempster's,3 x 675 g,7.06,11.06,YES,4.0,Instant Savings $4.00 Off at Checkout,1.05,100g,In Stock,2026-10-04T10:48:51.399254+00:00,Official costco.ca Web Storefront,2026-10-01T04:00:00+00:00,2026-10-08T03:59:59+00:00,https://www.costco.ca/dempsters-100-whole-wheat-sliced-bread-3-x-675-g.product.001515.html
CAN-NOFRILLS-20001516,nofrills,No Frills,nofrills.ca,"Dufferin Mall, Toronto",3133,ON - Greater Toronto Area,M5V2T6,Bakery & Bread,Bread,"No Name 100% Whole Wheat Sliced Bread, 675 g",No Name,675 g,2.51,2.51,NO,0.0,Regular Everyday Price,0.37,100g,In Stock,2026-10-04T10:48:56.835546+00:00,Official nofrills.ca Web Storefront,2026-10-01T04:00:00+00:00,2026-10-08T03:59:59+00:00,https://www.nofrills.ca/en/no-name-100-whole-wheat-sliced-bread-675-g/p/20001516_EA
CAN-WALMART-20001517,walmart,Walmart,walmart.ca,"Scarborough Town Centre, Toronto",3058,ON - Greater Toronto Area,M5V2T6,Bakery & Bread,Bread,"Great Value 100% Whole Wheat Sliced Bread, 675 g",Great Value,675 g,2.49,3.46,YES,0.97,Rollback - Save $0.97,0.37,100g,In Stock,2026-10-04T10:49:00.969268+00:00,Official walmart.ca Web Storefront,2026-10-01T04:00:00+00:00,2026-10-08T03:59:59+00:00,https://www.walmart.ca/en/ip/great-value-100-whole-wheat-sliced-bread-675-g/60000001517
CAN-TNT-20001518,tnt,T&T,tntsupermarket.com,"Fairview Mall / Markham, Toronto",008,ON - Greater Toronto Area,M5V2T6,Bakery & Bread,Bread,"T&T Bakery 100% Whole Wheat Sliced Bread, 675 g",T&T Bakery,675 g,3.31,3.31,NO,0.0,Regular Everyday Price,0.49,100g,In Stock,2026-10-04T10:49:15.012559+00:00,Official tntsupermarket.com Web Storefront,2026-10-01T04:00:00+00:00,2026-10-08T03:59:59+00:00,https://www.tntsupermarket.com/eng/2000151-tt-bakery-100-whole-wheat-sliced-bread-675-g.html
CAN-LOBLAWS-20001519,loblaws,Loblaws,loblaws.ca,"Queen & Portland, Toronto",1006,ON - Greater Toronto Area,M5V2T6,Bakery & Bread,Bread,"Country Harvest 100% Whole Wheat Sliced Bread, 675 g",Country Harvest,675 g,4.03,5.03,YES,1.0,PC Optimum Member Price - Save $1.00,0.6,100g,In Stock,2026-10-04T10:49:25.629393+00:00,Official loblaws.ca Web Storefront,2026-10-01T04:00:00+00:00,2026-10-08T03:59:59+00:00,https://www.loblaws.ca/en/country-harvest-100-whole-wheat-sliced-bread-675-g/p/20001519_EA
CAN-SAVEON-20001520,saveon,Save-On,saveonfoods.com,Toronto Delivery Center,9901,ON - Greater Toronto Area,M5V2T6,Bakery & Bread,Bread,"Western Family 100% Whole Wheat Sliced Bread, 675 g",Western Family,675 g,3.73,3.73,NO,0.0,Regular Everyday Price,0.55,100g,In Stock,2026-10-04T10:49:32.999005+00:00,Official saveonfoods.com Web Storefront,2026-10-01T04:00:00+00:00,2026-10-08T03:59:59+00:00,https://www.saveonfoods.com/sm/pickup/rsid/9901/product/western-family-100-whole-wheat-sliced-bread-675-g-20001520
CAN-METRO-20001521,metro,Metro,metro.ca,"Front St / Liberty Village, Toronto",0742,ON - Greater Toronto Area,M5V2T6,Bakery & Bread,Bagels,"Selection Everything Bagels, 6 pack",Selection,6 pack,4.03,4.03,NO,0.0,Regular Everyday Price,0.67,each,In Stock,2026-10-04T10:49:45.854283+00:00,Official metro.ca Web Storefront,2026-10-01T04:00:00+00:00,2026-10-08T03:59:59+00:00,https://www.metro.ca/en/online-grocery/aisles/bakery-bread/selection-everything-bagels-6-pack-p-20001521
CAN-FOODBASICS-20001522,foodbasics,Food Basics,foodbasics.ca,"Wellesley St E, Toronto",0912,ON - Greater Toronto Area,M5V2T6,Bakery & Bread,Bagels,"Selection Everything Bagels, 6 pack",Selection,6 pack,3.02,3.02,NO,0.0,Regular Everyday Price,0.5,each,In Stock,2026-10-04T10:49:54.952838+00:00,Official foodbasics.ca Web Storefront,2026-10-01T04:00:00+00:00,2026-10-08T03:59:59+00:00,https://www.foodbasics.ca/aisles/bakery-bread/selection-everything-bagels-6-pack-p-20001522
CAN-SOBEYS-20001523,sobeys,Sobeys,sobeys.com,"Spadina Ave / Urban Fresh, Toronto",0651,ON - Greater Toronto Area,M5V2T6,Bakery & Bread,Bagels,"Compliments Everything Bagels, 6 pack",Compliments,6 pack,4.53,4.53,NO,0.0,Regular Everyday Price,0.76,each,In Stock,2026-10-04T10:50:03.293807+00:00,Official sobeys.com Web Storefront,2026-10-01T04:00:00+00:00,2026-10-08T03:59:59+00:00,https://www.sobeys.com/en/products/compliments-everything-bagels-6-pack-20001523
CAN-FRESHCO-20001524,freshco,FreshCo,freshco.com,"Parliament & Dundas, Toronto",9521,ON - Greater Toronto Area,M5V2T6,Bakery & Bread,Bagels,"Compliments Everything Bagels, 6 pack",Compliments,6 pack,3.02,3.02,NO,0.0,Regular Everyday Price,0.5,each,In Stock,2026-10-04T10:50:14.202003+00:00,Official freshco.com Web Storefront,2026-10-01T04:00:00+00:00,2026-10-08T03:59:59+00:00,https://freshco.com/products/compliments-everything-bagels-6-pack-20001524
CAN-COSTCO-20001525,costco,Costco,costco.ca,"Overlea Blvd, Thorncliffe, Toronto",1105,ON - Greater Toronto Area,M5V2T6,Bakery & Bread,Bagels,"Kirkland Signature Everything Bagels, 2 x 6 pack",Kirkland Signature,2 x 6 pack,8.07,8.07,NO,0.0,Regular Everyday Price,1.34,each,In Stock,2026-10-04T10:50:22.018190+00:00,Official costco.ca Web Storefront,2026-10-01T04:00:00+00:00,2026-10-08T03:59:59+00:00,https://www.costco.ca/kirkland-signature-everything-bagels-2-x-6-pack.product.001525.html
CAN-NOFRILLS-20001526,nofrills,No Frills,nofrills.ca,"Dufferin Mall, Toronto",3133,ON - Greater Toronto Area,M5V2T6,Bakery & Bread,Bagels,"No Name Everything Bagels, 6 pack",No Name,6 pack,3.02,3.02,NO,0.0,Regular Everyday Price,0.5,each,In Stock,2026-10-04T10:50:25.445436+00:00,Official nofrills.ca Web Storefront,2026-10-01T04:00:00+00:00,2026-10-08T03:59:59+00:00,https://www.nofrills.ca/en/no-name-everything-bagels-6-pack/p/20001526_EA
CAN-WALMART-20001527,walmart,Walmart,walmart.ca,"Scarborough Town Centre, Toronto",3058,ON - Greater Toronto Area,M5V2T6,Bakery & Bread,Bagels,"Great Value Everything Bagels, 6 pack",Great Value,6 pack,3.0,5.0,YES,2.0,Rollback - Save $2.00,0.5,each,In Stock,2026-10-04T10:50:28.567824+00:00,Official walmart.ca Web Storefront,2026-10-01T04:00:00+00:00,2026-10-08T03:59:59+00:00,https://www.walmart.ca/en/ip/great-value-everything-bagels-6-pack/60000001527
CAN-TNT-20001528,tnt,T&T,tntsupermarket.com,"Fairview Mall / Markham, Toronto",008,ON - Greater Toronto Area,M5V2T6,Bakery & Bread,Bagels,"T&T Bakery Everything Bagels, 6 pack",T&T Bakery,6 pack,3.72,3.72,NO,0.0,Regular Everyday Price,0.62,each,In Stock,2026-10-04T10:50:34.445545+00:00,Official tntsupermarket.com Web Storefront,2026-10-01T04:00:00+00:00,2026-10-08T03:59:59+00:00,https://www.tntsupermarket.com/eng/2000152-tt-bakery-everything-bagels-6-pack.html
CAN-LOBLAWS-20001529,loblaws,Loblaws,loblaws.ca,"Queen & Portland, Toronto",1006,ON - Greater Toronto Area,M5V2T6,Bakery & Bread,Bagels,"President's Choice Everything Bagels, 6 pack",President's Choice,6 pack,4.53,4.53,NO,0.0,Regular Everyday Price,0.76,each,In Stock,2026-10-04T10:50:47.552916+00:00,Official loblaws.ca Web Storefront,2026-10-01T04:00:00+00:00,2026-10-08T03:59:59+00:00,https://www.loblaws.ca/en/presidents-choice-everything-bagels-6-pack/p/20001529_EA
CAN-SAVEON-20001530,saveon,Save-On,saveonfoods.com,Toronto Delivery Center,9901,ON - Greater Toronto Area,M5V2T6,Bakery & Bread,Bagels,"Western Family Everything Bagels, 6 pack",Western Family,6 pack,4.23,4.23,NO,0.0,Regular Everyday Price,0.71,each,In Stock,2026-10-04T10:50:58.527651+00:00,Official saveonfoods.com Web Storefront,2026-10-01T04:00:00+00:00,2026-10-08T03:59:59+00:00,https://www.saveonfoods.com/sm/pickup/rsid/9901/product/western-family-everything-bagels-6-pack-20001530
CAN-METRO-20001531,metro,Metro,metro.ca,"Front St / Liberty Village, Toronto",0742,ON - Greater Toronto Area,M5V2T6,Pantry & Dry Staples,Rice & Grains,"Selection Premium Jasmine Rice, 8 kg",Selection,8 kg,21.2,21.2,NO,0.0,Regular Everyday Price,2.65,kg,In Stock,2026-10-04T10:51:08.049865+00:00,Official metro.ca Web Storefront,2026-10-01T04:00:00+00:00,2026-10-08T03:59:59+00:00,https://www.metro.ca/en/online-grocery/aisles/pantry-dry-staples/selection-premium-jasmine-rice-8-kg-p-20001531
CAN-FOODBASICS-20001532,foodbasics,Food Basics,foodbasics.ca,"Wellesley St E, Toronto",0912,ON - Greater Toronto Area,M5V2T6,Pantry & Dry Staples,Rice & Grains,"Selection Premium Jasmine Rice, 8 kg",Selection,8 kg,17.16,17.16,NO,0.0,Regular Everyday Price,2.15,kg,In Stock,2026-10-04T10:51:12.745843+00:00,Official foodbasics.ca Web Storefront,2026-10-01T04:00:00+00:00,2026-10-08T03:59:59+00:00,https://www.foodbasics.ca/aisles/pantry-dry-staples/selection-premium-jasmine-rice-8-kg-p-20001532
CAN-SOBEYS-20001533,sobeys,Sobeys,sobeys.com,"Spadina Ave / Urban Fresh, Toronto",0651,ON - Greater Toronto Area,M5V2T6,Pantry & Dry Staples,Rice & Grains,"Compliments Premium Jasmine Rice, 8 kg",Compliments,8 kg,22.21,22.21,NO,0.0,Regular Everyday Price,2.78,kg,In Stock,2026-10-04T10:51:23.949339+00:00,Official sobeys.com Web Storefront,2026-10-01T04:00:00+00:00,2026-10-08T03:59:59+00:00,https://www.sobeys.com/en/products/compliments-premium-jasmine-rice-8-kg-20001533
CAN-FRESHCO-20001534,freshco,FreshCo,freshco.com,"Parliament & Dundas, Toronto",9521,ON - Greater Toronto Area,M5V2T6,Pantry & Dry Staples,Rice & Grains,"Compliments Premium Jasmine Rice, 8 kg",Compliments,8 kg,17.16,18.06,YES,0.9,Price Match Guarantee Deal - Save $0.90,2.15,kg,In Stock,2026-10-04T10:51:33.709661+00:00,Official freshco.com Web Storefront,2026-10-01T04:00:00+00:00,2026-10-08T03:59:59+00:00,https://freshco.com/products/compliments-premium-jasmine-rice-8-kg-20001534
CAN-COSTCO-20001535,costco,Costco,costco.ca,"Overlea Blvd, Thorncliffe, Toronto",1105,ON - Greater Toronto Area,M5V2T6,Pantry & Dry Staples,Rice & Grains,"Kirkland Signature Premium Jasmine Rice, 10 kg",Kirkland Signature,10 kg,19.68,19.68,NO,0.0,Regular Everyday Price,1.97,kg,In Stock,2026-10-04T10:51:43.400356+00:00,Official costco.ca Web Storefront,2026-10-01T04:00:00+00:00,2026-10-08T03:59:59+00:00,https://www.costco.ca/kirkland-signature-premium-jasmine-rice-10-kg.product.001535.html
CAN-NOFRILLS-20001536,nofrills,No Frills,nofrills.ca,"Dufferin Mall, Toronto",3133,ON - Greater Toronto Area,M5V2T6,Pantry & Dry Staples,Rice & Grains,"Rooster Brand Premium Jasmine Rice, 8 kg",Rooster Brand,8 kg,17.16,17.16,NO,0.0,Regular Everyday Price,2.15,kg,In Stock,2026-10-04T10:51:53.610440+00:00,Official nofrills.ca Web Storefront,2026-10-01T04:00:00+00:00,2026-10-08T03:59:59+00:00,https://www.nofrills.ca/en/rooster-brand-premium-jasmine-rice-8-kg/p/20001536_EA
CAN-WALMART-20001537,walmart,Walmart,walmart.ca,"Scarborough Town Centre, Toronto",3058,ON - Greater Toronto Area,M5V2T6,Pantry & Dry Staples,Rice & Grains,"Great Value Premium Jasmine Rice, 8 kg",Great Value,8 kg,17.14,17.14,NO,0.0,Regular Everyday Price,2.14,kg,In Stock,2026-10-04T10:52:07.022374+00:00,Official walmart.ca Web Storefront,2026-10-01T04:00:00+00:00,2026-10-08T03:59:59+00:00,https://www.walmart.ca/en/ip/great-value-premium-jasmine-rice-8-kg/60000001537
CAN-TNT-20001538,tnt,T&T,tntsupermarket.com,"Fairview Mall / Markham, Toronto",008,ON - Greater Toronto Area,M5V2T6,Pantry & Dry Staples,Rice & Grains,"Rooster Jasmine Premium Jasmine Rice, 8 kg",Rooster Jasmine,8 kg,16.04,16.04,NO,0.0,Regular Everyday Price,2.0,kg,In Stock,2026-10-04T10:52:18.667417+00:00,Official tntsupermarket.com Web Storefront,2026-10-01T04:00:00+00:00,2026-10-08T03:59:59+00:00,https://www.tntsupermarket.com/eng/2000153-rooster-jasmine-premium-jasmine-rice-8-kg.html
CAN-LOBLAWS-20001539,loblaws,Loblaws,loblaws.ca,"Queen & Portland, Toronto",1006,ON - Greater Toronto Area,M5V2T6,Pantry & Dry Staples,Rice & Grains,"Rooster Brand Premium Jasmine Rice, 8 kg",Rooster Brand,8 kg,22.21,22.21,NO,0.0,Regular Everyday Price,2.78,kg,In Stock,2026-10-04T10:52:23.234007+00:00,Official loblaws.ca Web Storefront,2026-10-01T04:00:00+00:00,2026-10-08T03:59:59+00:00,https://www.loblaws.ca/en/rooster-brand-premium-jasmine-rice-8-kg/p/20001539_EA
CAN-SAVEON-20001540,saveon,Save-On,saveonfoods.com,Toronto Delivery Center,9901,ON - Greater Toronto Area,M5V2T6,Pantry & Dry Staples,Rice & Grains,"Western Family Premium Jasmine Rice, 8 kg",Western Family,8 kg,22.21,22.21,NO,0.0,Regular Everyday Price,2.78,kg,In Stock,2026-10-04T10:52:34.518304+00:00,Official saveonfoods.com Web Storefront,2026-10-01T04:00:00+00:00,2026-10-08T03:59:59+00:00,https://www.saveonfoods.com/sm/pickup/rsid/9901/product/western-family-premium-jasmine-rice-8-kg-20001540
CAN-METRO-20001541,metro,Metro,metro.ca,"Front St / Liberty Village, Toronto",0742,ON - Greater Toronto Area,M5V2T6,Pantry & Dry Staples,Pasta,"Selection Traditional Spaghetti Pasta, 900 g",Selection,900 g,2.51,2.51,NO,0.0,Regular Everyday Price,0.28,100g,In Stock,2026-10-04T10:52:46.195583+00:00,Official metro.ca Web Storefront,2026-10-01T04:00:00+00:00,2026-10-08T03:59:59+00:00,https://www.metro.ca/en/online-grocery/aisles/pantry-dry-staples/selection-traditional-spaghetti-pasta-900-g-p-20001541
CAN-FOODBASICS-20001542,foodbasics,Food Basics,foodbasics.ca,"Wellesley St E, Toronto",0912,ON - Greater Toronto Area,M5V2T6,Pantry & Dry Staples,Pasta,"Selection Traditional Spaghetti Pasta, 900 g",Selection,900 g,1.9,1.9,NO,0.0,Regular Everyday Price,0.21,100g,In Stock,2026-10-04T10:52:55.410311+00:00,Official foodbasics.ca Web Storefront,2026-10-01T04:00:00+00:00,2026-10-08T03:59:59+00:00,https://www.foodbasics.ca/aisles/pantry-dry-staples/selection-traditional-spaghetti-pasta-900-g-p-20001542
CAN-SOBEYS-20001543,sobeys,Sobeys,sobeys.com,"Spadina Ave / Urban Fresh, Toronto",0651,ON - Greater Toronto Area,M5V2T6,Pantry & Dry Staples,Pasta,"Compliments Traditional Spaghetti Pasta, 900 g",Compliments,900 g,3.02,3.02,NO,0.0,Regular Everyday Price,0.34,100g,In Stock,2026-10-04T10:53:07.726145+00:00,Official sobeys.com Web Storefront,2026-10-01T04:00:00+00:00,2026-10-08T03:59:59+00:00,https://www.sobeys.com/en/products/compliments-traditional-spaghetti-pasta-900-g-20001543
CAN-FRESHCO-20001544,freshco,FreshCo,freshco.com,"Parliament & Dundas, Toronto",9521,ON - Greater Toronto Area,M5V2T6,Pantry & Dry Staples,Pasta,"Compliments Traditional Spaghetti Pasta, 900 g",Compliments,900 g,1.9,2.8,YES,0.9,Price Match Guarantee Deal - Save $0.90,0.21,100g,In Stock,2026-10-04T10:53:10.860470+00:00,Official freshco.com Web Storefront,2026-10-01T04:00:00+00:00,2026-10-08T03:59:59+00:00,https://freshco.com/products/compliments-traditional-spaghetti-pasta-900-g-20001544
CAN-COSTCO-20001545,costco,Costco,costco.ca,"Overlea Blvd, Thorncliffe, Toronto",1105,ON - Greater Toronto Area,M5V2T6,Pantry & Dry Staples,Pasta,"Garofalo Organic Traditional Spaghetti Pasta, 8 x 500 g",Garofalo Organic,8 x 500 g,15.14,15.14,NO,0.0,Regular Everyday Price,3.03,100g,In Stock,2026-10-04T10:53:20.987364+00:00,Official costco.ca Web Storefront,2026-10-01T04:00:00+00:00,2026-10-08T03:59:59+00:00,https://www.costco.ca/garofalo-organic-traditional-spaghetti-pasta-8-x-500-g.product.001545.html
CAN-NOFRILLS-20001546,nofrills,No Frills,nofrills.ca,"Dufferin Mall, Toronto",3133,ON - Greater Toronto Area,M5V2T6,Pantry & Dry Staples,Pasta,"Italpasta Traditional Spaghetti Pasta, 900 g",Italpasta,900 g,1.9,1.9,NO,0.0,Regular Everyday Price,0.21,100g,In Stock,2026-10-04T10:53:30.444294+00:00,Official nofrills.ca Web Storefront,2026-10-01T04:00:00+00:00,2026-10-08T03:59:59+00:00,https://www.nofrills.ca/en/italpasta-traditional-spaghetti-pasta-900-g/p/20001546_EA
CAN-WALMART-20001547,walmart,Walmart,walmart.ca,"Scarborough Town Centre, Toronto",3058,ON - Greater Toronto Area,M5V2T6,Pantry & Dry Staples,Pasta,"Great Value Traditional Spaghetti Pasta, 900 g",Great Value,900 g,1.89,1.89,NO,0.0,Regular Everyday Price,0.21,100g,In Stock,2026-10-04T10:53:43.574148+00:00,Official walmart.ca Web Storefront,2026-10-01T04:00:00+00:00,2026-10-08T03:59:59+00:00,https://www.walmart.ca/en/ip/great-value-traditional-spaghetti-pasta-900-g/60000001547
CAN-TNT-20001548,tnt,T&T,tntsupermarket.com,"Fairview Mall / Markham, Toronto",008,ON - Greater Toronto Area,M5V2T6,Pantry & Dry Staples,Pasta,"Barilla Traditional Spaghetti Pasta, 900 g",Barilla,900 g,2.5,3.61,YES,1.11,Weekly Feature Special - Save $1.11,0.28,100g,In Stock,2026-10-04T10:53:55.515820+00:00,Official tntsupermarket.com Web Storefront,2026-10-01T04:00:00+00:00,2026-10-08T03:59:59+00:00,https://www.tntsupermarket.com/eng/2000154-barilla-traditional-spaghetti-pasta-900-g.html
CAN-LOBLAWS-20001549,loblaws,Loblaws,loblaws.ca,"Queen & Portland, Toronto",1006,ON - Greater Toronto Area,M5V2T6,Pantry & Dry Staples,Pasta,"President's Choice Traditional Spaghetti Pasta, 900 g",President's Choice,900 g,3.02,3.02,NO,0.0,Regular Everyday Price,0.34,100g,In Stock,2026-10-04T10:54:08.148950+00:00,Official loblaws.ca Web Storefront,2026-10-01T04:00:00+00:00,2026-10-08T03:59:59+00:00,https://www.loblaws.ca/en/presidents-choice-traditional-spaghetti-pasta-900-g/p/20001549_EA
CAN-SAVEON-20001550,saveon,Save-On,saveonfoods.com,Toronto Delivery Center,9901,ON - Greater Toronto Area,M5V2T6,Pantry & Dry Staples,Pasta,"Western Family Traditional Spaghetti Pasta, 900 g",Western Family,900 g,2.72,2.72,NO,0.0,Regular Everyday Price,0.3,100g,In Stock,2026-10-04T10:54:17.803551+00:00,Official saveonfoods.com Web Storefront,2026-10-01T04:00:00+00:00,2026-10-08T03:59:59+00:00,https://www.saveonfoods.com/sm/pickup/rsid/9901/product/western-family-traditional-spaghetti-pasta-900-g-20001550
CAN-METRO-20001551,metro,Metro,metro.ca,"Front St / Liberty Village, Toronto",0742,ON - Greater Toronto Area,M5V2T6,Pantry & Dry Staples,Baking,"Selection All-Purpose White Flour, 2.5 kg",Selection,2.5 kg,5.04,5.04,NO,0.0,Regular Everyday Price,2.02,kg,In Stock,2026-10-04T10:54:29.243337+00:00,Official metro.ca Web Storefront,2026-10-01T04:00:00+00:00,2026-10-08T03:59:59+00:00,https://www.metro.ca/en/online-grocery/aisles/pantry-dry-staples/selection-all-purpose-white-flour-25-kg-p-20001551
CAN-FOODBASICS-20001552,foodbasics,Food Basics,foodbasics.ca,"Wellesley St E, Toronto",0912,ON - Greater Toronto Area,M5V2T6,Pantry & Dry Staples,Baking,"Selection All-Purpose White Flour, 2.5 kg",Selection,2.5 kg,4.03,4.53,YES,0.5,Always More For Less - Save $0.50,1.61,kg,In Stock,2026-10-04T10:54:43.758681+00:00,Official foodbasics.ca Web Storefront,2026-10-01T04:00:00+00:00,2026-10-08T03:59:59+00:00,https://www.foodbasics.ca/aisles/pantry-dry-staples/selection-all-purpose-white-flour-25-kg-p-20001552
CAN-SOBEYS-20001553,sobeys,Sobeys,sobeys.com,"Spadina Ave / Urban Fresh, Toronto",0651,ON - Greater Toronto Area,M5V2T6,Pantry & Dry Staples,Baking,"Compliments All-Purpose White Flour, 2.5 kg",Compliments,2.5 kg,5.54,5.54,NO,0.0,Regular Everyday Price,2.22,kg,In Stock,2026-10-04T10:54:55.850186+00:00,Official sobeys.com Web Storefront,2026-10-01T04:00:00+00:00,2026-10-08T03:59:59+00:00,https://www.sobeys.com/en/products/compliments-all-purpose-white-flour-25-kg-20001553
CAN-FRESHCO-20001554,freshco,FreshCo,freshco.com,"Parliament & Dundas, Toronto",9521,ON - Greater Toronto Area,M5V2T6,Pantry & Dry Staples,Baking,"Compliments All-Purpose White Flour, 2.5 kg",Compliments,2.5 kg,4.03,4.03,NO,0.0,Regular Everyday Price,1.61,kg,In Stock,2026-10-04T10:55:00.577996+00:00,Official freshco.com Web Storefront,2026-10-01T04:00:00+00:00,2026-10-08T03:59:59+00:00,https://freshco.com/products/compliments-all-purpose-white-flour-25-kg-20001554
CAN-COSTCO-20001555,costco,Costco,costco.ca,"Overlea Blvd, Thorncliffe, Toronto",1105,ON - Greater Toronto Area,M5V2T6,Pantry & Dry Staples,Baking,"Robin Hood All-Purpose White Flour, 10 kg",Robin Hood,10 kg,14.13,18.13,YES,4.0,Instant Savings $4.00 Off at Checkout,1.41,kg,In Stock,2026-10-04T10:55:14.429632+00:00,Official costco.ca Web Storefront,2026-10-01T04:00:00+00:00,2026-10-08T03:59:59+00:00,https://www.costco.ca/robin-hood-all-purpose-white-flour-10-kg.product.001555.html
CAN-NOFRILLS-20001556,nofrills,No Frills,nofrills.ca,"Dufferin Mall, Toronto",3133,ON - Greater Toronto Area,M5V2T6,Pantry & Dry Staples,Baking,"No Name All-Purpose White Flour, 2.5 kg",No Name,2.5 kg,4.03,5.28,YES,1.25,Hit of the Month - Rollback $1.25,1.61,kg,In Stock,2026-10-04T10:55:26.020224+00:00,Official nofrills.ca Web Storefront,2026-10-01T04:00:00+00:00,2026-10-08T03:59:59+00:00,https://www.nofrills.ca/en/no-name-all-purpose-white-flour-25-kg/p/20001556_EA
CAN-WALMART-20001557,walmart,Walmart,walmart.ca,"Scarborough Town Centre, Toronto",3058,ON - Greater Toronto Area,M5V2T6,Pantry & Dry Staples,Baking,"Great Value All-Purpose White Flour, 2.5 kg",Great Value,2.5 kg,4.01,4.01,NO,0.0,Regular Everyday Price,1.6,kg,In Stock,2026-10-04T10:55:40.150549+00:00,Official walmart.ca Web Storefront,2026-10-01T04:00:00+00:00,2026-10-08T03:59:59+00:00,https://www.walmart.ca/en/ip/great-value-all-purpose-white-flour-25-kg/60000001557
CAN-TNT-20001558,tnt,T&T,tntsupermarket.com,"Fairview Mall / Markham, Toronto",008,ON - Greater Toronto Area,M5V2T6,Pantry & Dry Staples,Baking,"Five Roses All-Purpose White Flour, 2.5 kg",Five Roses,2.5 kg,4.73,4.73,NO,0.0,Regular Everyday Price,1.89,kg,In Stock,2026-10-04T10:55:44.973157+00:00,Official tntsupermarket.com Web Storefront,2026-10-01T04:00:00+00:00,2026-10-08T03:59:59+00:00,https://www.tntsupermarket.com/eng/2000155-five-roses-all-purpose-white-flour-25-kg.html
CAN-LOBLAWS-20001559,loblaws,Loblaws,loblaws.ca,"Queen & Portland, Toronto",1006,ON - Greater Toronto Area,M5V2T6,Pantry & Dry Staples,Baking,"President's Choice All-Purpose White Flour, 2.5 kg",President's Choice,2.5 kg,5.54,5.54,NO,0.0,Regular Everyday Price,2.22,kg,In Stock,2026-10-04T10:55:59.053159+00:00,Official loblaws.ca Web Storefront,2026-10-01T04:00:00+00:00,2026-10-08T03:59:59+00:00,https://www.loblaws.ca/en/presidents-choice-all-purpose-white-flour-25-kg/p/20001559_EA
CAN-SAVEON-20001560,saveon,Save-On,saveonfoods.com,Toronto Delivery Center,9901,ON - Greater Toronto Area,M5V2T6,Pantry & Dry Staples,Baking,"Western Family All-Purpose White Flour, 2.5 kg",Western Family,2.5 kg,5.34,6.84,YES,1.5,Save $1.50 With More Rewards Card,2.14,kg,In Stock,2026-10-04T10:56:05.701666+00:00,Official saveonfoods.com Web Storefront,2026-10-01T04:00:00+00:00,2026-10-08T03:59:59+00:00,https://www.saveonfoods.com/sm/pickup/rsid/9901/product/western-family-all-purpose-white-flour-25-kg-20001560
CAN-METRO-20001561,metro,Metro,metro.ca,"Front St / Liberty Village, Toronto",0742,ON - Greater Toronto Area,M5V2T6,Pantry & Dry Staples,Oils,"Selection Pure Canola Cooking Oil, 3 L",Selection,3 L,11.1,12.4,YES,1.3,Weekly Flyer Special - Save $1.30,3.7,L,In Stock,2026-10-04T10:56:11.685999+00:00,Official metro.ca Web Storefront,2026-10-01T04:00:00+00:00,2026-10-08T03:59:59+00:00,https://www.metro.ca/en/online-grocery/aisles/pantry-dry-staples/selection-pure-canola-cooking-oil-3-l-p-20001561
CAN-FOODBASICS-20001562,foodbasics,Food Basics,foodbasics.ca,"Wellesley St E, Toronto",0912,ON - Greater Toronto Area,M5V2T6,Pantry & Dry Staples,Oils,"Selection Pure Canola Cooking Oil, 3 L",Selection,3 L,9.08,9.08,NO,0.0,Regular Everyday Price,3.03,L,In Stock,2026-10-04T10:56:26.419868+00:00,Official foodbasics.ca Web Storefront,2026-10-01T04:00:00+00:00,2026-10-08T03:59:59+00:00,https://www.foodbasics.ca/aisles/pantry-dry-staples/selection-pure-canola-cooking-oil-3-l-p-20001562
CAN-SOBEYS-20001563,sobeys,Sobeys,sobeys.com,"Spadina Ave / Urban Fresh, Toronto",0651,ON - Greater Toronto Area,M5V2T6,Pantry & Dry Staples,Oils,"Compliments Pure Canola Cooking Oil, 3 L",Compliments,3 L,12.11,14.31,YES,2.2,Scene+ Member Deal - Save $2.20,4.04,L,In Stock,2026-10-04T10:56:35.194096+00:00,Official sobeys.com Web Storefront,2026-10-01T04:00:00+00:00,2026-10-08T03:59:59+00:00,https://www.sobeys.com/en/products/compliments-pure-canola-cooking-oil-3-l-20001563
CAN-FRESHCO-20001564,freshco,FreshCo,freshco.com,"Parliament & Dundas, Toronto",9521,ON - Greater Toronto Area,M5V2T6,Pantry & Dry Staples,Oils,"Compliments Pure Canola Cooking Oil, 3 L",Compliments,3 L,9.08,9.08,NO,0.0,Regular Everyday Price,3.03,L,In Stock,2026-10-04T10:56:41.716528+00:00,Official freshco.com Web Storefront,2026-10-01T04:00:00+00:00,2026-10-08T03:59:59+00:00,https://freshco.com/products/compliments-pure-canola-cooking-oil-3-l-20001564
CAN-COSTCO-20001565,costco,Costco,costco.ca,"Overlea Blvd, Thorncliffe, Toronto",1105,ON - Greater Toronto Area,M5V2T6,Pantry & Dry Staples,Oils,"Kirkland Signature Pure Canola Cooking Oil, 5 L",Kirkland Signature,5 L,15.14,15.14,NO,0.0,Regular Everyday Price,3.03,L,In Stock,2026-10-04T10:56:47.244496+00:00,Official costco.ca Web Storefront,2026-10-01T04:00:00+00:00,2026-10-08T03:59:59+00:00,https://www.costco.ca/kirkland-signature-pure-canola-cooking-oil-5-l.product.001565.html
CAN-NOFRILLS-20001566,nofrills,No Frills,nofrills.ca,"Dufferin Mall, Toronto",3133,ON - Greater Toronto Area,M5V2T6,Pantry & Dry Staples,Oils,"No Name Pure Canola Cooking Oil, 3 L",No Name,3 L,9.08,10.08,YES,1.0,Hit of the Month - Rollback $1.00,3.03,L,In Stock,2026-10-04T10:56:59.532411+00:00,Official nofrills.ca Web Storefront,2026-10-01T04:00:00+00:00,2026-10-08T03:59:59+00:00,https://www.nofrills.ca/en/no-name-pure-canola-cooking-oil-3-l/p/20001566_EA
CAN-WALMART-20001567,walmart,Walmart,walmart.ca,"Scarborough Town Centre, Toronto",3058,ON - Greater Toronto Area,M5V2T6,Pantry & Dry Staples,Oils,"Great Value Pure Canola Cooking Oil, 3 L",Great Value,3 L,9.06,9.06,NO,0.0,Regular Everyday Price,3.02,L,In Stock,2026-10-04T10:57:08.942533+00:00,Official walmart.ca Web Storefront,2026-10-01T04:00:00+00:00,2026-10-08T03:59:59+00:00,https://www.walmart.ca/en/ip/great-value-pure-canola-cooking-oil-3-l/60000001567
CAN-TNT-20001568,tnt,T&T,tntsupermarket.com,"Fairview Mall / Markham, Toronto",008,ON - Greater Toronto Area,M5V2T6,Pantry & Dry Staples,Oils,"Rooster Brand Pure Canola Cooking Oil, 3 L",Rooster Brand,3 L,9.98,10.58,YES,0.6,Weekly Feature Special - Save $0.60,3.33,L,In Stock,2026-10-04T10:57:21.347062+00:00,Official tntsupermarket.com Web Storefront,2026-10-01T04:00:00+00:00,2026-10-08T03:59:59+00:00,https://www.tntsupermarket.com/eng/2000156-rooster-brand-pure-canola-cooking-oil-3-l.html
CAN-LOBLAWS-20001569,loblaws,Loblaws,loblaws.ca,"Queen & Portland, Toronto",1006,ON - Greater Toronto Area,M5V2T6,Pantry & Dry Staples,Oils,"President's Choice Pure Canola Cooking Oil, 3 L",President's Choice,3 L,12.11,12.11,NO,0.0,Regular Everyday Price,4.04,L,In Stock,2026-10-04T10:57:30.304286+00:00,Official loblaws.ca Web Storefront,2026-10-01T04:00:00+00:00,2026-10-08T03:59:59+00:00,https://www.loblaws.ca/en/presidents-choice-pure-canola-cooking-oil-3-l/p/20001569_EA
CAN-SAVEON-20001570,saveon,Save-On,saveonfoods.com,Toronto Delivery Center,9901,ON - Greater Toronto Area,M5V2T6,Pantry & Dry Staples,Oils,"Western Family Pure Canola Cooking Oil, 3 L",Western Family,3 L,11.6,12.3,YES,0.7,Save $0.70 With More Rewards Card,3.87,L,In Stock,2026-10-04T10:57:42.195786+00:00,Official saveonfoods.com Web Storefront,2026-10-01T04:00:00+00:00,2026-10-08T03:59:59+00:00,https://www.saveonfoods.com/sm/pickup/rsid/9901/product/western-family-pure-canola-cooking-oil-3-l-20001570
CAN-METRO-20001571,metro,Metro,metro.ca,"Front St / Liberty Village, Toronto",0742,ON - Greater Toronto Area,M5V2T6,Pantry & Dry Staples,Oils,"Irresistibles Extra Virgin Olive Oil, 1 L",Irresistibles,1 L,15.64,15.64,NO,0.0,Regular Everyday Price,15.64,L,In Stock,2026-10-04T10:57:50.061963+00:00,Official metro.ca Web Storefront,2026-10-01T04:00:00+00:00,2026-10-08T03:59:59+00:00,https://www.metro.ca/en/online-grocery/aisles/pantry-dry-staples/irresistibles-extra-virgin-olive-oil-1-l-p-20001571
CAN-FOODBASICS-20001572,foodbasics,Food Basics,foodbasics.ca,"Wellesley St E, Toronto",0912,ON - Greater Toronto Area,M5V2T6,Pantry & Dry Staples,Oils,"Selection Extra Virgin Olive Oil, 1 L",Selection,1 L,13.12,14.12,YES,1.0,Always More For Less - Save $1.00,13.12,L,In Stock,2026-10-04T10:57:54.556312+00:00,Official foodbasics.ca Web Storefront,2026-10-01T04:00:00+00:00,2026-10-08T03:59:59+00:00,https://www.foodbasics.ca/aisles/pantry-dry-staples/selection-extra-virgin-olive-oil-1-l-p-20001572
CAN-SOBEYS-20001573,sobeys,Sobeys,sobeys.com,"Spadina Ave / Urban Fresh, Toronto",0651,ON - Greater Toronto Area,M5V2T6,Pantry & Dry Staples,Oils,"Panache Extra Virgin Olive Oil, 1 L",Panache,1 L,16.65,16.65,NO,0.0,Regular Everyday Price,16.65,L,In Stock,2026-10-04T10:58:06.134234+00:00,Official sobeys.com Web Storefront,2026-10-01T04:00:00+00:00,2026-10-08T03:59:59+00:00,https://www.sobeys.com/en/products/panache-extra-virgin-olive-oil-1-l-20001573
CAN-FRESHCO-20001574,freshco,FreshCo,freshco.com,"Parliament & Dundas, Toronto",9521,ON - Greater Toronto Area,M5V2T6,Pantry & Dry Staples,Oils,"Compliments Extra Virgin Olive Oil, 1 L",Compliments,1 L,13.12,13.12,NO,0.0,Regular Everyday Price,13.12,L,In Stock,2026-10-04T10:58:21.051741+00:00,Official freshco.com Web Storefront,2026-10-01T04:00:00+00:00,2026-10-08T03:59:59+00:00,https://freshco.com/products/compliments-extra-virgin-olive-oil-1-l-20001574
CAN-COSTCO-20001575,costco,Costco,costco.ca,"Overlea Blvd, Thorncliffe, Toronto",1105,ON - Greater Toronto Area,M5V2T6,Pantry & Dry Staples,Oils,"Kirkland Signature Extra Virgin Olive Oil, 2 L",Kirkland Signature,2 L,25.24,25.24,NO,0.0,Regular Everyday Price,12.62,L,In Stock,2026-10-04T10:58:25.782435+00:00,Official costco.ca Web Storefront,2026-10-01T04:00:00+00:00,2026-10-08T03:59:59+00:00,https://www.costco.ca/kirkland-signature-extra-virgin-olive-oil-2-l.product.001575.html
CAN-NOFRILLS-20001576,nofrills,No Frills,nofrills.ca,"Dufferin Mall, Toronto",3133,ON - Greater Toronto Area,M5V2T6,Pantry & Dry Staples,Oils,"No Name Extra Virgin Olive Oil, 1 L",No Name,1 L,13.12,13.12,NO,0.0,Regular Everyday Price,13.12,L,In Stock,2026-10-04T10:58:39.965623+00:00,Official nofrills.ca Web Storefront,2026-10-01T04:00:00+00:00,2026-10-08T03:59:59+00:00,https://www.nofrills.ca/en/no-name-extra-virgin-olive-oil-1-l/p/20001576_EA
CAN-WALMART-20001577,walmart,Walmart,walmart.ca,"Scarborough Town Centre, Toronto",3058,ON - Greater Toronto Area,M5V2T6,Pantry & Dry Staples,Oils,"Great Value Extra Virgin Olive Oil, 1 L",Great Value,1 L,13.1,13.1,NO,0.0,Regular Everyday Price,13.1,L,In Stock,2026-10-04T10:58:54.916975+00:00,Official walmart.ca Web Storefront,2026-10-01T04:00:00+00:00,2026-10-08T03:59:59+00:00,https://www.walmart.ca/en/ip/great-value-extra-virgin-olive-oil-1-l/60000001577
CAN-TNT-20001578,tnt,T&T,tntsupermarket.com,"Fairview Mall / Markham, Toronto",008,ON - Greater Toronto Area,M5V2T6,Pantry & Dry Staples,Oils,"Bertolli Extra Virgin Olive Oil, 1 L",Bertolli,1 L,14.62,14.62,NO,0.0,Regular Everyday Price,14.62,L,In Stock,2026-10-04T10:58:58.167101+00:00,Official tntsupermarket.com Web Storefront,2026-10-01T04:00:00+00:00,2026-10-08T03:59:59+00:00,https://www.tntsupermarket.com/eng/2000157-bertolli-extra-virgin-olive-oil-1-l.html
CAN-LOBLAWS-20001579,loblaws,Loblaws,loblaws.ca,"Queen & Portland, Toronto",1006,ON - Greater Toronto Area,M5V2T6,Pantry & Dry Staples,Oils,"PC Splendido Extra Virgin Olive Oil, 1 L",PC Splendido,1 L,16.65,18.65,YES,2.0,PC Optimum Member Price - Save $2.00,16.65,L,In Stock,2026-10-04T10:59:08.970042+00:00,Official loblaws.ca Web Storefront,2026-10-01T04:00:00+00:00,2026-10-08T03:59:59+00:00,https://www.loblaws.ca/en/pc-splendido-extra-virgin-olive-oil-1-l/p/20001579_EA
CAN-SAVEON-20001580,saveon,Save-On,saveonfoods.com,Toronto Delivery Center,9901,ON - Greater Toronto Area,M5V2T6,Pantry & Dry Staples,Oils,"Western Family Extra Virgin Olive Oil, 1 L",Western Family,1 L,16.15,16.15,NO,0.0,Regular Everyday Price,16.15,L,In Stock,2026-10-04T10:59:12.925832+00:00,Official saveonfoods.com Web Storefront,2026-10-01T04:00:00+00:00,2026-10-08T03:59:59+00:00,https://www.saveonfoods.com/sm/pickup/rsid/9901/product/western-family-extra-virgin-olive-oil-1-l-20001580
CAN-METRO-20001581,metro,Metro,metro.ca,"Front St / Liberty Village, Toronto",0742,ON - Greater Toronto Area,M5V2T6,Beverages,Coffee & Tea,"Selection Medium Roast Ground Coffee, 925 g",Selection,925 g,12.11,12.11,NO,0.0,Regular Everyday Price,1.31,100g,In Stock,2026-10-04T10:59:19.392961+00:00,Official metro.ca Web Storefront,2026-10-01T04:00:00+00:00,2026-10-08T03:59:59+00:00,https://www.metro.ca/en/online-grocery/aisles/beverages/selection-medium-roast-ground-coffee-925-g-p-20001581
CAN-FOODBASICS-20001582,foodbasics,Food Basics,foodbasics.ca,"Wellesley St E, Toronto",0912,ON - Greater Toronto Area,M5V2T6,Beverages,Coffee & Tea,"Selection Medium Roast Ground Coffee, 925 g",Selection,925 g,9.58,9.58,NO,0.0,Regular Everyday Price,1.04,100g,In Stock,2026-10-04T10:59:23.122962+00:00,Official foodbasics.ca Web Storefront,2026-10-01T04:00:00+00:00,2026-10-08T03:59:59+00:00,https://www.foodbasics.ca/aisles/beverages/selection-medium-roast-ground-coffee-925-g-p-20001582
CAN-SOBEYS-20001583,sobeys,Sobeys,sobeys.com,"Spadina Ave / Urban Fresh, Toronto",0651,ON - Greater Toronto Area,M5V2T6,Beverages,Coffee & Tea,"Compliments Medium Roast Ground Coffee, 925 g",Compliments,925 g,13.12,13.12,NO,0.0,Regular Everyday Price,1.42,100g,In Stock,2026-10-04T10:59:26.975087+00:00,Official sobeys.com Web Storefront,2026-10-01T04:00:00+00:00,2026-10-08T03:59:59+00:00,https://www.sobeys.com/en/products/compliments-medium-roast-ground-coffee-925-g-20001583
CAN-FRESHCO-20001584,freshco,FreshCo,freshco.com,"Parliament & Dundas, Toronto",9521,ON - Greater Toronto Area,M5V2T6,Beverages,Coffee & Tea,"Compliments Medium Roast Ground Coffee, 925 g",Compliments,925 g,9.58,9.58,NO,0.0,Regular Everyday Price,1.04,100g,In Stock,2026-10-04T10:59:38.155188+00:00,Official freshco.com Web Storefront,2026-10-01T04:00:00+00:00,2026-10-08T03:59:59+00:00,https://freshco.com/products/compliments-medium-roast-ground-coffee-925-g-20001584
CAN-COSTCO-20001585,costco,Costco,costco.ca,"Overlea Blvd, Thorncliffe, Toronto",1105,ON - Greater Toronto Area,M5V2T6,Beverages,Coffee & Tea,"Kirkland Signature Medium Roast Ground Coffee, 1.36 kg",Kirkland Signature,1.36 kg,19.18,19.18,NO,0.0,Regular Everyday Price,14.1,kg,In Stock,2026-10-04T10:59:48.763590+00:00,Official costco.ca Web Storefront,2026-10-01T04:00:00+00:00,2026-10-08T03:59:59+00:00,https://www.costco.ca/kirkland-signature-medium-roast-ground-coffee-136-kg.product.001585.html
CAN-NOFRILLS-20001586,nofrills,No Frills,nofrills.ca,"Dufferin Mall, Toronto",3133,ON - Greater Toronto Area,M5V2T6,Beverages,Coffee & Tea,"No Name Medium Roast Ground Coffee, 925 g",No Name,925 g,9.58,9.58,NO,0.0,Regular Everyday Price,1.04,100g,In Stock,2026-10-04T10:59:52.539005+00:00,Official nofrills.ca Web Storefront,2026-10-01T04:00:00+00:00,2026-10-08T03:59:59+00:00,https://www.nofrills.ca/en/no-name-medium-roast-ground-coffee-925-g/p/20001586_EA
CAN-WALMART-20001587,walmart,Walmart,walmart.ca,"Scarborough Town Centre, Toronto",3058,ON - Greater Toronto Area,M5V2T6,Beverages,Coffee & Tea,"Great Value Medium Roast Ground Coffee, 925 g",Great Value,925 g,9.56,9.56,NO,0.0,Regular Everyday Price,1.03,100g,In Stock,2026-10-04T11:00:02.329303+00:00,Official walmart.ca Web Storefront,2026-10-01T04:00:00+00:00,2026-10-08T03:59:59+00:00,https://www.walmart.ca/en/ip/great-value-medium-roast-ground-coffee-925-g/60000001587
CAN-TNT-20001588,tnt,T&T,tntsupermarket.com,"Fairview Mall / Markham, Toronto",008,ON - Greater Toronto Area,M5V2T6,Beverages,Coffee & Tea,"Tim Hortons Medium Roast Ground Coffee, 925 g",Tim Hortons,925 g,12.0,12.0,NO,0.0,Regular Everyday Price,1.3,100g,In Stock,2026-10-04T11:00:08.246487+00:00,Official tntsupermarket.com Web Storefront,2026-10-01T04:00:00+00:00,2026-10-08T03:59:59+00:00,https://www.tntsupermarket.com/eng/2000158-tim-hortons-medium-roast-ground-coffee-925-g.html
CAN-LOBLAWS-20001589,loblaws,Loblaws,loblaws.ca,"Queen & Portland, Toronto",1006,ON - Greater Toronto Area,M5V2T6,Beverages,Coffee & Tea,"President's Choice Medium Roast Ground Coffee, 925 g",President's Choice,925 g,13.12,14.62,YES,1.5,PC Optimum Member Price - Save $1.50,1.42,100g,In Stock,2026-10-04T11:00:22.146447+00:00,Official loblaws.ca Web Storefront,2026-10-01T04:00:00+00:00,2026-10-08T03:59:59+00:00,https://www.loblaws.ca/en/presidents-choice-medium-roast-ground-coffee-925-g/p/20001589_EA
CAN-SAVEON-20001590,saveon,Save-On,saveonfoods.com,Toronto Delivery Center,9901,ON - Greater Toronto Area,M5V2T6,Beverages,Coffee & Tea,"Western Family Medium Roast Ground Coffee, 925 g",Western Family,925 g,12.61,12.61,NO,0.0,Regular Everyday Price,1.36,100g,In Stock,2026-10-04T11:00:25.594597+00:00,Official saveonfoods.com Web Storefront,2026-10-01T04:00:00+00:00,2026-10-08T03:59:59+00:00,https://www.saveonfoods.com/sm/pickup/rsid/9901/product/western-family-medium-roast-ground-coffee-925-g-20001590
CAN-METRO-20001591,metro,Metro,metro.ca,"Front St / Liberty Village, Toronto",0742,ON - Greater Toronto Area,M5V2T6,Beverages,Juices,"Selection Pure Orange Juice No Pulp, 2.5 L",Selection,2.5 L,6.05,6.05,NO,0.0,Regular Everyday Price,2.42,L,In Stock,2026-10-04T11:00:33.076878+00:00,Official metro.ca Web Storefront,2026-10-01T04:00:00+00:00,2026-10-08T03:59:59+00:00,https://www.metro.ca/en/online-grocery/aisles/beverages/selection-pure-orange-juice-no-pulp-25-l-p-20001591
CAN-FOODBASICS-20001592,foodbasics,Food Basics,foodbasics.ca,"Wellesley St E, Toronto",0912,ON - Greater Toronto Area,M5V2T6,Beverages,Juices,"Selection Pure Orange Juice No Pulp, 2.5 L",Selection,2.5 L,5.04,5.04,NO,0.0,Regular Everyday Price,2.02,L,In Stock,2026-10-04T11:00:42.924183+00:00,Official foodbasics.ca Web Storefront,2026-10-01T04:00:00+00:00,2026-10-08T03:59:59+00:00,https://www.foodbasics.ca/aisles/beverages/selection-pure-orange-juice-no-pulp-25-l-p-20001592
CAN-SOBEYS-20001593,sobeys,Sobeys,sobeys.com,"Spadina Ave / Urban Fresh, Toronto",0651,ON - Greater Toronto Area,M5V2T6,Beverages,Juices,"Compliments Pure Orange Juice No Pulp, 2.5 L",Compliments,2.5 L,6.55,6.55,NO,0.0,Regular Everyday Price,2.62,L,In Stock,2026-10-04T11:00:47.440674+00:00,Official sobeys.com Web Storefront,2026-10-01T04:00:00+00:00,2026-10-08T03:59:59+00:00,https://www.sobeys.com/en/products/compliments-pure-orange-juice-no-pulp-25-l-20001593
CAN-FRESHCO-20001594,freshco,FreshCo,freshco.com,"Parliament & Dundas, Toronto",9521,ON - Greater Toronto Area,M5V2T6,Beverages,Juices,"Compliments Pure Orange Juice No Pulp, 2.5 L",Compliments,2.5 L,5.04,6.14,YES,1.1,Price Match Guarantee Deal - Save $1.10,2.02,L,In Stock,2026-10-04T11:00:57.119421+00:00,Official freshco.com Web Storefront,2026-10-01T04:00:00+00:00,2026-10-08T03:59:59+00:00,https://freshco.com/products/compliments-pure-orange-juice-no-pulp-25-l-20001594
CAN-COSTCO-20001595,costco,Costco,costco.ca,"Overlea Blvd, Thorncliffe, Toronto",1105,ON - Greater Toronto Area,M5V2T6,Beverages,Juices,"Kirkland Signature Pure Orange Juice No Pulp, 2 x 2.84 L",Kirkland Signature,2 x 2.84 L,10.09,13.59,YES,3.5,Instant Savings $3.50 Off at Checkout,3.55,L,In Stock,2026-10-04T11:01:00.563603+00:00,Official costco.ca Web Storefront,2026-10-01T04:00:00+00:00,2026-10-08T03:59:59+00:00,https://www.costco.ca/kirkland-signature-pure-orange-juice-no-pulp-2-x-284-l.product.001595.html
CAN-NOFRILLS-20001596,nofrills,No Frills,nofrills.ca,"Dufferin Mall, Toronto",3133,ON - Greater Toronto Area,M5V2T6,Beverages,Juices,"No Name Pure Orange Juice No Pulp, 2.5 L",No Name,2.5 L,5.04,5.04,NO,0.0,Regular Everyday Price,2.02,L,In Stock,2026-10-04T11:01:09.715823+00:00,Official nofrills.ca Web Storefront,2026-10-01T04:00:00+00:00,2026-10-08T03:59:59+00:00,https://www.nofrills.ca/en/no-name-pure-orange-juice-no-pulp-25-l/p/20001596_EA
CAN-WALMART-20001597,walmart,Walmart,walmart.ca,"Scarborough Town Centre, Toronto",3058,ON - Greater Toronto Area,M5V2T6,Beverages,Juices,"Great Value Pure Orange Juice No Pulp, 2.5 L",Great Value,2.5 L,5.02,7.02,YES,2.0,Rollback - Save $2.00,2.01,L,In Stock,2026-10-04T11:01:21.046986+00:00,Official walmart.ca Web Storefront,2026-10-01T04:00:00+00:00,2026-10-08T03:59:59+00:00,https://www.walmart.ca/en/ip/great-value-pure-orange-juice-no-pulp-25-l/60000001597
CAN-TNT-20001598,tnt,T&T,tntsupermarket.com,"Fairview Mall / Markham, Toronto",008,ON - Greater Toronto Area,M5V2T6,Beverages,Juices,"Oasis Pure Orange Juice No Pulp, 2.5 L",Oasis,2.5 L,5.53,5.53,NO,0.0,Regular Everyday Price,2.21,L,In Stock,2026-10-04T11:01:34.626678+00:00,Official tntsupermarket.com Web Storefront,2026-10-01T04:00:00+00:00,2026-10-08T03:59:59+00:00,https://www.tntsupermarket.com/eng/2000159-oasis-pure-orange-juice-no-pulp-25-l.html
CAN-LOBLAWS-20001599,loblaws,Loblaws,loblaws.ca,"Queen & Portland, Toronto",1006,ON - Greater Toronto Area,M5V2T6,Beverages,Juices,"President's Choice Pure Orange Juice No Pulp, 2.5 L",President's Choice,2.5 L,6.55,8.55,YES,2.0,PC Optimum Member Price - Save $2.00,2.62,L,In Stock,2026-10-04T11:01:41.045786+00:00,Official loblaws.ca Web Storefront,2026-10-01T04:00:00+00:00,2026-10-08T03:59:59+00:00,https://www.loblaws.ca/en/presidents-choice-pure-orange-juice-no-pulp-25-l/p/20001599_EA
CAN-SAVEON-20001600,saveon,Save-On,saveonfoods.com,Toronto Delivery Center,9901,ON - Greater Toronto Area,M5V2T6,Beverages,Juices,"Western Family Pure Orange Juice No Pulp, 2.5 L",Western Family,2.5 L,6.35,6.35,NO,0.0,Regular Everyday Price,2.54,L,In Stock,2026-10-04T11:01:51.034682+00:00,Official saveonfoods.com Web Storefront,2026-10-01T04:00:00+00:00,2026-10-08T03:59:59+00:00,https://www.saveonfoods.com/sm/pickup/rsid/9901/product/western-family-pure-orange-juice-no-pulp-25-l-20001600
CAN-METRO-20001601,metro,Metro,metro.ca,"Front St / Liberty Village, Toronto",0742,ON - Greater Toronto Area,M5V2T6,Frozen Foods,Frozen Fruit,"Irresistibles Frozen Wild Blueberries, 600 g",Irresistibles,600 g,5.54,5.54,NO,0.0,Regular Everyday Price,0.92,100g,In Stock,2026-10-04T11:02:05.704917+00:00,Official metro.ca Web Storefront,2026-10-01T04:00:00+00:00,2026-10-08T03:59:59+00:00,https://www.metro.ca/en/online-grocery/aisles/frozen-foods/irresistibles-frozen-wild-blueberries-600-g-p-20001601
CAN-FOODBASICS-20001602,foodbasics,Food Basics,foodbasics.ca,"Wellesley St E, Toronto",0912,ON - Greater Toronto Area,M5V2T6,Frozen Foods,Frozen Fruit,"Selection Frozen Wild Blueberries, 600 g",Selection,600 g,4.53,4.53,NO,0.0,Regular Everyday Price,0.76,100g,In Stock,2026-10-04T11:02:14.914947+00:00,Official foodbasics.ca Web Storefront,2026-10-01T04:00:00+00:00,2026-10-08T03:59:59+00:00,https://www.foodbasics.ca/aisles/frozen-foods/selection-frozen-wild-blueberries-600-g-p-20001602
CAN-SOBEYS-20001603,sobeys,Sobeys,sobeys.com,"Spadina Ave / Urban Fresh, Toronto",0651,ON - Greater Toronto Area,M5V2T6,Frozen Foods,Frozen Fruit,"Compliments Frozen Wild Blueberries, 600 g",Compliments,600 g,6.05,6.05,NO,0.0,Regular Everyday Price,1.01,100g,In Stock,2026-10-04T11:02:19.702712+00:00,Official sobeys.com Web Storefront,2026-10-01T04:00:00+00:00,2026-10-08T03:59:59+00:00,https://www.sobeys.com/en/products/compliments-frozen-wild-blueberries-600-g-20001603
CAN-FRESHCO-20001604,freshco,FreshCo,freshco.com,"Parliament & Dundas, Toronto",9521,ON - Greater Toronto Area,M5V2T6,Frozen Foods,Frozen Fruit,"Compliments Frozen Wild Blueberries, 600 g",Compliments,600 g,4.53,4.53,NO,0.0,Regular Everyday Price,0.76,100g,In Stock,2026-10-04T11:02:24.759690+00:00,Official freshco.com Web Storefront,2026-10-01T04:00:00+00:00,2026-10-08T03:59:59+00:00,https://freshco.com/products/compliments-frozen-wild-blueberries-600-g-20001604
CAN-COSTCO-20001605,costco,Costco,costco.ca,"Overlea Blvd, Thorncliffe, Toronto",1105,ON - Greater Toronto Area,M5V2T6,Frozen Foods,Frozen Fruit,"Kirkland Signature Frozen Wild Blueberries, 2 kg",Kirkland Signature,2 kg,13.12,18.12,YES,5.0,Instant Savings $5.00 Off at Checkout,6.56,kg,In Stock,2026-10-04T11:02:35.591452+00:00,Official costco.ca Web Storefront,2026-10-01T04:00:00+00:00,2026-10-08T03:59:59+00:00,https://www.costco.ca/kirkland-signature-frozen-wild-blueberries-2-kg.product.001605.html
CAN-NOFRILLS-20001606,nofrills,No Frills,nofrills.ca,"Dufferin Mall, Toronto",3133,ON - Greater Toronto Area,M5V2T6,Frozen Foods,Frozen Fruit,"No Name Frozen Wild Blueberries, 600 g",No Name,600 g,4.53,4.53,NO,0.0,Regular Everyday Price,0.76,100g,In Stock,2026-10-04T11:02:44.591012+00:00,Official nofrills.ca Web Storefront,2026-10-01T04:00:00+00:00,2026-10-08T03:59:59+00:00,https://www.nofrills.ca/en/no-name-frozen-wild-blueberries-600-g/p/20001606_EA
CAN-WALMART-20001607,walmart,Walmart,walmart.ca,"Scarborough Town Centre, Toronto",3058,ON - Greater Toronto Area,M5V2T6,Frozen Foods,Frozen Fruit,"Great Value Frozen Wild Blueberries, 600 g",Great Value,600 g,4.51,5.48,YES,0.97,Rollback - Save $0.97,0.75,100g,In Stock,2026-10-04T11:02:52.840201+00:00,Official walmart.ca Web Storefront,2026-10-01T04:00:00+00:00,2026-10-08T03:59:59+00:00,https://www.walmart.ca/en/ip/great-value-frozen-wild-blueberries-600-g/60000001607
CAN-TNT-20001608,tnt,T&T,tntsupermarket.com,"Fairview Mall / Markham, Toronto",008,ON - Greater Toronto Area,M5V2T6,Frozen Foods,Frozen Fruit,"T&T Brand Frozen Wild Blueberries, 600 g",T&T Brand,600 g,5.03,5.03,NO,0.0,Regular Everyday Price,0.84,100g,In Stock,2026-10-04T11:02:58.711449+00:00,Official tntsupermarket.com Web Storefront,2026-10-01T04:00:00+00:00,2026-10-08T03:59:59+00:00,https://www.tntsupermarket.com/eng/2000160-tt-brand-frozen-wild-blueberries-600-g.html
CAN-LOBLAWS-20001609,loblaws,Loblaws,loblaws.ca,"Queen & Portland, Toronto",1006,ON - Greater Toronto Area,M5V2T6,Frozen Foods,Frozen Fruit,"PC Blue Menu Frozen Wild Blueberries, 600 g",PC Blue Menu,600 g,6.05,6.05,NO,0.0,Regular Everyday Price,1.01,100g,In Stock,2026-10-04T11:03:07.581712+00:00,Official loblaws.ca Web Storefront,2026-10-01T04:00:00+00:00,2026-10-08T03:59:59+00:00,https://www.loblaws.ca/en/pc-blue-menu-frozen-wild-blueberries-600-g/p/20001609_EA
CAN-SAVEON-20001610,saveon,Save-On,saveonfoods.com,Toronto Delivery Center,9901,ON - Greater Toronto Area,M5V2T6,Frozen Foods,Frozen Fruit,"Western Family Frozen Wild Blueberries, 600 g",Western Family,600 g,5.85,5.85,NO,0.0,Regular Everyday Price,0.97,100g,In Stock,2026-10-04T11:03:17.760558+00:00,Official saveonfoods.com Web Storefront,2026-10-01T04:00:00+00:00,2026-10-08T03:59:59+00:00,https://www.saveonfoods.com/sm/pickup/rsid/9901/product/western-family-frozen-wild-blueberries-600-g-20001610
CAN-METRO-20001611,metro,Metro,metro.ca,"Front St / Liberty Village, Toronto",0742,ON - Greater Toronto Area,M5V2T6,Frozen Foods,Frozen Meals,"Selection Deluxe Rising Crust Frozen Pizza, 780 g",Selection,780 g,7.06,7.06,NO,0.0,Regular Everyday Price,0.91,100g,In Stock,2026-10-04T11:03:32.150707+00:00,Official metro.ca Web Storefront,2026-10-01T04:00:00+00:00,2026-10-08T03:59:59+00:00,https://www.metro.ca/en/online-grocery/aisles/frozen-foods/selection-deluxe-rising-crust-frozen-pizza-780-g-p-20001611
CAN-FOODBASICS-20001612,foodbasics,Food Basics,foodbasics.ca,"Wellesley St E, Toronto",0912,ON - Greater Toronto Area,M5V2T6,Frozen Foods,Frozen Meals,"Selection Deluxe Rising Crust Frozen Pizza, 780 g",Selection,780 g,5.04,5.04,NO,0.0,Regular Everyday Price,0.65,100g,In Stock,2026-10-04T11:03:41.882598+00:00,Official foodbasics.ca Web Storefront,2026-10-01T04:00:00+00:00,2026-10-08T03:59:59+00:00,https://www.foodbasics.ca/aisles/frozen-foods/selection-deluxe-rising-crust-frozen-pizza-780-g-p-20001612
CAN-SOBEYS-20001613,sobeys,Sobeys,sobeys.com,"Spadina Ave / Urban Fresh, Toronto",0651,ON - Greater Toronto Area,M5V2T6,Frozen Foods,Frozen Meals,"Compliments Deluxe Rising Crust Frozen Pizza, 780 g",Compliments,780 g,7.56,7.56,NO,0.0,Regular Everyday Price,0.97,100g,In Stock,2026-10-04T11:03:48.764919+00:00,Official sobeys.com Web Storefront,2026-10-01T04:00:00+00:00,2026-10-08T03:59:59+00:00,https://www.sobeys.com/en/products/compliments-deluxe-rising-crust-frozen-pizza-780-g-20001613
CAN-FRESHCO-20001614,freshco,FreshCo,freshco.com,"Parliament & Dundas, Toronto",9521,ON - Greater Toronto Area,M5V2T6,Frozen Foods,Frozen Meals,"Compliments Deluxe Rising Crust Frozen Pizza, 780 g",Compliments,780 g,5.04,5.04,NO,0.0,Regular Everyday Price,0.65,100g,In Stock,2026-10-04T11:03:58.268260+00:00,Official freshco.com Web Storefront,2026-10-01T04:00:00+00:00,2026-10-08T03:59:59+00:00,https://freshco.com/products/compliments-deluxe-rising-crust-frozen-pizza-780-g-20001614
CAN-COSTCO-20001615,costco,Costco,costco.ca,"Overlea Blvd, Thorncliffe, Toronto",1105,ON - Greater Toronto Area,M5V2T6,Frozen Foods,Frozen Meals,"Delissio / Kirkland Deluxe Rising Crust Frozen Pizza, 4 pack",Delissio / Kirkland,4 pack,17.16,17.16,NO,0.0,Regular Everyday Price,4.29,each,In Stock,2026-10-04T11:04:06.352071+00:00,Official costco.ca Web Storefront,2026-10-01T04:00:00+00:00,2026-10-08T03:59:59+00:00,https://www.costco.ca/delissio-kirkland-deluxe-rising-crust-frozen-pizza-4-pack.product.001615.html
CAN-NOFRILLS-20001616,nofrills,No Frills,nofrills.ca,"Dufferin Mall, Toronto",3133,ON - Greater Toronto Area,M5V2T6,Frozen Foods,Frozen Meals,"No Name Deluxe Rising Crust Frozen Pizza, 780 g",No Name,780 g,5.04,5.04,NO,0.0,Regular Everyday Price,0.65,100g,In Stock,2026-10-04T11:04:10.546900+00:00,Official nofrills.ca Web Storefront,2026-10-01T04:00:00+00:00,2026-10-08T03:59:59+00:00,https://www.nofrills.ca/en/no-name-deluxe-rising-crust-frozen-pizza-780-g/p/20001616_EA
CAN-WALMART-20001617,walmart,Walmart,walmart.ca,"Scarborough Town Centre, Toronto",3058,ON - Greater Toronto Area,M5V2T6,Frozen Foods,Frozen Meals,"Great Value Deluxe Rising Crust Frozen Pizza, 780 g",Great Value,780 g,5.02,7.02,YES,2.0,Rollback - Save $2.00,0.64,100g,In Stock,2026-10-04T11:04:17.249779+00:00,Official walmart.ca Web Storefront,2026-10-01T04:00:00+00:00,2026-10-08T03:59:59+00:00,https://www.walmart.ca/en/ip/great-value-deluxe-rising-crust-frozen-pizza-780-g/60000001617
CAN-TNT-20001618,tnt,T&T,tntsupermarket.com,"Fairview Mall / Markham, Toronto",008,ON - Greater Toronto Area,M5V2T6,Frozen Foods,Frozen Meals,"Dr. Oetker Deluxe Rising Crust Frozen Pizza, 780 g",Dr. Oetker,780 g,6.95,8.45,YES,1.5,Weekly Feature Special - Save $1.50,0.89,100g,In Stock,2026-10-04T11:04:27.500712+00:00,Official tntsupermarket.com Web Storefront,2026-10-01T04:00:00+00:00,2026-10-08T03:59:59+00:00,https://www.tntsupermarket.com/eng/2000161-dr-oetker-deluxe-rising-crust-frozen-pizza-780-g.html
CAN-LOBLAWS-20001619,loblaws,Loblaws,loblaws.ca,"Queen & Portland, Toronto",1006,ON - Greater Toronto Area,M5V2T6,Frozen Foods,Frozen Meals,"President's Choice Deluxe Rising Crust Frozen Pizza, 780 g",President's Choice,780 g,7.56,8.31,YES,0.75,PC Optimum Member Price - Save $0.75,0.97,100g,In Stock,2026-10-04T11:04:35.975668+00:00,Official loblaws.ca Web Storefront,2026-10-01T04:00:00+00:00,2026-10-08T03:59:59+00:00,https://www.loblaws.ca/en/presidents-choice-deluxe-rising-crust-frozen-pizza-780-g/p/20001619_EA
CAN-SAVEON-20001620,saveon,Save-On,saveonfoods.com,Toronto Delivery Center,9901,ON - Greater Toronto Area,M5V2T6,Frozen Foods,Frozen Meals,"Western Family Deluxe Rising Crust Frozen Pizza, 780 g",Western Family,780 g,7.36,8.86,YES,1.5,Save $1.50 With More Rewards Card,0.94,100g,In Stock,2026-10-04T11:04:45.621757+00:00,Official saveonfoods.com Web Storefront,2026-10-01T04:00:00+00:00,2026-10-08T03:59:59+00:00,https://www.saveonfoods.com/sm/pickup/rsid/9901/product/western-family-deluxe-rising-crust-frozen-pizza-780-g-20001620
CAN-METRO-20001621,metro,Metro,metro.ca,"Front St / Liberty Village, Toronto",0742,ON - Greater Toronto Area,M5V2T6,Snacks & Treats,Chips & Snacks,"Selection Classic Sea Salt Potato Chips, 200 g",Selection,200 g,3.02,3.02,NO,0.0,Regular Everyday Price,1.51,100g,In Stock,2026-10-04T11:04:49.263103+00:00,Official metro.ca Web Storefront,2026-10-01T04:00:00+00:00,2026-10-08T03:59:59+00:00,https://www.metro.ca/en/online-grocery/aisles/snacks-treats/selection-classic-sea-salt-potato-chips-200-g-p-20001621
CAN-FOODBASICS-20001622,foodbasics,Food Basics,foodbasics.ca,"Wellesley St E, Toronto",0912,ON - Greater Toronto Area,M5V2T6,Snacks & Treats,Chips & Snacks,"Selection Classic Sea Salt Potato Chips, 200 g",Selection,200 g,2.01,2.01,NO,0.0,Regular Everyday Price,1.0,100g,In Stock,2026-10-04T11:05:01.522191+00:00,Official foodbasics.ca Web Storefront,2026-10-01T04:00:00+00:00,2026-10-08T03:59:59+00:00,https://www.foodbasics.ca/aisles/snacks-treats/selection-classic-sea-salt-potato-chips-200-g-p-20001622
CAN-SOBEYS-20001623,sobeys,Sobeys,sobeys.com,"Spadina Ave / Urban Fresh, Toronto",0651,ON - Greater Toronto Area,M5V2T6,Snacks & Treats,Chips & Snacks,"Compliments Classic Sea Salt Potato Chips, 200 g",Compliments,200 g,3.52,3.52,NO,0.0,Regular Everyday Price,1.76,100g,In Stock,2026-10-04T11:05:14.874645+00:00,Official sobeys.com Web Storefront,2026-10-01T04:00:00+00:00,2026-10-08T03:59:59+00:00,https://www.sobeys.com/en/products/compliments-classic-sea-salt-potato-chips-200-g-20001623
CAN-FRESHCO-20001624,freshco,FreshCo,freshco.com,"Parliament & Dundas, Toronto",9521,ON - Greater Toronto Area,M5V2T6,Snacks & Treats,Chips & Snacks,"Compliments Classic Sea Salt Potato Chips, 200 g",Compliments,200 g,2.01,2.91,YES,0.9,Price Match Guarantee Deal - Save $0.90,1.0,100g,In Stock,2026-10-04T11:05:21.696383+00:00,Official freshco.com Web Storefront,2026-10-01T04:00:00+00:00,2026-10-08T03:59:59+00:00,https://freshco.com/products/compliments-classic-sea-salt-potato-chips-200-g-20001624
CAN-COSTCO-20001625,costco,Costco,costco.ca,"Overlea Blvd, Thorncliffe, Toronto",1105,ON - Greater Toronto Area,M5V2T6,Snacks & Treats,Chips & Snacks,"Kirkland Signature Classic Sea Salt Potato Chips, 907 g",Kirkland Signature,907 g,7.06,7.06,NO,0.0,Regular Everyday Price,0.78,100g,In Stock,2026-10-04T11:05:30.186614+00:00,Official costco.ca Web Storefront,2026-10-01T04:00:00+00:00,2026-10-08T03:59:59+00:00,https://www.costco.ca/kirkland-signature-classic-sea-salt-potato-chips-907-g.product.001625.html
CAN-NOFRILLS-20001626,nofrills,No Frills,nofrills.ca,"Dufferin Mall, Toronto",3133,ON - Greater Toronto Area,M5V2T6,Snacks & Treats,Chips & Snacks,"No Name Classic Sea Salt Potato Chips, 200 g",No Name,200 g,2.01,2.01,NO,0.0,Regular Everyday Price,1.0,100g,In Stock,2026-10-04T11:05:34.628986+00:00,Official nofrills.ca Web Storefront,2026-10-01T04:00:00+00:00,2026-10-08T03:59:59+00:00,https://www.nofrills.ca/en/no-name-classic-sea-salt-potato-chips-200-g/p/20001626_EA
CAN-WALMART-20001627,walmart,Walmart,walmart.ca,"Scarborough Town Centre, Toronto",3058,ON - Greater Toronto Area,M5V2T6,Snacks & Treats,Chips & Snacks,"Great Value Classic Sea Salt Potato Chips, 200 g",Great Value,200 g,1.99,1.99,NO,0.0,Regular Everyday Price,1.0,100g,In Stock,2026-10-04T11:05:40.219669+00:00,Official walmart.ca Web Storefront,2026-10-01T04:00:00+00:00,2026-10-08T03:59:59+00:00,https://www.walmart.ca/en/ip/great-value-classic-sea-salt-potato-chips-200-g/60000001627
CAN-TNT-20001628,tnt,T&T,tntsupermarket.com,"Fairview Mall / Markham, Toronto",008,ON - Greater Toronto Area,M5V2T6,Snacks & Treats,Chips & Snacks,"Calbee / T&T Classic Sea Salt Potato Chips, 200 g",Calbee / T&T,200 g,2.71,4.21,YES,1.5,Weekly Feature Special - Save $1.50,1.35,100g,In Stock,2026-10-04T11:05:46.649336+00:00,Official tntsupermarket.com Web Storefront,2026-10-01T04:00:00+00:00,2026-10-08T03:59:59+00:00,https://www.tntsupermarket.com/eng/2000162-calbee-tt-classic-sea-salt-potato-chips-200-g.html
CAN-LOBLAWS-20001629,loblaws,Loblaws,loblaws.ca,"Queen & Portland, Toronto",1006,ON - Greater Toronto Area,M5V2T6,Snacks & Treats,Chips & Snacks,"President's Choice Loads Of Classic Sea Salt Potato Chips, 200 g",President's Choice Loads Of,200 g,3.52,3.52,NO,0.0,Regular Everyday Price,1.76,100g,In Stock,2026-10-04T11:05:55.773535+00:00,Official loblaws.ca Web Storefront,2026-10-01T04:00:00+00:00,2026-10-08T03:59:59+00:00,https://www.loblaws.ca/en/presidents-choice-loads-of-classic-sea-salt-potato-chips-200-g/p/20001629_EA
CAN-SAVEON-20001630,saveon,Save-On,saveonfoods.com,Toronto Delivery Center,9901,ON - Greater Toronto Area,M5V2T6,Snacks & Treats,Chips & Snacks,"Western Family Classic Sea Salt Potato Chips, 200 g",Western Family,200 g,3.22,3.22,NO,0.0,Regular Everyday Price,1.61,100g,In Stock,2026-10-04T11:06:06.293611+00:00,Official saveonfoods.com Web Storefront,2026-10-01T04:00:00+00:00,2026-10-08T03:59:59+00:00,https://www.saveonfoods.com/sm/pickup/rsid/9901/product/western-family-classic-sea-salt-potato-chips-200-g-20001630
CAN-METRO-20001631,metro,Metro,metro.ca,"Front St / Liberty Village, Toronto",0742,ON - Greater Toronto Area,M5V2T6,Household & Essentials,Paper Products,"Selection Ultra Paper Towels, 6 jumbo rolls",Selection,6 jumbo rolls,13.12,13.12,NO,0.0,Regular Everyday Price,13.12,each,In Stock,2026-10-04T11:06:19.687776+00:00,Official metro.ca Web Storefront,2026-10-01T04:00:00+00:00,2026-10-08T03:59:59+00:00,https://www.metro.ca/en/online-grocery/aisles/household-essentials/selection-ultra-paper-towels-6-jumbo-rolls-p-20001631
CAN-FOODBASICS-20001632,foodbasics,Food Basics,foodbasics.ca,"Wellesley St E, Toronto",0912,ON - Greater Toronto Area,M5V2T6,Household & Essentials,Paper Products,"Selection Ultra Paper Towels, 6 jumbo rolls",Selection,6 jumbo rolls,10.09,10.09,NO,0.0,Regular Everyday Price,10.09,each,In Stock,2026-10-04T11:06:31.851253+00:00,Official foodbasics.ca Web Storefront,2026-10-01T04:00:00+00:00,2026-10-08T03:59:59+00:00,https://www.foodbasics.ca/aisles/household-essentials/selection-ultra-paper-towels-6-jumbo-rolls-p-20001632
CAN-SOBEYS-20001633,sobeys,Sobeys,sobeys.com,"Spadina Ave / Urban Fresh, Toronto",0651,ON - Greater Toronto Area,M5V2T6,Household & Essentials,Paper Products,"Compliments Ultra Paper Towels, 6 jumbo rolls",Compliments,6 jumbo rolls,14.63,14.63,NO,0.0,Regular Everyday Price,14.63,each,In Stock,2026-10-04T11:06:35.965656+00:00,Official sobeys.com Web Storefront,2026-10-01T04:00:00+00:00,2026-10-08T03:59:59+00:00,https://www.sobeys.com/en/products/compliments-ultra-paper-towels-6-jumbo-rolls-20001633
CAN-FRESHCO-20001634,freshco,FreshCo,freshco.com,"Parliament & Dundas, Toronto",9521,ON - Greater Toronto Area,M5V2T6,Household & Essentials,Paper Products,"Compliments Ultra Paper Towels, 6 jumbo rolls",Compliments,6 jumbo rolls,10.09,10.09,NO,0.0,Regular Everyday Price,10.09,each,In Stock,2026-10-04T11:06:42.339879+00:00,Official freshco.com Web Storefront,2026-10-01T04:00:00+00:00,2026-10-08T03:59:59+00:00,https://freshco.com/products/compliments-ultra-paper-towels-6-jumbo-rolls-20001634
CAN-COSTCO-20001635,costco,Costco,costco.ca,"Overlea Blvd, Thorncliffe, Toronto",1105,ON - Greater Toronto Area,M5V2T6,Household & Essentials,Paper Products,"Kirkland Signature Ultra Paper Towels, 12 jumbo rolls",Kirkland Signature,12 jumbo rolls,35.34,40.34,YES,5.0,Instant Savings $5.00 Off at Checkout,35.34,each,In Stock,2026-10-04T11:06:48.125075+00:00,Official costco.ca Web Storefront,2026-10-01T04:00:00+00:00,2026-10-08T03:59:59+00:00,https://www.costco.ca/kirkland-signature-ultra-paper-towels-12-jumbo-rolls.product.001635.html
CAN-NOFRILLS-20001636,nofrills,No Frills,nofrills.ca,"Dufferin Mall, Toronto",3133,ON - Greater Toronto Area,M5V2T6,Household & Essentials,Paper Products,"No Name Ultra Paper Towels, 6 jumbo rolls",No Name,6 jumbo rolls,10.09,10.09,NO,0.0,Regular Everyday Price,10.09,each,In Stock,2026-10-04T11:06:56.454192+00:00,Official nofrills.ca Web Storefront,2026-10-01T04:00:00+00:00,2026-10-08T03:59:59+00:00,https://www.nofrills.ca/en/no-name-ultra-paper-towels-6-jumbo-rolls/p/20001636_EA
CAN-WALMART-20001637,walmart,Walmart,walmart.ca,"Scarborough Town Centre, Toronto",3058,ON - Greater Toronto Area,M5V2T6,Household & Essentials,Paper Products,"Great Value Ultra Paper Towels, 6 jumbo rolls",Great Value,6 jumbo rolls,10.07,10.57,YES,0.5,Rollback - Save $0.50,10.07,each,In Stock,2026-10-04T11:07:03.325436+00:00,Official walmart.ca Web Storefront,2026-10-01T04:00:00+00:00,2026-10-08T03:59:59+00:00,https://www.walmart.ca/en/ip/great-value-ultra-paper-towels-6-jumbo-rolls/60000001637
CAN-TNT-20001638,tnt,T&T,tntsupermarket.com,"Fairview Mall / Markham, Toronto",008,ON - Greater Toronto Area,M5V2T6,Household & Essentials,Paper Products,"Royale Ultra Paper Towels, 6 jumbo rolls",Royale,6 jumbo rolls,13.01,13.01,NO,0.0,Regular Everyday Price,13.01,each,In Stock,2026-10-04T11:07:10.303453+00:00,Official tntsupermarket.com Web Storefront,2026-10-01T04:00:00+00:00,2026-10-08T03:59:59+00:00,https://www.tntsupermarket.com/eng/2000163-royale-ultra-paper-towels-6-jumbo-rolls.html
CAN-LOBLAWS-20001639,loblaws,Loblaws,loblaws.ca,"Queen & Portland, Toronto",1006,ON - Greater Toronto Area,M5V2T6,Household & Essentials,Paper Products,"PC Green Ultra Paper Towels, 6 jumbo rolls",PC Green,6 jumbo rolls,14.63,14.63,NO,0.0,Regular Everyday Price,14.63,each,In Stock,2026-10-04T11:07:14.938363+00:00,Official loblaws.ca Web Storefront,2026-10-01T04:00:00+00:00,2026-10-08T03:59:59+00:00,https://www.loblaws.ca/en/pc-green-ultra-paper-towels-6-jumbo-rolls/p/20001639_EA
CAN-SAVEON-20001640,saveon,Save-On,saveonfoods.com,Toronto Delivery Center,9901,ON - Greater Toronto Area,M5V2T6,Household & Essentials,Paper Products,"Western Family Ultra Paper Towels, 6 jumbo rolls",Western Family,6 jumbo rolls,13.62,14.32,YES,0.7,Save $0.70 With More Rewards Card,13.62,each,In Stock,2026-10-04T11:07:20.516795+00:00,Official saveonfoods.com Web Storefront,2026-10-01T04:00:00+00:00,2026-10-08T03:59:59+00:00,https://www.saveonfoods.com/sm/pickup/rsid/9901/product/western-family-ultra-paper-towels-6-jumbo-rolls-20001640
CAN-METRO-20001641,metro,Metro,metro.ca,"Front St / Liberty Village, Toronto",0742,ON - Greater Toronto Area,M5V2T6,Household & Essentials,Paper Products,"Selection 2-Ply Bathroom Tissue, 12 double rolls",Selection,12 double rolls,12.11,14.11,YES,2.0,Weekly Flyer Special - Save $2.00,12.11,each,In Stock,2026-10-04T11:07:26.870156+00:00,Official metro.ca Web Storefront,2026-10-01T04:00:00+00:00,2026-10-08T03:59:59+00:00,https://www.metro.ca/en/online-grocery/aisles/household-essentials/selection-2-ply-bathroom-tissue-12-double-rolls-p-20001641
CAN-FOODBASICS-20001642,foodbasics,Food Basics,foodbasics.ca,"Wellesley St E, Toronto",0912,ON - Greater Toronto Area,M5V2T6,Household & Essentials,Paper Products,"Selection 2-Ply Bathroom Tissue, 12 double rolls",Selection,12 double rolls,9.08,9.58,YES,0.5,Always More For Less - Save $0.50,9.08,each,In Stock,2026-10-04T11:07:30.361111+00:00,Official foodbasics.ca Web Storefront,2026-10-01T04:00:00+00:00,2026-10-08T03:59:59+00:00,https://www.foodbasics.ca/aisles/household-essentials/selection-2-ply-bathroom-tissue-12-double-rolls-p-20001642
CAN-SOBEYS-20001643,sobeys,Sobeys,sobeys.com,"Spadina Ave / Urban Fresh, Toronto",0651,ON - Greater Toronto Area,M5V2T6,Household & Essentials,Paper Products,"Compliments 2-Ply Bathroom Tissue, 12 double rolls",Compliments,12 double rolls,13.62,13.62,NO,0.0,Regular Everyday Price,13.62,each,In Stock,2026-10-04T11:07:33.621481+00:00,Official sobeys.com Web Storefront,2026-10-01T04:00:00+00:00,2026-10-08T03:59:59+00:00,https://www.sobeys.com/en/products/compliments-2-ply-bathroom-tissue-12-double-rolls-20001643
CAN-FRESHCO-20001644,freshco,FreshCo,freshco.com,"Parliament & Dundas, Toronto",9521,ON - Greater Toronto Area,M5V2T6,Household & Essentials,Paper Products,"Compliments 2-Ply Bathroom Tissue, 12 double rolls",Compliments,12 double rolls,9.08,9.08,NO,0.0,Regular Everyday Price,9.08,each,In Stock,2026-10-04T11:07:40.756574+00:00,Official freshco.com Web Storefront,2026-10-01T04:00:00+00:00,2026-10-08T03:59:59+00:00,https://freshco.com/products/compliments-2-ply-bathroom-tissue-12-double-rolls-20001644
CAN-COSTCO-20001645,costco,Costco,costco.ca,"Overlea Blvd, Thorncliffe, Toronto",1105,ON - Greater Toronto Area,M5V2T6,Household & Essentials,Paper Products,"Kirkland Signature 2-Ply Bathroom Tissue, 30 rolls / 380 sheets",Kirkland Signature,30 rolls / 380 sheets,25.24,28.74,YES,3.5,Instant Savings $3.50 Off at Checkout,0.84,each,In Stock,2026-10-04T11:07:45.067276+00:00,Official costco.ca Web Storefront,2026-10-01T04:00:00+00:00,2026-10-08T03:59:59+00:00,https://www.costco.ca/kirkland-signature-2-ply-bathroom-tissue-30-rolls-380-sheets.product.001645.html
CAN-NOFRILLS-20001646,nofrills,No Frills,nofrills.ca,"Dufferin Mall, Toronto",3133,ON - Greater Toronto Area,M5V2T6,Household & Essentials,Paper Products,"No Name 2-Ply Bathroom Tissue, 12 double rolls",No Name,12 double rolls,9.08,9.08,NO,0.0,Regular Everyday Price,9.08,each,In Stock,2026-10-04T11:07:50.861208+00:00,Official nofrills.ca Web Storefront,2026-10-01T04:00:00+00:00,2026-10-08T03:59:59+00:00,https://www.nofrills.ca/en/no-name-2-ply-bathroom-tissue-12-double-rolls/p/20001646_EA
CAN-WALMART-20001647,walmart,Walmart,walmart.ca,"Scarborough Town Centre, Toronto",3058,ON - Greater Toronto Area,M5V2T6,Household & Essentials,Paper Products,"Great Value 2-Ply Bathroom Tissue, 12 double rolls",Great Value,12 double rolls,9.06,9.06,NO,0.0,Regular Everyday Price,9.06,each,In Stock,2026-10-04T11:08:03.360898+00:00,Official walmart.ca Web Storefront,2026-10-01T04:00:00+00:00,2026-10-08T03:59:59+00:00,https://www.walmart.ca/en/ip/great-value-2-ply-bathroom-tissue-12-double-rolls/60000001647
CAN-TNT-20001648,tnt,T&T,tntsupermarket.com,"Fairview Mall / Markham, Toronto",008,ON - Greater Toronto Area,M5V2T6,Household & Essentials,Paper Products,"Cashmere 2-Ply Bathroom Tissue, 12 double rolls",Cashmere,12 double rolls,11.59,11.59,NO,0.0,Regular Everyday Price,11.59,each,In Stock,2026-10-04T11:08:13.020654+00:00,Official tntsupermarket.com Web Storefront,2026-10-01T04:00:00+00:00,2026-10-08T03:59:59+00:00,https://www.tntsupermarket.com/eng/2000164-cashmere-2-ply-bathroom-tissue-12-double-rolls.html
CAN-LOBLAWS-20001649,loblaws,Loblaws,loblaws.ca,"Queen & Portland, Toronto",1006,ON - Greater Toronto Area,M5V2T6,Household & Essentials,Paper Products,"President's Choice 2-Ply Bathroom Tissue, 12 double rolls",President's Choice,12 double rolls,13.62,13.62,NO,0.0,Regular Everyday Price,13.62,each,In Stock,2026-10-04T11:08:18.713198+00:00,Official loblaws.ca Web Storefront,2026-10-01T04:00:00+00:00,2026-10-08T03:59:59+00:00,https://www.loblaws.ca/en/presidents-choice-2-ply-bathroom-tissue-12-double-rolls/p/20001649_EA
CAN-SAVEON-20001650,saveon,Save-On,saveonfoods.com,Toronto Delivery Center,9901,ON - Greater Toronto Area,M5V2T6,Household & Essentials,Paper Products,"Western Family 2-Ply Bathroom Tissue, 12 double rolls",Western Family,12 double rolls,12.61,12.61,NO,0.0,Regular Everyday Price,12.61,each,In Stock,2026-10-04T11:08:30.556480+00:00,Official saveonfoods.com Web Storefront,2026-10-01T04:00:00+00:00,2026-10-08T03:59:59+00:00,https://www.saveonfoods.com/sm/pickup/rsid/9901/product/western-family-2-ply-bathroom-tissue-12-double-rolls-20001650
CAN-METRO-20001651,metro,Metro,metro.ca,"Front St / Liberty Village, Toronto",0742,ON - Greater Toronto Area,M5V2T6,Household & Essentials,Cleaning,"Selection Liquid Laundry Detergent, 4.08 L",Selection,4.08 L,15.14,16.44,YES,1.3,Weekly Flyer Special - Save $1.30,3.71,L,In Stock,2026-10-04T11:08:34.159241+00:00,Official metro.ca Web Storefront,2026-10-01T04:00:00+00:00,2026-10-08T03:59:59+00:00,https://www.metro.ca/en/online-grocery/aisles/household-essentials/selection-liquid-laundry-detergent-408-l-p-20001651
CAN-FOODBASICS-20001652,foodbasics,Food Basics,foodbasics.ca,"Wellesley St E, Toronto",0912,ON - Greater Toronto Area,M5V2T6,Household & Essentials,Cleaning,"Selection Liquid Laundry Detergent, 4.08 L",Selection,4.08 L,12.11,12.11,NO,0.0,Regular Everyday Price,2.97,L,In Stock,2026-10-04T11:08:42.544276+00:00,Official foodbasics.ca Web Storefront,2026-10-01T04:00:00+00:00,2026-10-08T03:59:59+00:00,https://www.foodbasics.ca/aisles/household-essentials/selection-liquid-laundry-detergent-408-l-p-20001652
CAN-SOBEYS-20001653,sobeys,Sobeys,sobeys.com,"Spadina Ave / Urban Fresh, Toronto",0651,ON - Greater Toronto Area,M5V2T6,Household & Essentials,Cleaning,"Compliments Liquid Laundry Detergent, 4.08 L",Compliments,4.08 L,16.65,16.65,NO,0.0,Regular Everyday Price,4.08,L,In Stock,2026-10-04T11:08:54.632054+00:00,Official sobeys.com Web Storefront,2026-10-01T04:00:00+00:00,2026-10-08T03:59:59+00:00,https://www.sobeys.com/en/products/compliments-liquid-laundry-detergent-408-l-20001653
CAN-FRESHCO-20001654,freshco,FreshCo,freshco.com,"Parliament & Dundas, Toronto",9521,ON - Greater Toronto Area,M5V2T6,Household & Essentials,Cleaning,"Compliments Liquid Laundry Detergent, 4.08 L",Compliments,4.08 L,12.11,12.11,NO,0.0,Regular Everyday Price,2.97,L,In Stock,2026-10-04T11:09:09.206359+00:00,Official freshco.com Web Storefront,2026-10-01T04:00:00+00:00,2026-10-08T03:59:59+00:00,https://freshco.com/products/compliments-liquid-laundry-detergent-408-l-20001654
CAN-COSTCO-20001655,costco,Costco,costco.ca,"Overlea Blvd, Thorncliffe, Toronto",1105,ON - Greater Toronto Area,M5V2T6,Household & Essentials,Cleaning,"Kirkland Signature Ultra Clean Liquid Laundry Detergent, 5.73 L / 146 loads",Kirkland Signature Ultra Clean,5.73 L / 146 loads,23.22,23.22,NO,0.0,Regular Everyday Price,4.05,L,In Stock,2026-10-04T11:09:13.654172+00:00,Official costco.ca Web Storefront,2026-10-01T04:00:00+00:00,2026-10-08T03:59:59+00:00,https://www.costco.ca/kirkland-signature-ultra-clean-liquid-laundry-detergent-573-l-146-loads.product.001655.html
CAN-NOFRILLS-20001656,nofrills,No Frills,nofrills.ca,"Dufferin Mall, Toronto",3133,ON - Greater Toronto Area,M5V2T6,Household & Essentials,Cleaning,"No Name Liquid Laundry Detergent, 4.08 L",No Name,4.08 L,12.11,13.11,YES,1.0,Hit of the Month - Rollback $1.00,2.97,L,In Stock,2026-10-04T11:09:24.218186+00:00,Official nofrills.ca Web Storefront,2026-10-01T04:00:00+00:00,2026-10-08T03:59:59+00:00,https://www.nofrills.ca/en/no-name-liquid-laundry-detergent-408-l/p/20001656_EA
CAN-WALMART-20001657,walmart,Walmart,walmart.ca,"Scarborough Town Centre, Toronto",3058,ON - Greater Toronto Area,M5V2T6,Household & Essentials,Cleaning,"Great Value Liquid Laundry Detergent, 4.08 L",Great Value,4.08 L,12.09,12.09,NO,0.0,Regular Everyday Price,2.96,L,In Stock,2026-10-04T11:09:28.577724+00:00,Official walmart.ca Web Storefront,2026-10-01T04:00:00+00:00,2026-10-08T03:59:59+00:00,https://www.walmart.ca/en/ip/great-value-liquid-laundry-detergent-408-l/60000001657
CAN-TNT-20001658,tnt,T&T,tntsupermarket.com,"Fairview Mall / Markham, Toronto",008,ON - Greater Toronto Area,M5V2T6,Household & Essentials,Cleaning,"Tide Simply Liquid Laundry Detergent, 4.08 L",Tide Simply,4.08 L,14.62,16.12,YES,1.5,Weekly Feature Special - Save $1.50,3.58,L,In Stock,2026-10-04T11:09:40.403583+00:00,Official tntsupermarket.com Web Storefront,2026-10-01T04:00:00+00:00,2026-10-08T03:59:59+00:00,https://www.tntsupermarket.com/eng/2000165-tide-simply-liquid-laundry-detergent-408-l.html
CAN-LOBLAWS-20001659,loblaws,Loblaws,loblaws.ca,"Queen & Portland, Toronto",1006,ON - Greater Toronto Area,M5V2T6,Household & Essentials,Cleaning,"President's Choice Liquid Laundry Detergent, 4.08 L",President's Choice,4.08 L,16.65,16.65,NO,0.0,Regular Everyday Price,4.08,L,In Stock,2026-10-04T11:09:51.926983+00:00,Official loblaws.ca Web Storefront,2026-10-01T04:00:00+00:00,2026-10-08T03:59:59+00:00,https://www.loblaws.ca/en/presidents-choice-liquid-laundry-detergent-408-l/p/20001659_EA
CAN-SAVEON-20001660,saveon,Save-On,saveonfoods.com,Toronto Delivery Center,9901,ON - Greater Toronto Area,M5V2T6,Household & Essentials,Cleaning,"Western Family Liquid Laundry Detergent, 4.08 L",Western Family,4.08 L,15.64,15.64,NO,0.0,Regular Everyday Price,3.83,L,In Stock,2026-10-04T11:09:57.859150+00:00,Official saveonfoods.com Web Storefront,2026-10-01T04:00:00+00:00,2026-10-08T03:59:59+00:00,https://www.saveonfoods.com/sm/pickup/rsid/9901/product/western-family-liquid-laundry-detergent-408-l-20001660
CAN-SAVEON-20001661,saveon,Save-On,saveonfoods.com,"130th Ave SE, Calgary",4910,AB - Calgary & Edmonton,T2P1J9,Produce,Fruits,"Western Family Cavendish Bananas, 1 kg",Western Family,1 kg,1.74,3.74,YES,2.0,Save $2.00 With More Rewards Card,1.74,kg,In Stock,2026-10-04T11:10:06.973219+00:00,Official saveonfoods.com Web Storefront,2026-10-01T04:00:00+00:00,2026-10-08T03:59:59+00:00,https://www.saveonfoods.com/sm/pickup/rsid/4910/product/western-family-cavendish-bananas-1-kg-20001661
CAN-NOFRILLS-20001662,nofrills,No Frills,nofrills.ca,"Sunridge Mall, Calgary",3811,AB - Calgary & Edmonton,T2P1J9,Produce,Fruits,"No Name Cavendish Bananas, 1 kg",No Name,1 kg,1.5,2.0,YES,0.5,Hit of the Month - Rollback $0.50,1.5,kg,In Stock,2026-10-04T11:10:15.832787+00:00,Official nofrills.ca Web Storefront,2026-10-01T04:00:00+00:00,2026-10-08T03:59:59+00:00,https://www.nofrills.ca/en/no-name-cavendish-bananas-1-kg/p/20001662_EA
CAN-WALMART-20001663,walmart,Walmart,walmart.ca,"Northland Village, Calgary",3026,AB - Calgary & Edmonton,T2P1J9,Produce,Fruits,"Great Value Cavendish Bananas, 1 kg",Great Value,1 kg,1.52,1.52,NO,0.0,Regular Everyday Price,1.52,kg,In Stock,2026-10-04T11:10:20.036810+00:00,Official walmart.ca Web Storefront,2026-10-01T04:00:00+00:00,2026-10-08T03:59:59+00:00,https://www.walmart.ca/en/ip/great-value-cavendish-bananas-1-kg/60000001663
CAN-TNT-20001664,tnt,T&T,tntsupermarket.com,"Pacific Place Mall, Calgary",006,AB - Calgary & Edmonton,T2P1J9,Produce,Fruits,"T&T Fresh Cavendish Bananas, 1 kg",T&T Fresh,1 kg,1.7,1.7,NO,0.0,Regular Everyday Price,1.7,kg,In Stock,2026-10-04T11:10:24.947326+00:00,Official tntsupermarket.com Web Storefront,2026-10-01T04:00:00+00:00,2026-10-08T03:59:59+00:00,https://www.tntsupermarket.com/eng/2000166-tt-fresh-cavendish-bananas-1-kg.html
CAN-LOBLAWS-20001665,loblaws,Loblaws,loblaws.ca,"Huntington / Superstore West, Calgary",1550,AB - Calgary & Edmonton,T2P1J9,Produce,Fruits,"President's Choice Cavendish Bananas, 1 kg",President's Choice,1 kg,1.87,1.87,NO,0.0,Regular Everyday Price,1.87,kg,In Stock,2026-10-04T11:10:30.982157+00:00,Official loblaws.ca Web Storefront,2026-10-01T04:00:00+00:00,2026-10-08T03:59:59+00:00,https://www.loblaws.ca/en/presidents-choice-cavendish-bananas-1-kg/p/20001665_EA
CAN-COSTCO-20001666,costco,Costco,costco.ca,"32nd Ave NE, Calgary",0258,AB - Calgary & Edmonton,T2P1J9,Produce,Fruits,"Kirkland Signature Cavendish Bananas, 1.36 kg",Kirkland Signature,1.36 kg,2.27,2.27,NO,0.0,Regular Everyday Price,1.67,kg,In Stock,2026-10-04T11:10:42.043934+00:00,Official costco.ca Web Storefront,2026-10-01T04:00:00+00:00,2026-10-08T03:59:59+00:00,https://www.costco.ca/kirkland-signature-cavendish-bananas-136-kg.product.001666.html
CAN-SOBEYS-20001667,sobeys,Sobeys,sobeys.com,"Country Hills Blvd, Calgary",3118,AB - Calgary & Edmonton,T2P1J9,Produce,Fruits,"Compliments Cavendish Bananas, 1 kg",Compliments,1 kg,1.87,1.87,NO,0.0,Regular Everyday Price,1.87,kg,In Stock,2026-10-04T11:10:55.574286+00:00,Official sobeys.com Web Storefront,2026-10-01T04:00:00+00:00,2026-10-08T03:59:59+00:00,https://www.sobeys.com/en/products/compliments-cavendish-bananas-1-kg-20001667
CAN-FRESHCO-20001668,freshco,FreshCo,freshco.com,"Brentwood Village, Calgary",9842,AB - Calgary & Edmonton,T2P1J9,Produce,Fruits,"Compliments Cavendish Bananas, 1 kg",Compliments,1 kg,1.52,1.52,NO,0.0,Regular Everyday Price,1.52,kg,In Stock,2026-10-04T11:11:01.743713+00:00,Official freshco.com Web Storefront,2026-10-01T04:00:00+00:00,2026-10-08T03:59:59+00:00,https://freshco.com/products/compliments-cavendish-bananas-1-kg-20001668
CAN-METRO-20001669,metro,Metro,metro.ca,Calgary Online Depot,8803,AB - Calgary & Edmonton,T2P1J9,Produce,Fruits,"Selection Cavendish Bananas, 1 kg",Selection,1 kg,1.83,1.83,NO,0.0,Regular Everyday Price,1.83,kg,In Stock,2026-10-04T11:11:11.326427+00:00,Official metro.ca Web Storefront,2026-10-01T04:00:00+00:00,2026-10-08T03:59:59+00:00,https://www.metro.ca/en/online-grocery/aisles/produce/selection-cavendish-bananas-1-kg-p-20001669
CAN-FOODBASICS-20001670,foodbasics,Food Basics,foodbasics.ca,Calgary Online Depot,8804,AB - Calgary & Edmonton,T2P1J9,Produce,Fruits,"Selection Cavendish Bananas, 1 kg",Selection,1 kg,1.52,1.52,NO,0.0,Regular Everyday Price,1.52,kg,In Stock,2026-10-04T11:11:16.218775+00:00,Official foodbasics.ca Web Storefront,2026-10-01T04:00:00+00:00,2026-10-08T03:59:59+00:00,https://www.foodbasics.ca/aisles/produce/selection-cavendish-bananas-1-kg-p-20001670
CAN-SAVEON-20001671,saveon,Save-On,saveonfoods.com,"130th Ave SE, Calgary",4910,AB - Calgary & Edmonton,T2P1J9,Produce,Fruits,"Western Family Royal Gala Apples, 3 lb bag",Western Family,3 lb bag,5.24,5.94,YES,0.7,Save $0.70 With More Rewards Card,5.24,each,In Stock,2026-10-04T11:11:22.828947+00:00,Official saveonfoods.com Web Storefront,2026-10-01T04:00:00+00:00,2026-10-08T03:59:59+00:00,https://www.saveonfoods.com/sm/pickup/rsid/4910/product/western-family-royal-gala-apples-3-lb-bag-20001671
CAN-NOFRILLS-20001672,nofrills,No Frills,nofrills.ca,"Sunridge Mall, Calgary",3811,AB - Calgary & Edmonton,T2P1J9,Produce,Fruits,"Farmer's Market Royal Gala Apples, 3 lb bag",Farmer's Market,3 lb bag,4.45,4.45,NO,0.0,Regular Everyday Price,4.45,each,In Stock,2026-10-04T11:11:28.223882+00:00,Official nofrills.ca Web Storefront,2026-10-01T04:00:00+00:00,2026-10-08T03:59:59+00:00,https://www.nofrills.ca/en/farmers-market-royal-gala-apples-3-lb-bag/p/20001672_EA
CAN-WALMART-20001673,walmart,Walmart,walmart.ca,"Northland Village, Calgary",3026,AB - Calgary & Edmonton,T2P1J9,Produce,Fruits,"Your Fresh Market Royal Gala Apples, 3 lb bag",Your Fresh Market,3 lb bag,4.43,6.43,YES,2.0,Rollback - Save $2.00,4.43,each,In Stock,2026-10-04T11:11:31.969428+00:00,Official walmart.ca Web Storefront,2026-10-01T04:00:00+00:00,2026-10-08T03:59:59+00:00,https://www.walmart.ca/en/ip/your-fresh-market-royal-gala-apples-3-lb-bag/60000001673
CAN-TNT-20001674,tnt,T&T,tntsupermarket.com,"Pacific Place Mall, Calgary",006,AB - Calgary & Edmonton,T2P1J9,Produce,Fruits,"T&T Select Royal Gala Apples, 3 lb bag",T&T Select,3 lb bag,4.83,4.83,NO,0.0,Regular Everyday Price,4.83,each,In Stock,2026-10-04T11:11:40.119242+00:00,Official tntsupermarket.com Web Storefront,2026-10-01T04:00:00+00:00,2026-10-08T03:59:59+00:00,https://www.tntsupermarket.com/eng/2000167-tt-select-royal-gala-apples-3-lb-bag.html
CAN-LOBLAWS-20001675,loblaws,Loblaws,loblaws.ca,"Huntington / Superstore West, Calgary",1550,AB - Calgary & Edmonton,T2P1J9,Produce,Fruits,"President's Choice Royal Gala Apples, 3 lb bag",President's Choice,3 lb bag,5.44,5.44,NO,0.0,Regular Everyday Price,5.44,each,In Stock,2026-10-04T11:11:54.340377+00:00,Official loblaws.ca Web Storefront,2026-10-01T04:00:00+00:00,2026-10-08T03:59:59+00:00,https://www.loblaws.ca/en/presidents-choice-royal-gala-apples-3-lb-bag/p/20001675_EA
CAN-COSTCO-20001676,costco,Costco,costco.ca,"32nd Ave NE, Calgary",0258,AB - Calgary & Edmonton,T2P1J9,Produce,Fruits,"Kirkland Signature Royal Gala Apples, 6 lb bag",Kirkland Signature,6 lb bag,8.9,8.9,NO,0.0,Regular Everyday Price,8.9,each,In Stock,2026-10-04T11:12:02.603577+00:00,Official costco.ca Web Storefront,2026-10-01T04:00:00+00:00,2026-10-08T03:59:59+00:00,https://www.costco.ca/kirkland-signature-royal-gala-apples-6-lb-bag.product.001676.html
CAN-SOBEYS-20001677,sobeys,Sobeys,sobeys.com,"Country Hills Blvd, Calgary",3118,AB - Calgary & Edmonton,T2P1J9,Produce,Fruits,"Compliments Royal Gala Apples, 3 lb bag",Compliments,3 lb bag,5.44,5.44,NO,0.0,Regular Everyday Price,5.44,each,In Stock,2026-10-04T11:12:14.655263+00:00,Official sobeys.com Web Storefront,2026-10-01T04:00:00+00:00,2026-10-08T03:59:59+00:00,https://www.sobeys.com/en/products/compliments-royal-gala-apples-3-lb-bag-20001677
CAN-FRESHCO-20001678,freshco,FreshCo,freshco.com,"Brentwood Village, Calgary",9842,AB - Calgary & Edmonton,T2P1J9,Produce,Fruits,"Compliments Royal Gala Apples, 3 lb bag",Compliments,3 lb bag,4.45,4.45,NO,0.0,Regular Everyday Price,4.45,each,In Stock,2026-10-04T11:12:23.012984+00:00,Official freshco.com Web Storefront,2026-10-01T04:00:00+00:00,2026-10-08T03:59:59+00:00,https://freshco.com/products/compliments-royal-gala-apples-3-lb-bag-20001678
CAN-METRO-20001679,metro,Metro,metro.ca,Calgary Online Depot,8803,AB - Calgary & Edmonton,T2P1J9,Produce,Fruits,"Selection Royal Gala Apples, 3 lb bag",Selection,3 lb bag,5.24,6.04,YES,0.8,Weekly Flyer Special - Save $0.80,5.24,each,In Stock,2026-10-04T11:12:28.789001+00:00,Official metro.ca Web Storefront,2026-10-01T04:00:00+00:00,2026-10-08T03:59:59+00:00,https://www.metro.ca/en/online-grocery/aisles/produce/selection-royal-gala-apples-3-lb-bag-p-20001679
CAN-FOODBASICS-20001680,foodbasics,Food Basics,foodbasics.ca,Calgary Online Depot,8804,AB - Calgary & Edmonton,T2P1J9,Produce,Fruits,"Selection Royal Gala Apples, 3 lb bag",Selection,3 lb bag,4.45,4.45,NO,0.0,Regular Everyday Price,4.45,each,In Stock,2026-10-04T11:12:43.104869+00:00,Official foodbasics.ca Web Storefront,2026-10-01T04:00:00+00:00,2026-10-08T03:59:59+00:00,https://www.foodbasics.ca/aisles/produce/selection-royal-gala-apples-3-lb-bag-p-20001680
CAN-SAVEON-20001681,saveon,Save-On,saveonfoods.com,"130th Ave SE, Calgary",4910,AB - Calgary & Edmonton,T2P1J9,Produce,Fruits,"Western Family Honeycrisp Apples, 1 kg",Western Family,1 kg,6.09,6.09,NO,0.0,Regular Everyday Price,6.09,kg,In Stock,2026-10-04T11:12:48.929764+00:00,Official saveonfoods.com Web Storefront,2026-10-01T04:00:00+00:00,2026-10-08T03:59:59+00:00,https://www.saveonfoods.com/sm/pickup/rsid/4910/product/western-family-honeycrisp-apples-1-kg-20001681
CAN-NOFRILLS-20001682,nofrills,No Frills,nofrills.ca,"Sunridge Mall, Calgary",3811,AB - Calgary & Edmonton,T2P1J9,Produce,Fruits,"Farmer's Market Honeycrisp Apples, 1 kg",Farmer's Market,1 kg,5.44,5.44,NO,0.0,Regular Everyday Price,5.44,kg,In Stock,2026-10-04T11:12:52.943497+00:00,Official nofrills.ca Web Storefront,2026-10-01T04:00:00+00:00,2026-10-08T03:59:59+00:00,https://www.nofrills.ca/en/farmers-market-honeycrisp-apples-1-kg/p/20001682_EA
CAN-WALMART-20001683,walmart,Walmart,walmart.ca,"Northland Village, Calgary",3026,AB - Calgary & Edmonton,T2P1J9,Produce,Fruits,"Your Fresh Market Honeycrisp Apples, 1 kg",Your Fresh Market,1 kg,5.2,5.7,YES,0.5,Rollback - Save $0.50,5.2,kg,In Stock,2026-10-04T11:12:56.754954+00:00,Official walmart.ca Web Storefront,2026-10-01T04:00:00+00:00,2026-10-08T03:59:59+00:00,https://www.walmart.ca/en/ip/your-fresh-market-honeycrisp-apples-1-kg/60000001683
CAN-TNT-20001684,tnt,T&T,tntsupermarket.com,"Pacific Place Mall, Calgary",006,AB - Calgary & Edmonton,T2P1J9,Produce,Fruits,"T&T Select Honeycrisp Apples, 1 kg",T&T Select,1 kg,5.82,5.82,NO,0.0,Regular Everyday Price,5.82,kg,In Stock,2026-10-04T11:13:00.849844+00:00,Official tntsupermarket.com Web Storefront,2026-10-01T04:00:00+00:00,2026-10-08T03:59:59+00:00,https://www.tntsupermarket.com/eng/2000168-tt-select-honeycrisp-apples-1-kg.html
CAN-LOBLAWS-20001685,loblaws,Loblaws,loblaws.ca,"Huntington / Superstore West, Calgary",1550,AB - Calgary & Edmonton,T2P1J9,Produce,Fruits,"President's Choice Honeycrisp Apples, 1 kg",President's Choice,1 kg,6.43,6.43,NO,0.0,Regular Everyday Price,6.43,kg,In Stock,2026-10-04T11:13:07.579526+00:00,Official loblaws.ca Web Storefront,2026-10-01T04:00:00+00:00,2026-10-08T03:59:59+00:00,https://www.loblaws.ca/en/presidents-choice-honeycrisp-apples-1-kg/p/20001685_EA
CAN-COSTCO-20001686,costco,Costco,costco.ca,"32nd Ave NE, Calgary",0258,AB - Calgary & Edmonton,T2P1J9,Produce,Fruits,"Kirkland Signature Honeycrisp Apples, 2.5 kg",Kirkland Signature,2.5 kg,10.88,10.88,NO,0.0,Regular Everyday Price,4.35,kg,In Stock,2026-10-04T11:13:19.471964+00:00,Official costco.ca Web Storefront,2026-10-01T04:00:00+00:00,2026-10-08T03:59:59+00:00,https://www.costco.ca/kirkland-signature-honeycrisp-apples-25-kg.product.001686.html
CAN-SOBEYS-20001687,sobeys,Sobeys,sobeys.com,"Country Hills Blvd, Calgary",3118,AB - Calgary & Edmonton,T2P1J9,Produce,Fruits,"Compliments Honeycrisp Apples, 1 kg",Compliments,1 kg,6.43,6.43,NO,0.0,Regular Everyday Price,6.43,kg,In Stock,2026-10-04T11:13:25.968813+00:00,Official sobeys.com Web Storefront,2026-10-01T04:00:00+00:00,2026-10-08T03:59:59+00:00,https://www.sobeys.com/en/products/compliments-honeycrisp-apples-1-kg-20001687
CAN-FRESHCO-20001688,freshco,FreshCo,freshco.com,"Brentwood Village, Calgary",9842,AB - Calgary & Edmonton,T2P1J9,Produce,Fruits,"Compliments Honeycrisp Apples, 1 kg",Compliments,1 kg,5.44,5.44,NO,0.0,Regular Everyday Price,5.44,kg,In Stock,2026-10-04T11:13:29.777241+00:00,Official freshco.com Web Storefront,2026-10-01T04:00:00+00:00,2026-10-08T03:59:59+00:00,https://freshco.com/products/compliments-honeycrisp-apples-1-kg-20001688
CAN-METRO-20001689,metro,Metro,metro.ca,Calgary Online Depot,8803,AB - Calgary & Edmonton,T2P1J9,Produce,Fruits,"Selection Honeycrisp Apples, 1 kg",Selection,1 kg,6.23,6.23,NO,0.0,Regular Everyday Price,6.23,kg,In Stock,2026-10-04T11:13:34.716461+00:00,Official metro.ca Web Storefront,2026-10-01T04:00:00+00:00,2026-10-08T03:59:59+00:00,https://www.metro.ca/en/online-grocery/aisles/produce/selection-honeycrisp-apples-1-kg-p-20001689
CAN-FOODBASICS-20001690,foodbasics,Food Basics,foodbasics.ca,Calgary Online Depot,8804,AB - Calgary & Edmonton,T2P1J9,Produce,Fruits,"Selection Honeycrisp Apples, 1 kg",Selection,1 kg,5.44,5.44,NO,0.0,Regular Everyday Price,5.44,kg,In Stock,2026-10-04T11:13:48.730733+00:00,Official foodbasics.ca Web Storefront,2026-10-01T04:00:00+00:00,2026-10-08T03:59:59+00:00,https://www.foodbasics.ca/aisles/produce/selection-honeycrisp-apples-1-kg-p-20001690
CAN-SAVEON-20001691,saveon,Save-On,saveonfoods.com,"130th Ave SE, Calgary",4910,AB - Calgary & Edmonton,T2P1J9,Produce,Vegetables,"Western Family Russet Baking Potatoes, 10 lb bag",Western Family,10 lb bag,5.93,5.93,NO,0.0,Regular Everyday Price,5.93,each,In Stock,2026-10-04T11:13:52.730143+00:00,Official saveonfoods.com Web Storefront,2026-10-01T04:00:00+00:00,2026-10-08T03:59:59+00:00,https://www.saveonfoods.com/sm/pickup/rsid/4910/product/western-family-russet-baking-potatoes-10-lb-bag-20001691
CAN-NOFRILLS-20001692,nofrills,No Frills,nofrills.ca,"Sunridge Mall, Calgary",3811,AB - Calgary & Edmonton,T2P1J9,Produce,Vegetables,"No Name Russet Baking Potatoes, 10 lb bag",No Name,10 lb bag,4.45,4.45,NO,0.0,Regular Everyday Price,4.45,each,In Stock,2026-10-04T11:13:57.468147+00:00,Official nofrills.ca Web Storefront,2026-10-01T04:00:00+00:00,2026-10-08T03:59:59+00:00,https://www.nofrills.ca/en/no-name-russet-baking-potatoes-10-lb-bag/p/20001692_EA
CAN-WALMART-20001693,walmart,Walmart,walmart.ca,"Northland Village, Calgary",3026,AB - Calgary & Edmonton,T2P1J9,Produce,Vegetables,"Great Value Russet Baking Potatoes, 10 lb bag",Great Value,10 lb bag,4.43,4.43,NO,0.0,Regular Everyday Price,4.43,each,In Stock,2026-10-04T11:14:01.245703+00:00,Official walmart.ca Web Storefront,2026-10-01T04:00:00+00:00,2026-10-08T03:59:59+00:00,https://www.walmart.ca/en/ip/great-value-russet-baking-potatoes-10-lb-bag/60000001693
CAN-TNT-20001694,tnt,T&T,tntsupermarket.com,"Pacific Place Mall, Calgary",006,AB - Calgary & Edmonton,T2P1J9,Produce,Vegetables,"Rooster Brand Russet Baking Potatoes, 10 lb bag",Rooster Brand,10 lb bag,4.94,4.94,NO,0.0,Regular Everyday Price,4.94,each,In Stock,2026-10-04T11:14:15.631562+00:00,Official tntsupermarket.com Web Storefront,2026-10-01T04:00:00+00:00,2026-10-08T03:59:59+00:00,https://www.tntsupermarket.com/eng/2000169-rooster-brand-russet-baking-potatoes-10-lb-bag.html
CAN-LOBLAWS-20001695,loblaws,Loblaws,loblaws.ca,"Huntington / Superstore West, Calgary",1550,AB - Calgary & Edmonton,T2P1J9,Produce,Vegetables,"President's Choice Russet Baking Potatoes, 10 lb bag",President's Choice,10 lb bag,5.93,5.93,NO,0.0,Regular Everyday Price,5.93,each,In Stock,2026-10-04T11:14:30.179863+00:00,Official loblaws.ca Web Storefront,2026-10-01T04:00:00+00:00,2026-10-08T03:59:59+00:00,https://www.loblaws.ca/en/presidents-choice-russet-baking-potatoes-10-lb-bag/p/20001695_EA
CAN-COSTCO-20001696,costco,Costco,costco.ca,"32nd Ave NE, Calgary",0258,AB - Calgary & Edmonton,T2P1J9,Produce,Vegetables,"Kirkland Signature Russet Baking Potatoes, 15 lb bag",Kirkland Signature,15 lb bag,7.91,7.91,NO,0.0,Regular Everyday Price,7.91,each,In Stock,2026-10-04T11:14:40.333802+00:00,Official costco.ca Web Storefront,2026-10-01T04:00:00+00:00,2026-10-08T03:59:59+00:00,https://www.costco.ca/kirkland-signature-russet-baking-potatoes-15-lb-bag.product.001696.html
CAN-SOBEYS-20001697,sobeys,Sobeys,sobeys.com,"Country Hills Blvd, Calgary",3118,AB - Calgary & Edmonton,T2P1J9,Produce,Vegetables,"Compliments Russet Baking Potatoes, 10 lb bag",Compliments,10 lb bag,5.93,7.18,YES,1.25,Scene+ Member Deal - Save $1.25,5.93,each,In Stock,2026-10-04T11:14:47.469434+00:00,Official sobeys.com Web Storefront,2026-10-01T04:00:00+00:00,2026-10-08T03:59:59+00:00,https://www.sobeys.com/en/products/compliments-russet-baking-potatoes-10-lb-bag-20001697
CAN-FRESHCO-20001698,freshco,FreshCo,freshco.com,"Brentwood Village, Calgary",9842,AB - Calgary & Edmonton,T2P1J9,Produce,Vegetables,"Compliments Russet Baking Potatoes, 10 lb bag",Compliments,10 lb bag,4.45,4.45,NO,0.0,Regular Everyday Price,4.45,each,In Stock,2026-10-04T11:14:54.185213+00:00,Official freshco.com Web Storefront,2026-10-01T04:00:00+00:00,2026-10-08T03:59:59+00:00,https://freshco.com/products/compliments-russet-baking-potatoes-10-lb-bag-20001698
CAN-METRO-20001699,metro,Metro,metro.ca,Calgary Online Depot,8803,AB - Calgary & Edmonton,T2P1J9,Produce,Vegetables,"Selection Russet Baking Potatoes, 10 lb bag",Selection,10 lb bag,5.44,6.44,YES,1.0,Weekly Flyer Special - Save $1.00,5.44,each,In Stock,2026-10-04T11:15:04.420529+00:00,Official metro.ca Web Storefront,2026-10-01T04:00:00+00:00,2026-10-08T03:59:59+00:00,https://www.metro.ca/en/online-grocery/aisles/produce/selection-russet-baking-potatoes-10-lb-bag-p-20001699
CAN-FOODBASICS-20001700,foodbasics,Food Basics,foodbasics.ca,Calgary Online Depot,8804,AB - Calgary & Edmonton,T2P1J9,Produce,Vegetables,"Selection Russet Baking Potatoes, 10 lb bag",Selection,10 lb bag,4.45,4.45,NO,0.0,Regular Everyday Price,4.45,each,In Stock,2026-10-04T11:15:14.703772+00:00,Official foodbasics.ca Web Storefront,2026-10-01T04:00:00+00:00,2026-10-08T03:59:59+00:00,https://www.foodbasics.ca/aisles/produce/selection-russet-baking-potatoes-10-lb-bag-p-20001700
CAN-SAVEON-20001701,saveon,Save-On,saveonfoods.com,"130th Ave SE, Calgary",4910,AB - Calgary & Edmonton,T2P1J9,Produce,Vegetables,"Western Family Yellow Cooking Onions, 3 lb bag",Western Family,3 lb bag,3.26,3.26,NO,0.0,Regular Everyday Price,3.26,each,In Stock,2026-10-04T11:15:26.039567+00:00,Official saveonfoods.com Web Storefront,2026-10-01T04:00:00+00:00,2026-10-08T03:59:59+00:00,https://www.saveonfoods.com/sm/pickup/rsid/4910/product/western-family-yellow-cooking-onions-3-lb-bag-20001701
CAN-NOFRILLS-20001702,nofrills,No Frills,nofrills.ca,"Sunridge Mall, Calgary",3811,AB - Calgary & Edmonton,T2P1J9,Produce,Vegetables,"No Name Yellow Cooking Onions, 3 lb bag",No Name,3 lb bag,2.47,2.47,NO,0.0,Regular Everyday Price,2.47,each,In Stock,2026-10-04T11:15:31.583177+00:00,Official nofrills.ca Web Storefront,2026-10-01T04:00:00+00:00,2026-10-08T03:59:59+00:00,https://www.nofrills.ca/en/no-name-yellow-cooking-onions-3-lb-bag/p/20001702_EA
CAN-WALMART-20001703,walmart,Walmart,walmart.ca,"Northland Village, Calgary",3026,AB - Calgary & Edmonton,T2P1J9,Produce,Vegetables,"Great Value Yellow Cooking Onions, 3 lb bag",Great Value,3 lb bag,2.45,2.45,NO,0.0,Regular Everyday Price,2.45,each,In Stock,2026-10-04T11:15:36.561456+00:00,Official walmart.ca Web Storefront,2026-10-01T04:00:00+00:00,2026-10-08T03:59:59+00:00,https://www.walmart.ca/en/ip/great-value-yellow-cooking-onions-3-lb-bag/60000001703
CAN-TNT-20001704,tnt,T&T,tntsupermarket.com,"Pacific Place Mall, Calgary",006,AB - Calgary & Edmonton,T2P1J9,Produce,Vegetables,"Rooster Brand Yellow Cooking Onions, 3 lb bag",Rooster Brand,3 lb bag,2.65,2.65,NO,0.0,Regular Everyday Price,2.65,each,In Stock,2026-10-04T11:15:50.103320+00:00,Official tntsupermarket.com Web Storefront,2026-10-01T04:00:00+00:00,2026-10-08T03:59:59+00:00,https://www.tntsupermarket.com/eng/2000170-rooster-brand-yellow-cooking-onions-3-lb-bag.html
CAN-LOBLAWS-20001705,loblaws,Loblaws,loblaws.ca,"Huntington / Superstore West, Calgary",1550,AB - Calgary & Edmonton,T2P1J9,Produce,Vegetables,"President's Choice Yellow Cooking Onions, 3 lb bag",President's Choice,3 lb bag,3.46,3.46,NO,0.0,Regular Everyday Price,3.46,each,In Stock,2026-10-04T11:15:54.110908+00:00,Official loblaws.ca Web Storefront,2026-10-01T04:00:00+00:00,2026-10-08T03:59:59+00:00,https://www.loblaws.ca/en/presidents-choice-yellow-cooking-onions-3-lb-bag/p/20001705_EA
CAN-COSTCO-20001706,costco,Costco,costco.ca,"32nd Ave NE, Calgary",0258,AB - Calgary & Edmonton,T2P1J9,Produce,Vegetables,"Kirkland Signature Yellow Cooking Onions, 10 lb bag",Kirkland Signature,10 lb bag,5.93,10.93,YES,5.0,Instant Savings $5.00 Off at Checkout,5.93,each,In Stock,2026-10-04T11:16:03.776689+00:00,Official costco.ca Web Storefront,2026-10-01T04:00:00+00:00,2026-10-08T03:59:59+00:00,https://www.costco.ca/kirkland-signature-yellow-cooking-onions-10-lb-bag.product.001706.html
CAN-SOBEYS-20001707,sobeys,Sobeys,sobeys.com,"Country Hills Blvd, Calgary",3118,AB - Calgary & Edmonton,T2P1J9,Produce,Vegetables,"Compliments Yellow Cooking Onions, 3 lb bag",Compliments,3 lb bag,3.46,3.46,NO,0.0,Regular Everyday Price,3.46,each,In Stock,2026-10-04T11:16:11.879010+00:00,Official sobeys.com Web Storefront,2026-10-01T04:00:00+00:00,2026-10-08T03:59:59+00:00,https://www.sobeys.com/en/products/compliments-yellow-cooking-onions-3-lb-bag-20001707
CAN-FRESHCO-20001708,freshco,FreshCo,freshco.com,"Brentwood Village, Calgary",9842,AB - Calgary & Edmonton,T2P1J9,Produce,Vegetables,"Compliments Yellow Cooking Onions, 3 lb bag",Compliments,3 lb bag,2.47,3.57,YES,1.1,Price Match Guarantee Deal - Save $1.10,2.47,each,In Stock,2026-10-04T11:16:20.297037+00:00,Official freshco.com Web Storefront,2026-10-01T04:00:00+00:00,2026-10-08T03:59:59+00:00,https://freshco.com/products/compliments-yellow-cooking-onions-3-lb-bag-20001708
CAN-METRO-20001709,metro,Metro,metro.ca,Calgary Online Depot,8803,AB - Calgary & Edmonton,T2P1J9,Produce,Vegetables,"Selection Yellow Cooking Onions, 3 lb bag",Selection,3 lb bag,3.26,3.26,NO,0.0,Regular Everyday Price,3.26,each,In Stock,2026-10-04T11:16:23.693580+00:00,Official metro.ca Web Storefront,2026-10-01T04:00:00+00:00,2026-10-08T03:59:59+00:00,https://www.metro.ca/en/online-grocery/aisles/produce/selection-yellow-cooking-onions-3-lb-bag-p-20001709
CAN-FOODBASICS-20001710,foodbasics,Food Basics,foodbasics.ca,Calgary Online Depot,8804,AB - Calgary & Edmonton,T2P1J9,Produce,Vegetables,"Selection Yellow Cooking Onions, 3 lb bag",Selection,3 lb bag,2.47,2.47,NO,0.0,Regular Everyday Price,2.47,each,In Stock,2026-10-04T11:16:30.685292+00:00,Official foodbasics.ca Web Storefront,2026-10-01T04:00:00+00:00,2026-10-08T03:59:59+00:00,https://www.foodbasics.ca/aisles/produce/selection-yellow-cooking-onions-3-lb-bag-p-20001710
CAN-SAVEON-20001711,saveon,Save-On,saveonfoods.com,"130th Ave SE, Calgary",4910,AB - Calgary & Edmonton,T2P1J9,Produce,Vegetables,"Western Family English Seedless Cucumbers, 1 each",Western Family,1 each,1.87,1.87,NO,0.0,Regular Everyday Price,1.87,each,In Stock,2026-10-04T11:16:43.511798+00:00,Official saveonfoods.com Web Storefront,2026-10-01T04:00:00+00:00,2026-10-08T03:59:59+00:00,https://www.saveonfoods.com/sm/pickup/rsid/4910/product/western-family-english-seedless-cucumbers-1-each-20001711
CAN-NOFRILLS-20001712,nofrills,No Frills,nofrills.ca,"Sunridge Mall, Calgary",3811,AB - Calgary & Edmonton,T2P1J9,Produce,Vegetables,"Farmer's Market English Seedless Cucumbers, 1 each",Farmer's Market,1 each,1.48,1.48,NO,0.0,Regular Everyday Price,1.48,each,In Stock,2026-10-04T11:16:56.466948+00:00,Official nofrills.ca Web Storefront,2026-10-01T04:00:00+00:00,2026-10-08T03:59:59+00:00,https://www.nofrills.ca/en/farmers-market-english-seedless-cucumbers-1-each/p/20001712_EA
CAN-WALMART-20001713,walmart,Walmart,walmart.ca,"Northland Village, Calgary",3026,AB - Calgary & Edmonton,T2P1J9,Produce,Vegetables,"Your Fresh Market English Seedless Cucumbers, 1 each",Your Fresh Market,1 each,1.46,1.46,NO,0.0,Regular Everyday Price,1.46,each,In Stock,2026-10-04T11:17:05.514275+00:00,Official walmart.ca Web Storefront,2026-10-01T04:00:00+00:00,2026-10-08T03:59:59+00:00,https://www.walmart.ca/en/ip/your-fresh-market-english-seedless-cucumbers-1-each/60000001713
CAN-TNT-20001714,tnt,T&T,tntsupermarket.com,"Pacific Place Mall, Calgary",006,AB - Calgary & Edmonton,T2P1J9,Produce,Vegetables,"T&T Fresh English Seedless Cucumbers, 1 each",T&T Fresh,1 each,1.66,2.26,YES,0.6,Weekly Feature Special - Save $0.60,1.66,each,In Stock,2026-10-04T11:17:10.749748+00:00,Official tntsupermarket.com Web Storefront,2026-10-01T04:00:00+00:00,2026-10-08T03:59:59+00:00,https://www.tntsupermarket.com/eng/2000171-tt-fresh-english-seedless-cucumbers-1-each.html
CAN-LOBLAWS-20001715,loblaws,Loblaws,loblaws.ca,"Huntington / Superstore West, Calgary",1550,AB - Calgary & Edmonton,T2P1J9,Produce,Vegetables,"President's Choice English Seedless Cucumbers, 1 each",President's Choice,1 each,1.97,1.97,NO,0.0,Regular Everyday Price,1.97,each,In Stock,2026-10-04T11:17:14.539015+00:00,Official loblaws.ca Web Storefront,2026-10-01T04:00:00+00:00,2026-10-08T03:59:59+00:00,https://www.loblaws.ca/en/presidents-choice-english-seedless-cucumbers-1-each/p/20001715_EA
CAN-COSTCO-20001716,costco,Costco,costco.ca,"32nd Ave NE, Calgary",0258,AB - Calgary & Edmonton,T2P1J9,Produce,Vegetables,"Kirkland Signature English Seedless Cucumbers, 3 pack",Kirkland Signature,3 pack,4.94,9.94,YES,5.0,Instant Savings $5.00 Off at Checkout,1.65,each,In Stock,2026-10-04T11:17:23.068502+00:00,Official costco.ca Web Storefront,2026-10-01T04:00:00+00:00,2026-10-08T03:59:59+00:00,https://www.costco.ca/kirkland-signature-english-seedless-cucumbers-3-pack.product.001716.html
CAN-SOBEYS-20001717,sobeys,Sobeys,sobeys.com,"Country Hills Blvd, Calgary",3118,AB - Calgary & Edmonton,T2P1J9,Produce,Vegetables,"Compliments English Seedless Cucumbers, 1 each",Compliments,1 each,1.97,2.77,YES,0.8,Scene+ Member Deal - Save $0.80,1.97,each,In Stock,2026-10-04T11:17:26.397529+00:00,Official sobeys.com Web Storefront,2026-10-01T04:00:00+00:00,2026-10-08T03:59:59+00:00,https://www.sobeys.com/en/products/compliments-english-seedless-cucumbers-1-each-20001717
CAN-FRESHCO-20001718,freshco,FreshCo,freshco.com,"Brentwood Village, Calgary",9842,AB - Calgary & Edmonton,T2P1J9,Produce,Vegetables,"Compliments English Seedless Cucumbers, 1 each",Compliments,1 each,1.48,1.48,NO,0.0,Regular Everyday Price,1.48,each,In Stock,2026-10-04T11:17:32.549002+00:00,Official freshco.com Web Storefront,2026-10-01T04:00:00+00:00,2026-10-08T03:59:59+00:00,https://freshco.com/products/compliments-english-seedless-cucumbers-1-each-20001718
CAN-METRO-20001719,metro,Metro,metro.ca,Calgary Online Depot,8803,AB - Calgary & Edmonton,T2P1J9,Produce,Vegetables,"Selection English Seedless Cucumbers, 1 each",Selection,1 each,1.87,1.87,NO,0.0,Regular Everyday Price,1.87,each,In Stock,2026-10-04T11:17:45.237239+00:00,Official metro.ca Web Storefront,2026-10-01T04:00:00+00:00,2026-10-08T03:59:59+00:00,https://www.metro.ca/en/online-grocery/aisles/produce/selection-english-seedless-cucumbers-1-each-p-20001719
CAN-FOODBASICS-20001720,foodbasics,Food Basics,foodbasics.ca,Calgary Online Depot,8804,AB - Calgary & Edmonton,T2P1J9,Produce,Vegetables,"Selection English Seedless Cucumbers, 1 each",Selection,1 each,1.48,2.18,YES,0.7,Always More For Less - Save $0.70,1.48,each,In Stock,2026-10-04T11:17:58.715021+00:00,Official foodbasics.ca Web Storefront,2026-10-01T04:00:00+00:00,2026-10-08T03:59:59+00:00,https://www.foodbasics.ca/aisles/produce/selection-english-seedless-cucumbers-1-each-p-20001720
CAN-SAVEON-20001721,saveon,Save-On,saveonfoods.com,"130th Ave SE, Calgary",4910,AB - Calgary & Edmonton,T2P1J9,Produce,Salad & Greens,"Western Family Organic Organic Spring Mix Salad, 312 g",Western Family Organic,312 g,5.24,5.24,NO,0.0,Regular Everyday Price,1.68,100g,In Stock,2026-10-04T11:18:08.012599+00:00,Official saveonfoods.com Web Storefront,2026-10-01T04:00:00+00:00,2026-10-08T03:59:59+00:00,https://www.saveonfoods.com/sm/pickup/rsid/4910/product/western-family-organic-organic-spring-mix-salad-312-g-20001721
CAN-NOFRILLS-20001722,nofrills,No Frills,nofrills.ca,"Sunridge Mall, Calgary",3811,AB - Calgary & Edmonton,T2P1J9,Produce,Salad & Greens,"PC Organics Organic Spring Mix Salad, 312 g",PC Organics,312 g,4.45,4.45,NO,0.0,Regular Everyday Price,1.43,100g,In Stock,2026-10-04T11:18:11.747883+00:00,Official nofrills.ca Web Storefront,2026-10-01T04:00:00+00:00,2026-10-08T03:59:59+00:00,https://www.nofrills.ca/en/pc-organics-organic-spring-mix-salad-312-g/p/20001722_EA
CAN-WALMART-20001723,walmart,Walmart,walmart.ca,"Northland Village, Calgary",3026,AB - Calgary & Edmonton,T2P1J9,Produce,Salad & Greens,"Your Fresh Market Organic Spring Mix Salad, 312 g",Your Fresh Market,312 g,4.23,4.23,NO,0.0,Regular Everyday Price,1.36,100g,In Stock,2026-10-04T11:18:23.556276+00:00,Official walmart.ca Web Storefront,2026-10-01T04:00:00+00:00,2026-10-08T03:59:59+00:00,https://www.walmart.ca/en/ip/your-fresh-market-organic-spring-mix-salad-312-g/60000001723
CAN-TNT-20001724,tnt,T&T,tntsupermarket.com,"Pacific Place Mall, Calgary",006,AB - Calgary & Edmonton,T2P1J9,Produce,Salad & Greens,"Fresh Organic Organic Spring Mix Salad, 312 g",Fresh Organic,312 g,4.83,5.94,YES,1.11,Weekly Feature Special - Save $1.11,1.55,100g,In Stock,2026-10-04T11:18:32.498061+00:00,Official tntsupermarket.com Web Storefront,2026-10-01T04:00:00+00:00,2026-10-08T03:59:59+00:00,https://www.tntsupermarket.com/eng/2000172-fresh-organic-organic-spring-mix-salad-312-g.html
CAN-LOBLAWS-20001725,loblaws,Loblaws,loblaws.ca,"Huntington / Superstore West, Calgary",1550,AB - Calgary & Edmonton,T2P1J9,Produce,Salad & Greens,"PC Organics Organic Spring Mix Salad, 312 g",PC Organics,312 g,5.44,5.44,NO,0.0,Regular Everyday Price,1.74,100g,In Stock,2026-10-04T11:18:44.985167+00:00,Official loblaws.ca Web Storefront,2026-10-01T04:00:00+00:00,2026-10-08T03:59:59+00:00,https://www.loblaws.ca/en/pc-organics-organic-spring-mix-salad-312-g/p/20001725_EA
CAN-COSTCO-20001726,costco,Costco,costco.ca,"32nd Ave NE, Calgary",0258,AB - Calgary & Edmonton,T2P1J9,Produce,Salad & Greens,"Earthbound Farm Organic Spring Mix Salad, 454 g",Earthbound Farm,454 g,6.43,6.43,NO,0.0,Regular Everyday Price,1.42,100g,In Stock,2026-10-04T11:18:58.895354+00:00,Official costco.ca Web Storefront,2026-10-01T04:00:00+00:00,2026-10-08T03:59:59+00:00,https://www.costco.ca/earthbound-farm-organic-spring-mix-salad-454-g.product.001726.html
CAN-SOBEYS-20001727,sobeys,Sobeys,sobeys.com,"Country Hills Blvd, Calgary",3118,AB - Calgary & Edmonton,T2P1J9,Produce,Salad & Greens,"Compliments Organic Organic Spring Mix Salad, 312 g",Compliments Organic,312 g,5.44,5.44,NO,0.0,Regular Everyday Price,1.74,100g,In Stock,2026-10-04T11:19:02.496889+00:00,Official sobeys.com Web Storefront,2026-10-01T04:00:00+00:00,2026-10-08T03:59:59+00:00,https://www.sobeys.com/en/products/compliments-organic-organic-spring-mix-salad-312-g-20001727
CAN-FRESHCO-20001728,freshco,FreshCo,freshco.com,"Brentwood Village, Calgary",9842,AB - Calgary & Edmonton,T2P1J9,Produce,Salad & Greens,"Compliments Organic Organic Spring Mix Salad, 312 g",Compliments Organic,312 g,4.45,4.45,NO,0.0,Regular Everyday Price,1.43,100g,In Stock,2026-10-04T11:19:15.325635+00:00,Official freshco.com Web Storefront,2026-10-01T04:00:00+00:00,2026-10-08T03:59:59+00:00,https://freshco.com/products/compliments-organic-organic-spring-mix-salad-312-g-20001728
CAN-METRO-20001729,metro,Metro,metro.ca,Calgary Online Depot,8803,AB - Calgary & Edmonton,T2P1J9,Produce,Salad & Greens,"Irresistibles Organic Organic Spring Mix Salad, 312 g",Irresistibles Organic,312 g,5.24,5.24,NO,0.0,Regular Everyday Price,1.68,100g,In Stock,2026-10-04T11:19:29.157883+00:00,Official metro.ca Web Storefront,2026-10-01T04:00:00+00:00,2026-10-08T03:59:59+00:00,https://www.metro.ca/en/online-grocery/aisles/produce/irresistibles-organic-organic-spring-mix-salad-312-g-p-20001729
CAN-FOODBASICS-20001730,foodbasics,Food Basics,foodbasics.ca,Calgary Online Depot,8804,AB - Calgary & Edmonton,T2P1J9,Produce,Salad & Greens,"Selection Organic Spring Mix Salad, 312 g",Selection,312 g,4.45,4.45,NO,0.0,Regular Everyday Price,1.43,100g,In Stock,2026-10-04T11:19:32.269572+00:00,Official foodbasics.ca Web Storefront,2026-10-01T04:00:00+00:00,2026-10-08T03:59:59+00:00,https://www.foodbasics.ca/aisles/produce/selection-organic-spring-mix-salad-312-g-p-20001730
CAN-SAVEON-20001731,saveon,Save-On,saveonfoods.com,"130th Ave SE, Calgary",4910,AB - Calgary & Edmonton,T2P1J9,Produce,Asian Specialty,"Western Family Fresh Shanghai Bok Choy, 1 kg",Western Family,1 kg,3.95,3.95,NO,0.0,Regular Everyday Price,3.95,kg,In Stock,2026-10-04T11:19:42.838020+00:00,Official saveonfoods.com Web Storefront,2026-10-01T04:00:00+00:00,2026-10-08T03:59:59+00:00,https://www.saveonfoods.com/sm/pickup/rsid/4910/product/western-family-fresh-shanghai-bok-choy-1-kg-20001731
CAN-NOFRILLS-20001732,nofrills,No Frills,nofrills.ca,"Sunridge Mall, Calgary",3811,AB - Calgary & Edmonton,T2P1J9,Produce,Asian Specialty,"Suraj Fresh Shanghai Bok Choy, 1 kg",Suraj,1 kg,3.46,4.21,YES,0.75,Hit of the Month - Rollback $0.75,3.46,kg,In Stock,2026-10-04T11:19:47.580154+00:00,Official nofrills.ca Web Storefront,2026-10-01T04:00:00+00:00,2026-10-08T03:59:59+00:00,https://www.nofrills.ca/en/suraj-fresh-shanghai-bok-choy-1-kg/p/20001732_EA
CAN-WALMART-20001733,walmart,Walmart,walmart.ca,"Northland Village, Calgary",3026,AB - Calgary & Edmonton,T2P1J9,Produce,Asian Specialty,"Your Fresh Market Fresh Shanghai Bok Choy, 1 kg",Your Fresh Market,1 kg,3.44,3.44,NO,0.0,Regular Everyday Price,3.44,kg,In Stock,2026-10-04T11:19:53.940363+00:00,Official walmart.ca Web Storefront,2026-10-01T04:00:00+00:00,2026-10-08T03:59:59+00:00,https://www.walmart.ca/en/ip/your-fresh-market-fresh-shanghai-bok-choy-1-kg/60000001733
CAN-TNT-20001734,tnt,T&T,tntsupermarket.com,"Pacific Place Mall, Calgary",006,AB - Calgary & Edmonton,T2P1J9,Produce,Asian Specialty,"T&T Fresh Direct Fresh Shanghai Bok Choy, 1 kg",T&T Fresh Direct,1 kg,2.95,2.95,NO,0.0,Regular Everyday Price,2.95,kg,In Stock,2026-10-04T11:20:05.550432+00:00,Official tntsupermarket.com Web Storefront,2026-10-01T04:00:00+00:00,2026-10-08T03:59:59+00:00,https://www.tntsupermarket.com/eng/2000173-tt-fresh-direct-fresh-shanghai-bok-choy-1-kg.html
CAN-LOBLAWS-20001735,loblaws,Loblaws,loblaws.ca,"Huntington / Superstore West, Calgary",1550,AB - Calgary & Edmonton,T2P1J9,Produce,Asian Specialty,"T&T / PC Fresh Shanghai Bok Choy, 1 kg",T&T / PC,1 kg,3.95,3.95,NO,0.0,Regular Everyday Price,3.95,kg,In Stock,2026-10-04T11:20:12.918623+00:00,Official loblaws.ca Web Storefront,2026-10-01T04:00:00+00:00,2026-10-08T03:59:59+00:00,https://www.loblaws.ca/en/tt-pc-fresh-shanghai-bok-choy-1-kg/p/20001735_EA
CAN-COSTCO-20001736,costco,Costco,costco.ca,"32nd Ave NE, Calgary",0258,AB - Calgary & Edmonton,T2P1J9,Produce,Asian Specialty,"Kirkland Signature Fresh Shanghai Bok Choy, 1.5 kg",Kirkland Signature,1.5 kg,5.93,5.93,NO,0.0,Regular Everyday Price,3.95,kg,In Stock,2026-10-04T11:20:25.647391+00:00,Official costco.ca Web Storefront,2026-10-01T04:00:00+00:00,2026-10-08T03:59:59+00:00,https://www.costco.ca/kirkland-signature-fresh-shanghai-bok-choy-15-kg.product.001736.html
CAN-SOBEYS-20001737,sobeys,Sobeys,sobeys.com,"Country Hills Blvd, Calgary",3118,AB - Calgary & Edmonton,T2P1J9,Produce,Asian Specialty,"Compliments Fresh Shanghai Bok Choy, 1 kg",Compliments,1 kg,3.95,4.75,YES,0.8,Scene+ Member Deal - Save $0.80,3.95,kg,In Stock,2026-10-04T11:20:34.279147+00:00,Official sobeys.com Web Storefront,2026-10-01T04:00:00+00:00,2026-10-08T03:59:59+00:00,https://www.sobeys.com/en/products/compliments-fresh-shanghai-bok-choy-1-kg-20001737
CAN-FRESHCO-20001738,freshco,FreshCo,freshco.com,"Brentwood Village, Calgary",9842,AB - Calgary & Edmonton,T2P1J9,Produce,Asian Specialty,"Compliments Fresh Shanghai Bok Choy, 1 kg",Compliments,1 kg,3.26,3.26,NO,0.0,Regular Everyday Price,3.26,kg,In Stock,2026-10-04T11:20:44.578998+00:00,Official freshco.com Web Storefront,2026-10-01T04:00:00+00:00,2026-10-08T03:59:59+00:00,https://freshco.com/products/compliments-fresh-shanghai-bok-choy-1-kg-20001738
CAN-METRO-20001739,metro,Metro,metro.ca,Calgary Online Depot,8803,AB - Calgary & Edmonton,T2P1J9,Produce,Asian Specialty,"Selection Fresh Shanghai Bok Choy, 1 kg",Selection,1 kg,3.95,4.95,YES,1.0,Weekly Flyer Special - Save $1.00,3.95,kg,In Stock,2026-10-04T11:20:54.562201+00:00,Official metro.ca Web Storefront,2026-10-01T04:00:00+00:00,2026-10-08T03:59:59+00:00,https://www.metro.ca/en/online-grocery/aisles/produce/selection-fresh-shanghai-bok-choy-1-kg-p-20001739
CAN-FOODBASICS-20001740,foodbasics,Food Basics,foodbasics.ca,Calgary Online Depot,8804,AB - Calgary & Edmonton,T2P1J9,Produce,Asian Specialty,"Selection Fresh Shanghai Bok Choy, 1 kg",Selection,1 kg,3.26,3.76,YES,0.5,Always More For Less - Save $0.50,3.26,kg,In Stock,2026-10-04T11:21:06.998212+00:00,Official foodbasics.ca Web Storefront,2026-10-01T04:00:00+00:00,2026-10-08T03:59:59+00:00,https://www.foodbasics.ca/aisles/produce/selection-fresh-shanghai-bok-choy-1-kg-p-20001740
CAN-SAVEON-20001741,saveon,Save-On,saveonfoods.com,"130th Ave SE, Calgary",4910,AB - Calgary & Edmonton,T2P1J9,Dairy & Eggs,Butter & Margarine,"Western Family Salted Butter Block, 454 g",Western Family,454 g,6.13,6.13,NO,0.0,Regular Everyday Price,1.35,100g,In Stock,2026-10-04T11:21:10.439227+00:00,Official saveonfoods.com Web Storefront,2026-10-01T04:00:00+00:00,2026-10-08T03:59:59+00:00,https://www.saveonfoods.com/sm/pickup/rsid/4910/product/western-family-salted-butter-block-454-g-20001741
CAN-NOFRILLS-20001742,nofrills,No Frills,nofrills.ca,"Sunridge Mall, Calgary",3811,AB - Calgary & Edmonton,T2P1J9,Dairy & Eggs,Butter & Margarine,"No Name Salted Butter Block, 454 g",No Name,454 g,5.94,5.94,NO,0.0,Regular Everyday Price,1.31,100g,In Stock,2026-10-04T11:21:21.978095+00:00,Official nofrills.ca Web Storefront,2026-10-01T04:00:00+00:00,2026-10-08T03:59:59+00:00,https://www.nofrills.ca/en/no-name-salted-butter-block-454-g/p/20001742_EA
CAN-WALMART-20001743,walmart,Walmart,walmart.ca,"Northland Village, Calgary",3026,AB - Calgary & Edmonton,T2P1J9,Dairy & Eggs,Butter & Margarine,"Great Value Salted Butter Block, 454 g",Great Value,454 g,4.92,4.92,NO,0.0,Regular Everyday Price,1.08,100g,In Stock,2026-10-04T11:21:36.682116+00:00,Official walmart.ca Web Storefront,2026-10-01T04:00:00+00:00,2026-10-08T03:59:59+00:00,https://www.walmart.ca/en/ip/great-value-salted-butter-block-454-g/60000001743
CAN-TNT-20001744,tnt,T&T,tntsupermarket.com,"Pacific Place Mall, Calgary",006,AB - Calgary & Edmonton,T2P1J9,Dairy & Eggs,Butter & Margarine,"Gay Lea Salted Butter Block, 454 g",Gay Lea,454 g,5.82,5.82,NO,0.0,Regular Everyday Price,1.28,100g,In Stock,2026-10-04T11:21:43.056778+00:00,Official tntsupermarket.com Web Storefront,2026-10-01T04:00:00+00:00,2026-10-08T03:59:59+00:00,https://www.tntsupermarket.com/eng/2000174-gay-lea-salted-butter-block-454-g.html
CAN-LOBLAWS-20001745,loblaws,Loblaws,loblaws.ca,"Huntington / Superstore West, Calgary",1550,AB - Calgary & Edmonton,T2P1J9,Dairy & Eggs,Butter & Margarine,"No Name Salted Butter Block, 454 g",No Name,454 g,5.93,5.93,NO,0.0,Regular Everyday Price,1.31,100g,In Stock,2026-10-04T11:21:46.805661+00:00,Official loblaws.ca Web Storefront,2026-10-01T04:00:00+00:00,2026-10-08T03:59:59+00:00,https://www.loblaws.ca/en/no-name-salted-butter-block-454-g/p/20001745_EA
CAN-COSTCO-20001746,costco,Costco,costco.ca,"32nd Ave NE, Calgary",0258,AB - Calgary & Edmonton,T2P1J9,Dairy & Eggs,Butter & Margarine,"Kirkland Signature Salted Butter Block, 4 x 454 g",Kirkland Signature,4 x 454 g,17.32,17.32,NO,0.0,Regular Everyday Price,3.81,100g,In Stock,2026-10-04T11:21:54.321602+00:00,Official costco.ca Web Storefront,2026-10-01T04:00:00+00:00,2026-10-08T03:59:59+00:00,https://www.costco.ca/kirkland-signature-salted-butter-block-4-x-454-g.product.001746.html
CAN-SOBEYS-20001747,sobeys,Sobeys,sobeys.com,"Country Hills Blvd, Calgary",3118,AB - Calgary & Edmonton,T2P1J9,Dairy & Eggs,Butter & Margarine,"Compliments Salted Butter Block, 454 g",Compliments,454 g,6.23,6.23,NO,0.0,Regular Everyday Price,1.37,100g,In Stock,2026-10-04T11:22:03.539469+00:00,Official sobeys.com Web Storefront,2026-10-01T04:00:00+00:00,2026-10-08T03:59:59+00:00,https://www.sobeys.com/en/products/compliments-salted-butter-block-454-g-20001747
CAN-FRESHCO-20001748,freshco,FreshCo,freshco.com,"Brentwood Village, Calgary",9842,AB - Calgary & Edmonton,T2P1J9,Dairy & Eggs,Butter & Margarine,"Compliments Salted Butter Block, 454 g",Compliments,454 g,5.24,5.24,NO,0.0,Regular Everyday Price,1.15,100g,In Stock,2026-10-04T11:22:08.140346+00:00,Official freshco.com Web Storefront,2026-10-01T04:00:00+00:00,2026-10-08T03:59:59+00:00,https://freshco.com/products/compliments-salted-butter-block-454-g-20001748
CAN-METRO-20001749,metro,Metro,metro.ca,Calgary Online Depot,8803,AB - Calgary & Edmonton,T2P1J9,Dairy & Eggs,Butter & Margarine,"Selection Salted Butter Block, 454 g",Selection,454 g,6.43,6.43,NO,0.0,Regular Everyday Price,1.42,100g,In Stock,2026-10-04T11:22:20.614182+00:00,Official metro.ca Web Storefront,2026-10-01T04:00:00+00:00,2026-10-08T03:59:59+00:00,https://www.metro.ca/en/online-grocery/aisles/dairy-eggs/selection-salted-butter-block-454-g-p-20001749
CAN-FOODBASICS-20001750,foodbasics,Food Basics,foodbasics.ca,Calgary Online Depot,8804,AB - Calgary & Edmonton,T2P1J9,Dairy & Eggs,Butter & Margarine,"Selection Salted Butter Block, 454 g",Selection,454 g,5.24,6.24,YES,1.0,Always More For Less - Save $1.00,1.15,100g,In Stock,2026-10-04T11:22:28.008266+00:00,Official foodbasics.ca Web Storefront,2026-10-01T04:00:00+00:00,2026-10-08T03:59:59+00:00,https://www.foodbasics.ca/aisles/dairy-eggs/selection-salted-butter-block-454-g-p-20001750
CAN-SAVEON-20001751,saveon,Save-On,saveonfoods.com,"130th Ave SE, Calgary",4910,AB - Calgary & Edmonton,T2P1J9,Dairy & Eggs,Milk,"Dairyland 2% Partly Skimmed Milk, 4 L",Dairyland,4 L,6.03,6.03,NO,0.0,Regular Everyday Price,1.51,L,In Stock,2026-10-04T11:22:42.051107+00:00,Official saveonfoods.com Web Storefront,2026-10-01T04:00:00+00:00,2026-10-08T03:59:59+00:00,https://www.saveonfoods.com/sm/pickup/rsid/4910/product/dairyland-2-partly-skimmed-milk-4-l-20001751
CAN-NOFRILLS-20001752,nofrills,No Frills,nofrills.ca,"Sunridge Mall, Calgary",3811,AB - Calgary & Edmonton,T2P1J9,Dairy & Eggs,Milk,"Neilson 2% Partly Skimmed Milk, 4 L",Neilson,4 L,6.38,6.38,NO,0.0,Regular Everyday Price,1.59,L,In Stock,2026-10-04T11:22:50.716170+00:00,Official nofrills.ca Web Storefront,2026-10-01T04:00:00+00:00,2026-10-08T03:59:59+00:00,https://www.nofrills.ca/en/neilson-2-partly-skimmed-milk-4-l/p/20001752_EA
CAN-WALMART-20001753,walmart,Walmart,walmart.ca,"Northland Village, Calgary",3026,AB - Calgary & Edmonton,T2P1J9,Dairy & Eggs,Milk,"Sealtest 2% Partly Skimmed Milk, 4 L",Sealtest,4 L,6.38,6.38,NO,0.0,Regular Everyday Price,1.59,L,In Stock,2026-10-04T11:22:58.075182+00:00,Official walmart.ca Web Storefront,2026-10-01T04:00:00+00:00,2026-10-08T03:59:59+00:00,https://www.walmart.ca/en/ip/sealtest-2-partly-skimmed-milk-4-l/60000001753
CAN-TNT-20001754,tnt,T&T,tntsupermarket.com,"Pacific Place Mall, Calgary",006,AB - Calgary & Edmonton,T2P1J9,Dairy & Eggs,Milk,"Dairyland 2% Partly Skimmed Milk, 4 L",Dairyland,4 L,5.82,5.82,NO,0.0,Regular Everyday Price,1.46,L,In Stock,2026-10-04T11:23:10.267646+00:00,Official tntsupermarket.com Web Storefront,2026-10-01T04:00:00+00:00,2026-10-08T03:59:59+00:00,https://www.tntsupermarket.com/eng/2000175-dairyland-2-partly-skimmed-milk-4-l.html
CAN-LOBLAWS-20001755,loblaws,Loblaws,loblaws.ca,"Huntington / Superstore West, Calgary",1550,AB - Calgary & Edmonton,T2P1J9,Dairy & Eggs,Milk,"Neilson 2% Partly Skimmed Milk, 4 L",Neilson,4 L,6.38,7.88,YES,1.5,PC Optimum Member Price - Save $1.50,1.59,L,In Stock,2026-10-04T11:23:20.921366+00:00,Official loblaws.ca Web Storefront,2026-10-01T04:00:00+00:00,2026-10-08T03:59:59+00:00,https://www.loblaws.ca/en/neilson-2-partly-skimmed-milk-4-l/p/20001755_EA
CAN-COSTCO-20001756,costco,Costco,costco.ca,"32nd Ave NE, Calgary",0258,AB - Calgary & Edmonton,T2P1J9,Dairy & Eggs,Milk,"Kirkland Signature 2% Partly Skimmed Milk, 4 L",Kirkland Signature,4 L,5.44,5.44,NO,0.0,Regular Everyday Price,1.36,L,In Stock,2026-10-04T11:23:34.087754+00:00,Official costco.ca Web Storefront,2026-10-01T04:00:00+00:00,2026-10-08T03:59:59+00:00,https://www.costco.ca/kirkland-signature-2-partly-skimmed-milk-4-l.product.001756.html
CAN-SOBEYS-20001757,sobeys,Sobeys,sobeys.com,"Country Hills Blvd, Calgary",3118,AB - Calgary & Edmonton,T2P1J9,Dairy & Eggs,Milk,"Lactantia 2% Partly Skimmed Milk, 4 L",Lactantia,4 L,6.38,7.18,YES,0.8,Scene+ Member Deal - Save $0.80,1.59,L,In Stock,2026-10-04T11:23:45.773080+00:00,Official sobeys.com Web Storefront,2026-10-01T04:00:00+00:00,2026-10-08T03:59:59+00:00,https://www.sobeys.com/en/products/lactantia-2-partly-skimmed-milk-4-l-20001757
CAN-FRESHCO-20001758,freshco,FreshCo,freshco.com,"Brentwood Village, Calgary",9842,AB - Calgary & Edmonton,T2P1J9,Dairy & Eggs,Milk,"Sealtest 2% Partly Skimmed Milk, 4 L",Sealtest,4 L,5.63,5.63,NO,0.0,Regular Everyday Price,1.41,L,In Stock,2026-10-04T11:23:57.732926+00:00,Official freshco.com Web Storefront,2026-10-01T04:00:00+00:00,2026-10-08T03:59:59+00:00,https://freshco.com/products/sealtest-2-partly-skimmed-milk-4-l-20001758
CAN-METRO-20001759,metro,Metro,metro.ca,Calgary Online Depot,8803,AB - Calgary & Edmonton,T2P1J9,Dairy & Eggs,Milk,"Sealtest 2% Partly Skimmed Milk, 4 L",Sealtest,4 L,6.38,6.38,NO,0.0,Regular Everyday Price,1.59,L,In Stock,2026-10-04T11:24:10.358377+00:00,Official metro.ca Web Storefront,2026-10-01T04:00:00+00:00,2026-10-08T03:59:59+00:00,https://www.metro.ca/en/online-grocery/aisles/dairy-eggs/sealtest-2-partly-skimmed-milk-4-l-p-20001759
CAN-FOODBASICS-20001760,foodbasics,Food Basics,foodbasics.ca,Calgary Online Depot,8804,AB - Calgary & Edmonton,T2P1J9,Dairy & Eggs,Milk,"Selection 2% Partly Skimmed Milk, 4 L",Selection,4 L,5.63,5.63,NO,0.0,Regular Everyday Price,1.41,L,In Stock,2026-10-04T11:24:14.884523+00:00,Official foodbasics.ca Web Storefront,2026-10-01T04:00:00+00:00,2026-10-08T03:59:59+00:00,https://www.foodbasics.ca/aisles/dairy-eggs/selection-2-partly-skimmed-milk-4-l-p-20001760
CAN-SAVEON-20001761,saveon,Save-On,saveonfoods.com,"130th Ave SE, Calgary",4910,AB - Calgary & Edmonton,T2P1J9,Dairy & Eggs,Eggs,"Western Family Large White Grade A Eggs, 12 count",Western Family,12 count,4.35,4.35,NO,0.0,Regular Everyday Price,0.36,each,In Stock,2026-10-04T11:24:25.155072+00:00,Official saveonfoods.com Web Storefront,2026-10-01T04:00:00+00:00,2026-10-08T03:59:59+00:00,https://www.saveonfoods.com/sm/pickup/rsid/4910/product/western-family-large-white-grade-a-eggs-12-count-20001761
CAN-NOFRILLS-20001762,nofrills,No Frills,nofrills.ca,"Sunridge Mall, Calgary",3811,AB - Calgary & Edmonton,T2P1J9,Dairy & Eggs,Eggs,"No Name Large White Grade A Eggs, 12 count",No Name,12 count,3.89,3.89,NO,0.0,Regular Everyday Price,0.32,each,In Stock,2026-10-04T11:24:35.075966+00:00,Official nofrills.ca Web Storefront,2026-10-01T04:00:00+00:00,2026-10-08T03:59:59+00:00,https://www.nofrills.ca/en/no-name-large-white-grade-a-eggs-12-count/p/20001762_EA
CAN-WALMART-20001763,walmart,Walmart,walmart.ca,"Northland Village, Calgary",3026,AB - Calgary & Edmonton,T2P1J9,Dairy & Eggs,Eggs,"Great Value Large White Grade A Eggs, 12 count",Great Value,12 count,3.89,4.39,YES,0.5,Rollback - Save $0.50,0.32,each,In Stock,2026-10-04T11:24:50.066958+00:00,Official walmart.ca Web Storefront,2026-10-01T04:00:00+00:00,2026-10-08T03:59:59+00:00,https://www.walmart.ca/en/ip/great-value-large-white-grade-a-eggs-12-count/60000001763
CAN-TNT-20001764,tnt,T&T,tntsupermarket.com,"Pacific Place Mall, Calgary",006,AB - Calgary & Edmonton,T2P1J9,Dairy & Eggs,Eggs,"T&T Brand Large White Grade A Eggs, 12 count",T&T Brand,12 count,3.94,3.94,NO,0.0,Regular Everyday Price,0.33,each,In Stock,2026-10-04T11:24:57.401922+00:00,Official tntsupermarket.com Web Storefront,2026-10-01T04:00:00+00:00,2026-10-08T03:59:59+00:00,https://www.tntsupermarket.com/eng/2000176-tt-brand-large-white-grade-a-eggs-12-count.html
CAN-LOBLAWS-20001765,loblaws,Loblaws,loblaws.ca,"Huntington / Superstore West, Calgary",1550,AB - Calgary & Edmonton,T2P1J9,Dairy & Eggs,Eggs,"No Name Large White Grade A Eggs, 12 count",No Name,12 count,3.89,3.89,NO,0.0,Regular Everyday Price,0.32,each,In Stock,2026-10-04T11:25:03.936897+00:00,Official loblaws.ca Web Storefront,2026-10-01T04:00:00+00:00,2026-10-08T03:59:59+00:00,https://www.loblaws.ca/en/no-name-large-white-grade-a-eggs-12-count/p/20001765_EA
CAN-COSTCO-20001766,costco,Costco,costco.ca,"32nd Ave NE, Calgary",0258,AB - Calgary & Edmonton,T2P1J9,Dairy & Eggs,Eggs,"Kirkland Signature Large White Grade A Eggs, 30 count",Kirkland Signature,30 count,11.38,11.38,NO,0.0,Regular Everyday Price,0.38,each,In Stock,2026-10-04T11:25:10.945367+00:00,Official costco.ca Web Storefront,2026-10-01T04:00:00+00:00,2026-10-08T03:59:59+00:00,https://www.costco.ca/kirkland-signature-large-white-grade-a-eggs-30-count.product.001766.html
CAN-SOBEYS-20001767,sobeys,Sobeys,sobeys.com,"Country Hills Blvd, Calgary",3118,AB - Calgary & Edmonton,T2P1J9,Dairy & Eggs,Eggs,"Compliments Large White Grade A Eggs, 12 count",Compliments,12 count,4.45,5.7,YES,1.25,Scene+ Member Deal - Save $1.25,0.37,each,In Stock,2026-10-04T11:25:21.701464+00:00,Official sobeys.com Web Storefront,2026-10-01T04:00:00+00:00,2026-10-08T03:59:59+00:00,https://www.sobeys.com/en/products/compliments-large-white-grade-a-eggs-12-count-20001767
CAN-FRESHCO-20001768,freshco,FreshCo,freshco.com,"Brentwood Village, Calgary",9842,AB - Calgary & Edmonton,T2P1J9,Dairy & Eggs,Eggs,"Compliments Large White Grade A Eggs, 12 count",Compliments,12 count,3.75,4.85,YES,1.1,Price Match Guarantee Deal - Save $1.10,0.31,each,In Stock,2026-10-04T11:25:35.339594+00:00,Official freshco.com Web Storefront,2026-10-01T04:00:00+00:00,2026-10-08T03:59:59+00:00,https://freshco.com/products/compliments-large-white-grade-a-eggs-12-count-20001768
CAN-METRO-20001769,metro,Metro,metro.ca,Calgary Online Depot,8803,AB - Calgary & Edmonton,T2P1J9,Dairy & Eggs,Eggs,"Selection Large White Grade A Eggs, 12 count",Selection,12 count,4.05,4.05,NO,0.0,Regular Everyday Price,0.34,each,In Stock,2026-10-04T11:25:49.153754+00:00,Official metro.ca Web Storefront,2026-10-01T04:00:00+00:00,2026-10-08T03:59:59+00:00,https://www.metro.ca/en/online-grocery/aisles/dairy-eggs/selection-large-white-grade-a-eggs-12-count-p-20001769
CAN-FOODBASICS-20001770,foodbasics,Food Basics,foodbasics.ca,Calgary Online Depot,8804,AB - Calgary & Edmonton,T2P1J9,Dairy & Eggs,Eggs,"Selection Large White Grade A Eggs, 12 count",Selection,12 count,3.75,3.75,NO,0.0,Regular Everyday Price,0.31,each,In Stock,2026-10-04T11:26:00.941923+00:00,Official foodbasics.ca Web Storefront,2026-10-01T04:00:00+00:00,2026-10-08T03:59:59+00:00,https://www.foodbasics.ca/aisles/dairy-eggs/selection-large-white-grade-a-eggs-12-count-p-20001770
CAN-SAVEON-20001771,saveon,Save-On,saveonfoods.com,"130th Ave SE, Calgary",4910,AB - Calgary & Edmonton,T2P1J9,Dairy & Eggs,Cheese,"Western Family Old Cheddar Cheese Block, 400 g",Western Family,400 g,6.72,6.72,NO,0.0,Regular Everyday Price,1.68,100g,In Stock,2026-10-04T11:26:13.194455+00:00,Official saveonfoods.com Web Storefront,2026-10-01T04:00:00+00:00,2026-10-08T03:59:59+00:00,https://www.saveonfoods.com/sm/pickup/rsid/4910/product/western-family-old-cheddar-cheese-block-400-g-20001771
CAN-NOFRILLS-20001772,nofrills,No Frills,nofrills.ca,"Sunridge Mall, Calgary",3811,AB - Calgary & Edmonton,T2P1J9,Dairy & Eggs,Cheese,"No Name Old Cheddar Cheese Block, 400 g",No Name,400 g,5.44,5.44,NO,0.0,Regular Everyday Price,1.36,100g,In Stock,2026-10-04T11:26:24.255520+00:00,Official nofrills.ca Web Storefront,2026-10-01T04:00:00+00:00,2026-10-08T03:59:59+00:00,https://www.nofrills.ca/en/no-name-old-cheddar-cheese-block-400-g/p/20001772_EA
CAN-WALMART-20001773,walmart,Walmart,walmart.ca,"Northland Village, Calgary",3026,AB - Calgary & Edmonton,T2P1J9,Dairy & Eggs,Cheese,"Great Value Old Cheddar Cheese Block, 400 g",Great Value,400 g,5.42,5.42,NO,0.0,Regular Everyday Price,1.35,100g,In Stock,2026-10-04T11:26:27.946215+00:00,Official walmart.ca Web Storefront,2026-10-01T04:00:00+00:00,2026-10-08T03:59:59+00:00,https://www.walmart.ca/en/ip/great-value-old-cheddar-cheese-block-400-g/60000001773
CAN-TNT-20001774,tnt,T&T,tntsupermarket.com,"Pacific Place Mall, Calgary",006,AB - Calgary & Edmonton,T2P1J9,Dairy & Eggs,Cheese,"Armstrong Old Cheddar Cheese Block, 400 g",Armstrong,400 g,6.22,6.22,NO,0.0,Regular Everyday Price,1.55,100g,In Stock,2026-10-04T11:26:42.060537+00:00,Official tntsupermarket.com Web Storefront,2026-10-01T04:00:00+00:00,2026-10-08T03:59:59+00:00,https://www.tntsupermarket.com/eng/2000177-armstrong-old-cheddar-cheese-block-400-g.html
CAN-LOBLAWS-20001775,loblaws,Loblaws,loblaws.ca,"Huntington / Superstore West, Calgary",1550,AB - Calgary & Edmonton,T2P1J9,Dairy & Eggs,Cheese,"President's Choice Old Cheddar Cheese Block, 400 g",President's Choice,400 g,6.92,7.92,YES,1.0,PC Optimum Member Price - Save $1.00,1.73,100g,In Stock,2026-10-04T11:26:52.477181+00:00,Official loblaws.ca Web Storefront,2026-10-01T04:00:00+00:00,2026-10-08T03:59:59+00:00,https://www.loblaws.ca/en/presidents-choice-old-cheddar-cheese-block-400-g/p/20001775_EA
CAN-COSTCO-20001776,costco,Costco,costco.ca,"32nd Ave NE, Calgary",0258,AB - Calgary & Edmonton,T2P1J9,Dairy & Eggs,Cheese,"Kirkland Signature Old Cheddar Cheese Block, 907 g",Kirkland Signature,907 g,12.86,12.86,NO,0.0,Regular Everyday Price,1.42,100g,In Stock,2026-10-04T11:27:04.392408+00:00,Official costco.ca Web Storefront,2026-10-01T04:00:00+00:00,2026-10-08T03:59:59+00:00,https://www.costco.ca/kirkland-signature-old-cheddar-cheese-block-907-g.product.001776.html
CAN-SOBEYS-20001777,sobeys,Sobeys,sobeys.com,"Country Hills Blvd, Calgary",3118,AB - Calgary & Edmonton,T2P1J9,Dairy & Eggs,Cheese,"Compliments Old Cheddar Cheese Block, 400 g",Compliments,400 g,6.92,9.12,YES,2.2,Scene+ Member Deal - Save $2.20,1.73,100g,In Stock,2026-10-04T11:27:08.220342+00:00,Official sobeys.com Web Storefront,2026-10-01T04:00:00+00:00,2026-10-08T03:59:59+00:00,https://www.sobeys.com/en/products/compliments-old-cheddar-cheese-block-400-g-20001777
CAN-FRESHCO-20001778,freshco,FreshCo,freshco.com,"Brentwood Village, Calgary",9842,AB - Calgary & Edmonton,T2P1J9,Dairy & Eggs,Cheese,"Compliments Old Cheddar Cheese Block, 400 g",Compliments,400 g,5.44,5.44,NO,0.0,Regular Everyday Price,1.36,100g,In Stock,2026-10-04T11:27:16.072294+00:00,Official freshco.com Web Storefront,2026-10-01T04:00:00+00:00,2026-10-08T03:59:59+00:00,https://freshco.com/products/compliments-old-cheddar-cheese-block-400-g-20001778
CAN-METRO-20001779,metro,Metro,metro.ca,Calgary Online Depot,8803,AB - Calgary & Edmonton,T2P1J9,Dairy & Eggs,Cheese,"Selection Old Cheddar Cheese Block, 400 g",Selection,400 g,6.43,7.23,YES,0.8,Weekly Flyer Special - Save $0.80,1.61,100g,In Stock,2026-10-04T11:27:27.581729+00:00,Official metro.ca Web Storefront,2026-10-01T04:00:00+00:00,2026-10-08T03:59:59+00:00,https://www.metro.ca/en/online-grocery/aisles/dairy-eggs/selection-old-cheddar-cheese-block-400-g-p-20001779
CAN-FOODBASICS-20001780,foodbasics,Food Basics,foodbasics.ca,Calgary Online Depot,8804,AB - Calgary & Edmonton,T2P1J9,Dairy & Eggs,Cheese,"Selection Old Cheddar Cheese Block, 400 g",Selection,400 g,5.44,5.44,NO,0.0,Regular Everyday Price,1.36,100g,In Stock,2026-10-04T11:27:38.973052+00:00,Official foodbasics.ca Web Storefront,2026-10-01T04:00:00+00:00,2026-10-08T03:59:59+00:00,https://www.foodbasics.ca/aisles/dairy-eggs/selection-old-cheddar-cheese-block-400-g-p-20001780
CAN-SAVEON-20001781,saveon,Save-On,saveonfoods.com,"130th Ave SE, Calgary",4910,AB - Calgary & Edmonton,T2P1J9,Dairy & Eggs,Yogurt,"Western Family Greek Plain 0% Yogurt, 750 g",Western Family,750 g,5.93,5.93,NO,0.0,Regular Everyday Price,0.79,100g,In Stock,2026-10-04T11:27:44.948152+00:00,Official saveonfoods.com Web Storefront,2026-10-01T04:00:00+00:00,2026-10-08T03:59:59+00:00,https://www.saveonfoods.com/sm/pickup/rsid/4910/product/western-family-greek-plain-0-yogurt-750-g-20001781
CAN-NOFRILLS-20001782,nofrills,No Frills,nofrills.ca,"Sunridge Mall, Calgary",3811,AB - Calgary & Edmonton,T2P1J9,Dairy & Eggs,Yogurt,"PC Blue Menu Greek Plain 0% Yogurt, 750 g",PC Blue Menu,750 g,5.24,5.24,NO,0.0,Regular Everyday Price,0.7,100g,In Stock,2026-10-04T11:27:55.018228+00:00,Official nofrills.ca Web Storefront,2026-10-01T04:00:00+00:00,2026-10-08T03:59:59+00:00,https://www.nofrills.ca/en/pc-blue-menu-greek-plain-0-yogurt-750-g/p/20001782_EA
CAN-WALMART-20001783,walmart,Walmart,walmart.ca,"Northland Village, Calgary",3026,AB - Calgary & Edmonton,T2P1J9,Dairy & Eggs,Yogurt,"Great Value Greek Plain 0% Yogurt, 750 g",Great Value,750 g,4.92,4.92,NO,0.0,Regular Everyday Price,0.66,100g,In Stock,2026-10-04T11:27:59.555558+00:00,Official walmart.ca Web Storefront,2026-10-01T04:00:00+00:00,2026-10-08T03:59:59+00:00,https://www.walmart.ca/en/ip/great-value-greek-plain-0-yogurt-750-g/60000001783
CAN-TNT-20001784,tnt,T&T,tntsupermarket.com,"Pacific Place Mall, Calgary",006,AB - Calgary & Edmonton,T2P1J9,Dairy & Eggs,Yogurt,"Iogo Greek Greek Plain 0% Yogurt, 750 g",Iogo Greek,750 g,5.62,6.5,YES,0.88,Weekly Feature Special - Save $0.88,0.75,100g,In Stock,2026-10-04T11:28:06.434126+00:00,Official tntsupermarket.com Web Storefront,2026-10-01T04:00:00+00:00,2026-10-08T03:59:59+00:00,https://www.tntsupermarket.com/eng/2000178-iogo-greek-greek-plain-0-yogurt-750-g.html
CAN-LOBLAWS-20001785,loblaws,Loblaws,loblaws.ca,"Huntington / Superstore West, Calgary",1550,AB - Calgary & Edmonton,T2P1J9,Dairy & Eggs,Yogurt,"President's Choice Greek Plain 0% Yogurt, 750 g",President's Choice,750 g,6.13,7.13,YES,1.0,PC Optimum Member Price - Save $1.00,0.82,100g,In Stock,2026-10-04T11:28:11.819422+00:00,Official loblaws.ca Web Storefront,2026-10-01T04:00:00+00:00,2026-10-08T03:59:59+00:00,https://www.loblaws.ca/en/presidents-choice-greek-plain-0-yogurt-750-g/p/20001785_EA
CAN-COSTCO-20001786,costco,Costco,costco.ca,"32nd Ave NE, Calgary",0258,AB - Calgary & Edmonton,T2P1J9,Dairy & Eggs,Yogurt,"Kirkland Signature Greek Plain 0% Yogurt, 2 x 1 kg",Kirkland Signature,2 x 1 kg,9.89,13.89,YES,4.0,Instant Savings $4.00 Off at Checkout,9.89,kg,In Stock,2026-10-04T11:28:19.585853+00:00,Official costco.ca Web Storefront,2026-10-01T04:00:00+00:00,2026-10-08T03:59:59+00:00,https://www.costco.ca/kirkland-signature-greek-plain-0-yogurt-2-x-1-kg.product.001786.html
CAN-SOBEYS-20001787,sobeys,Sobeys,sobeys.com,"Country Hills Blvd, Calgary",3118,AB - Calgary & Edmonton,T2P1J9,Dairy & Eggs,Yogurt,"Compliments Greek Plain 0% Yogurt, 750 g",Compliments,750 g,6.13,6.13,NO,0.0,Regular Everyday Price,0.82,100g,In Stock,2026-10-04T11:28:25.367953+00:00,Official sobeys.com Web Storefront,2026-10-01T04:00:00+00:00,2026-10-08T03:59:59+00:00,https://www.sobeys.com/en/products/compliments-greek-plain-0-yogurt-750-g-20001787
CAN-FRESHCO-20001788,freshco,FreshCo,freshco.com,"Brentwood Village, Calgary",9842,AB - Calgary & Edmonton,T2P1J9,Dairy & Eggs,Yogurt,"Compliments Greek Plain 0% Yogurt, 750 g",Compliments,750 g,5.14,5.14,NO,0.0,Regular Everyday Price,0.69,100g,In Stock,2026-10-04T11:28:39.562139+00:00,Official freshco.com Web Storefront,2026-10-01T04:00:00+00:00,2026-10-08T03:59:59+00:00,https://freshco.com/products/compliments-greek-plain-0-yogurt-750-g-20001788
CAN-METRO-20001789,metro,Metro,metro.ca,Calgary Online Depot,8803,AB - Calgary & Edmonton,T2P1J9,Dairy & Eggs,Yogurt,"Selection Greek Plain 0% Yogurt, 750 g",Selection,750 g,5.73,5.73,NO,0.0,Regular Everyday Price,0.76,100g,In Stock,2026-10-04T11:28:44.709180+00:00,Official metro.ca Web Storefront,2026-10-01T04:00:00+00:00,2026-10-08T03:59:59+00:00,https://www.metro.ca/en/online-grocery/aisles/dairy-eggs/selection-greek-plain-0-yogurt-750-g-p-20001789
CAN-FOODBASICS-20001790,foodbasics,Food Basics,foodbasics.ca,Calgary Online Depot,8804,AB - Calgary & Edmonton,T2P1J9,Dairy & Eggs,Yogurt,"Selection Greek Plain 0% Yogurt, 750 g",Selection,750 g,5.14,5.14,NO,0.0,Regular Everyday Price,0.69,100g,In Stock,2026-10-04T11:28:57.500260+00:00,Official foodbasics.ca Web Storefront,2026-10-01T04:00:00+00:00,2026-10-08T03:59:59+00:00,https://www.foodbasics.ca/aisles/dairy-eggs/selection-greek-plain-0-yogurt-750-g-p-20001790
CAN-SAVEON-20001791,saveon,Save-On,saveonfoods.com,"130th Ave SE, Calgary",4910,AB - Calgary & Edmonton,T2P1J9,Dairy & Eggs,Tofu & Plant-Based,"Western Family Extra Firm Organic Tofu, 454 g",Western Family,454 g,2.96,2.96,NO,0.0,Regular Everyday Price,0.65,100g,In Stock,2026-10-04T11:29:09.701786+00:00,Official saveonfoods.com Web Storefront,2026-10-01T04:00:00+00:00,2026-10-08T03:59:59+00:00,https://www.saveonfoods.com/sm/pickup/rsid/4910/product/western-family-extra-firm-organic-tofu-454-g-20001791
CAN-NOFRILLS-20001792,nofrills,No Frills,nofrills.ca,"Sunridge Mall, Calgary",3811,AB - Calgary & Edmonton,T2P1J9,Dairy & Eggs,Tofu & Plant-Based,"Rooster Brand Extra Firm Organic Tofu, 454 g",Rooster Brand,454 g,2.27,2.27,NO,0.0,Regular Everyday Price,0.5,100g,In Stock,2026-10-04T11:29:18.008314+00:00,Official nofrills.ca Web Storefront,2026-10-01T04:00:00+00:00,2026-10-08T03:59:59+00:00,https://www.nofrills.ca/en/rooster-brand-extra-firm-organic-tofu-454-g/p/20001792_EA
CAN-WALMART-20001793,walmart,Walmart,walmart.ca,"Northland Village, Calgary",3026,AB - Calgary & Edmonton,T2P1J9,Dairy & Eggs,Tofu & Plant-Based,"Sunrise Extra Firm Organic Tofu, 454 g",Sunrise,454 g,2.25,2.25,NO,0.0,Regular Everyday Price,0.5,100g,In Stock,2026-10-04T11:29:25.157352+00:00,Official walmart.ca Web Storefront,2026-10-01T04:00:00+00:00,2026-10-08T03:59:59+00:00,https://www.walmart.ca/en/ip/sunrise-extra-firm-organic-tofu-454-g/60000001793
CAN-TNT-20001794,tnt,T&T,tntsupermarket.com,"Pacific Place Mall, Calgary",006,AB - Calgary & Edmonton,T2P1J9,Dairy & Eggs,Tofu & Plant-Based,"Sunrise Extra Firm Organic Tofu, 454 g",Sunrise,454 g,1.96,1.96,NO,0.0,Regular Everyday Price,0.43,100g,In Stock,2026-10-04T11:29:30.973046+00:00,Official tntsupermarket.com Web Storefront,2026-10-01T04:00:00+00:00,2026-10-08T03:59:59+00:00,https://www.tntsupermarket.com/eng/2000179-sunrise-extra-firm-organic-tofu-454-g.html
CAN-LOBLAWS-20001795,loblaws,Loblaws,loblaws.ca,"Huntington / Superstore West, Calgary",1550,AB - Calgary & Edmonton,T2P1J9,Dairy & Eggs,Tofu & Plant-Based,"PC Organics Extra Firm Organic Tofu, 454 g",PC Organics,454 g,2.96,2.96,NO,0.0,Regular Everyday Price,0.65,100g,In Stock,2026-10-04T11:29:43.690478+00:00,Official loblaws.ca Web Storefront,2026-10-01T04:00:00+00:00,2026-10-08T03:59:59+00:00,https://www.loblaws.ca/en/pc-organics-extra-firm-organic-tofu-454-g/p/20001795_EA
CAN-COSTCO-20001796,costco,Costco,costco.ca,"32nd Ave NE, Calgary",0258,AB - Calgary & Edmonton,T2P1J9,Dairy & Eggs,Tofu & Plant-Based,"Sunrise Soya Extra Firm Organic Tofu, 4 x 454 g",Sunrise Soya,4 x 454 g,7.91,7.91,NO,0.0,Regular Everyday Price,1.74,100g,In Stock,2026-10-04T11:29:53.995265+00:00,Official costco.ca Web Storefront,2026-10-01T04:00:00+00:00,2026-10-08T03:59:59+00:00,https://www.costco.ca/sunrise-soya-extra-firm-organic-tofu-4-x-454-g.product.001796.html
CAN-SOBEYS-20001797,sobeys,Sobeys,sobeys.com,"Country Hills Blvd, Calgary",3118,AB - Calgary & Edmonton,T2P1J9,Dairy & Eggs,Tofu & Plant-Based,"Compliments Extra Firm Organic Tofu, 454 g",Compliments,454 g,2.96,2.96,NO,0.0,Regular Everyday Price,0.65,100g,In Stock,2026-10-04T11:29:59.769299+00:00,Official sobeys.com Web Storefront,2026-10-01T04:00:00+00:00,2026-10-08T03:59:59+00:00,https://www.sobeys.com/en/products/compliments-extra-firm-organic-tofu-454-g-20001797
CAN-FRESHCO-20001798,freshco,FreshCo,freshco.com,"Brentwood Village, Calgary",9842,AB - Calgary & Edmonton,T2P1J9,Dairy & Eggs,Tofu & Plant-Based,"Compliments Extra Firm Organic Tofu, 454 g",Compliments,454 g,2.27,2.27,NO,0.0,Regular Everyday Price,0.5,100g,In Stock,2026-10-04T11:30:10.902180+00:00,Official freshco.com Web Storefront,2026-10-01T04:00:00+00:00,2026-10-08T03:59:59+00:00,https://freshco.com/products/compliments-extra-firm-organic-tofu-454-g-20001798
CAN-METRO-20001799,metro,Metro,metro.ca,Calgary Online Depot,8803,AB - Calgary & Edmonton,T2P1J9,Dairy & Eggs,Tofu & Plant-Based,"Selection Extra Firm Organic Tofu, 454 g",Selection,454 g,2.86,2.86,NO,0.0,Regular Everyday Price,0.63,100g,In Stock,2026-10-04T11:30:19.461985+00:00,Official metro.ca Web Storefront,2026-10-01T04:00:00+00:00,2026-10-08T03:59:59+00:00,https://www.metro.ca/en/online-grocery/aisles/dairy-eggs/selection-extra-firm-organic-tofu-454-g-p-20001799
CAN-FOODBASICS-20001800,foodbasics,Food Basics,foodbasics.ca,Calgary Online Depot,8804,AB - Calgary & Edmonton,T2P1J9,Dairy & Eggs,Tofu & Plant-Based,"Selection Extra Firm Organic Tofu, 454 g",Selection,454 g,2.27,2.27,NO,0.0,Regular Everyday Price,0.5,100g,In Stock,2026-10-04T11:30:30.933897+00:00,Official foodbasics.ca Web Storefront,2026-10-01T04:00:00+00:00,2026-10-08T03:59:59+00:00,https://www.foodbasics.ca/aisles/dairy-eggs/selection-extra-firm-organic-tofu-454-g-p-20001800
CAN-SAVEON-20001801,saveon,Save-On,saveonfoods.com,"130th Ave SE, Calgary",4910,AB - Calgary & Edmonton,T2P1J9,Meat & Seafood,Poultry,"Western Family Boneless Skinless Chicken Breasts, 1 kg",Western Family,1 kg,15.34,15.34,NO,0.0,Regular Everyday Price,15.34,kg,In Stock,2026-10-04T11:30:43.166599+00:00,Official saveonfoods.com Web Storefront,2026-10-01T04:00:00+00:00,2026-10-08T03:59:59+00:00,https://www.saveonfoods.com/sm/pickup/rsid/4910/product/western-family-boneless-skinless-chicken-breasts-1-kg-20001801
CAN-NOFRILLS-20001802,nofrills,No Frills,nofrills.ca,"Sunridge Mall, Calgary",3811,AB - Calgary & Edmonton,T2P1J9,Meat & Seafood,Poultry,"Farmer's Market Boneless Skinless Chicken Breasts, 1 kg",Farmer's Market,1 kg,12.86,14.11,YES,1.25,Hit of the Month - Rollback $1.25,12.86,kg,In Stock,2026-10-04T11:30:54.848517+00:00,Official nofrills.ca Web Storefront,2026-10-01T04:00:00+00:00,2026-10-08T03:59:59+00:00,https://www.nofrills.ca/en/farmers-market-boneless-skinless-chicken-breasts-1-kg/p/20001802_EA
CAN-WALMART-20001803,walmart,Walmart,walmart.ca,"Northland Village, Calgary",3026,AB - Calgary & Edmonton,T2P1J9,Meat & Seafood,Poultry,"Your Fresh Market Boneless Skinless Chicken Breasts, 1 kg",Your Fresh Market,1 kg,12.84,12.84,NO,0.0,Regular Everyday Price,12.84,kg,In Stock,2026-10-04T11:31:03.640416+00:00,Official walmart.ca Web Storefront,2026-10-01T04:00:00+00:00,2026-10-08T03:59:59+00:00,https://www.walmart.ca/en/ip/your-fresh-market-boneless-skinless-chicken-breasts-1-kg/60000001803
CAN-TNT-20001804,tnt,T&T,tntsupermarket.com,"Pacific Place Mall, Calgary",006,AB - Calgary & Edmonton,T2P1J9,Meat & Seafood,Poultry,"T&T Fresh Boneless Skinless Chicken Breasts, 1 kg",T&T Fresh,1 kg,13.74,13.74,NO,0.0,Regular Everyday Price,13.74,kg,In Stock,2026-10-04T11:31:11.415466+00:00,Official tntsupermarket.com Web Storefront,2026-10-01T04:00:00+00:00,2026-10-08T03:59:59+00:00,https://www.tntsupermarket.com/eng/2000180-tt-fresh-boneless-skinless-chicken-breasts-1-kg.html
CAN-LOBLAWS-20001805,loblaws,Loblaws,loblaws.ca,"Huntington / Superstore West, Calgary",1550,AB - Calgary & Edmonton,T2P1J9,Meat & Seafood,Poultry,"PC Free From Boneless Skinless Chicken Breasts, 1 kg",PC Free From,1 kg,16.33,16.33,NO,0.0,Regular Everyday Price,16.33,kg,In Stock,2026-10-04T11:31:26.276167+00:00,Official loblaws.ca Web Storefront,2026-10-01T04:00:00+00:00,2026-10-08T03:59:59+00:00,https://www.loblaws.ca/en/pc-free-from-boneless-skinless-chicken-breasts-1-kg/p/20001805_EA
CAN-COSTCO-20001806,costco,Costco,costco.ca,"32nd Ave NE, Calgary",0258,AB - Calgary & Edmonton,T2P1J9,Meat & Seafood,Poultry,"Kirkland Signature Boneless Skinless Chicken Breasts, 2.4 kg bulk",Kirkland Signature,2.4 kg bulk,29.69,29.69,NO,0.0,Regular Everyday Price,12.37,kg,In Stock,2026-10-04T11:31:35.350596+00:00,Official costco.ca Web Storefront,2026-10-01T04:00:00+00:00,2026-10-08T03:59:59+00:00,https://www.costco.ca/kirkland-signature-boneless-skinless-chicken-breasts-24-kg-bulk.product.001806.html
CAN-SOBEYS-20001807,sobeys,Sobeys,sobeys.com,"Country Hills Blvd, Calgary",3118,AB - Calgary & Edmonton,T2P1J9,Meat & Seafood,Poultry,"Compliments Boneless Skinless Chicken Breasts, 1 kg",Compliments,1 kg,16.33,16.33,NO,0.0,Regular Everyday Price,16.33,kg,In Stock,2026-10-04T11:31:47.777975+00:00,Official sobeys.com Web Storefront,2026-10-01T04:00:00+00:00,2026-10-08T03:59:59+00:00,https://www.sobeys.com/en/products/compliments-boneless-skinless-chicken-breasts-1-kg-20001807
CAN-FRESHCO-20001808,freshco,FreshCo,freshco.com,"Brentwood Village, Calgary",9842,AB - Calgary & Edmonton,T2P1J9,Meat & Seafood,Poultry,"Compliments Boneless Skinless Chicken Breasts, 1 kg",Compliments,1 kg,12.86,12.86,NO,0.0,Regular Everyday Price,12.86,kg,In Stock,2026-10-04T11:31:57.517231+00:00,Official freshco.com Web Storefront,2026-10-01T04:00:00+00:00,2026-10-08T03:59:59+00:00,https://freshco.com/products/compliments-boneless-skinless-chicken-breasts-1-kg-20001808
CAN-METRO-20001809,metro,Metro,metro.ca,Calgary Online Depot,8803,AB - Calgary & Edmonton,T2P1J9,Meat & Seafood,Poultry,"Selection Boneless Skinless Chicken Breasts, 1 kg",Selection,1 kg,15.14,15.14,NO,0.0,Regular Everyday Price,15.14,kg,In Stock,2026-10-04T11:32:01.956569+00:00,Official metro.ca Web Storefront,2026-10-01T04:00:00+00:00,2026-10-08T03:59:59+00:00,https://www.metro.ca/en/online-grocery/aisles/meat-seafood/selection-boneless-skinless-chicken-breasts-1-kg-p-20001809
CAN-FOODBASICS-20001810,foodbasics,Food Basics,foodbasics.ca,Calgary Online Depot,8804,AB - Calgary & Edmonton,T2P1J9,Meat & Seafood,Poultry,"Selection Boneless Skinless Chicken Breasts, 1 kg",Selection,1 kg,12.86,12.86,NO,0.0,Regular Everyday Price,12.86,kg,In Stock,2026-10-04T11:32:13.408207+00:00,Official foodbasics.ca Web Storefront,2026-10-01T04:00:00+00:00,2026-10-08T03:59:59+00:00,https://www.foodbasics.ca/aisles/meat-seafood/selection-boneless-skinless-chicken-breasts-1-kg-p-20001810
CAN-SAVEON-20001811,saveon,Save-On,saveonfoods.com,"130th Ave SE, Calgary",4910,AB - Calgary & Edmonton,T2P1J9,Meat & Seafood,Beef,"Western Family Lean Ground Beef, 1 kg",Western Family,1 kg,14.35,14.35,NO,0.0,Regular Everyday Price,14.35,kg,In Stock,2026-10-04T11:32:25.709677+00:00,Official saveonfoods.com Web Storefront,2026-10-01T04:00:00+00:00,2026-10-08T03:59:59+00:00,https://www.saveonfoods.com/sm/pickup/rsid/4910/product/western-family-lean-ground-beef-1-kg-20001811
CAN-NOFRILLS-20001812,nofrills,No Frills,nofrills.ca,"Sunridge Mall, Calgary",3811,AB - Calgary & Edmonton,T2P1J9,Meat & Seafood,Beef,"No Name Lean Ground Beef, 1 kg",No Name,1 kg,11.87,11.87,NO,0.0,Regular Everyday Price,11.87,kg,In Stock,2026-10-04T11:32:37.579786+00:00,Official nofrills.ca Web Storefront,2026-10-01T04:00:00+00:00,2026-10-08T03:59:59+00:00,https://www.nofrills.ca/en/no-name-lean-ground-beef-1-kg/p/20001812_EA
CAN-WALMART-20001813,walmart,Walmart,walmart.ca,"Northland Village, Calgary",3026,AB - Calgary & Edmonton,T2P1J9,Meat & Seafood,Beef,"Your Fresh Market Lean Ground Beef, 1 kg",Your Fresh Market,1 kg,11.85,11.85,NO,0.0,Regular Everyday Price,11.85,kg,In Stock,2026-10-04T11:32:48.560325+00:00,Official walmart.ca Web Storefront,2026-10-01T04:00:00+00:00,2026-10-08T03:59:59+00:00,https://www.walmart.ca/en/ip/your-fresh-market-lean-ground-beef-1-kg/60000001813
CAN-TNT-20001814,tnt,T&T,tntsupermarket.com,"Pacific Place Mall, Calgary",006,AB - Calgary & Edmonton,T2P1J9,Meat & Seafood,Beef,"T&T Fresh Lean Ground Beef, 1 kg",T&T Fresh,1 kg,12.75,12.75,NO,0.0,Regular Everyday Price,12.75,kg,In Stock,2026-10-04T11:32:58.934743+00:00,Official tntsupermarket.com Web Storefront,2026-10-01T04:00:00+00:00,2026-10-08T03:59:59+00:00,https://www.tntsupermarket.com/eng/2000181-tt-fresh-lean-ground-beef-1-kg.html
CAN-LOBLAWS-20001815,loblaws,Loblaws,loblaws.ca,"Huntington / Superstore West, Calgary",1550,AB - Calgary & Edmonton,T2P1J9,Meat & Seafood,Beef,"President's Choice Lean Ground Beef, 1 kg",President's Choice,1 kg,14.84,14.84,NO,0.0,Regular Everyday Price,14.84,kg,In Stock,2026-10-04T11:33:07.649511+00:00,Official loblaws.ca Web Storefront,2026-10-01T04:00:00+00:00,2026-10-08T03:59:59+00:00,https://www.loblaws.ca/en/presidents-choice-lean-ground-beef-1-kg/p/20001815_EA
CAN-COSTCO-20001816,costco,Costco,costco.ca,"32nd Ave NE, Calgary",0258,AB - Calgary & Edmonton,T2P1J9,Meat & Seafood,Beef,"Kirkland Signature Lean Ground Beef, 2.2 kg bulk",Kirkland Signature,2.2 kg bulk,26.72,26.72,NO,0.0,Regular Everyday Price,12.15,kg,In Stock,2026-10-04T11:33:22.483812+00:00,Official costco.ca Web Storefront,2026-10-01T04:00:00+00:00,2026-10-08T03:59:59+00:00,https://www.costco.ca/kirkland-signature-lean-ground-beef-22-kg-bulk.product.001816.html
CAN-SOBEYS-20001817,sobeys,Sobeys,sobeys.com,"Country Hills Blvd, Calgary",3118,AB - Calgary & Edmonton,T2P1J9,Meat & Seafood,Beef,"Compliments Lean Ground Beef, 1 kg",Compliments,1 kg,14.84,14.84,NO,0.0,Regular Everyday Price,14.84,kg,In Stock,2026-10-04T11:33:27.436365+00:00,Official sobeys.com Web Storefront,2026-10-01T04:00:00+00:00,2026-10-08T03:59:59+00:00,https://www.sobeys.com/en/products/compliments-lean-ground-beef-1-kg-20001817
CAN-FRESHCO-20001818,freshco,FreshCo,freshco.com,"Brentwood Village, Calgary",9842,AB - Calgary & Edmonton,T2P1J9,Meat & Seafood,Beef,"Compliments Lean Ground Beef, 1 kg",Compliments,1 kg,11.87,11.87,NO,0.0,Regular Everyday Price,11.87,kg,In Stock,2026-10-04T11:33:42.143630+00:00,Official freshco.com Web Storefront,2026-10-01T04:00:00+00:00,2026-10-08T03:59:59+00:00,https://freshco.com/products/compliments-lean-ground-beef-1-kg-20001818
CAN-METRO-20001819,metro,Metro,metro.ca,Calgary Online Depot,8803,AB - Calgary & Edmonton,T2P1J9,Meat & Seafood,Beef,"Selection Lean Ground Beef, 1 kg",Selection,1 kg,14.15,15.45,YES,1.3,Weekly Flyer Special - Save $1.30,14.15,kg,In Stock,2026-10-04T11:33:49.895378+00:00,Official metro.ca Web Storefront,2026-10-01T04:00:00+00:00,2026-10-08T03:59:59+00:00,https://www.metro.ca/en/online-grocery/aisles/meat-seafood/selection-lean-ground-beef-1-kg-p-20001819
CAN-FOODBASICS-20001820,foodbasics,Food Basics,foodbasics.ca,Calgary Online Depot,8804,AB - Calgary & Edmonton,T2P1J9,Meat & Seafood,Beef,"Selection Lean Ground Beef, 1 kg",Selection,1 kg,11.87,12.37,YES,0.5,Always More For Less - Save $0.50,11.87,kg,In Stock,2026-10-04T11:33:54.167905+00:00,Official foodbasics.ca Web Storefront,2026-10-01T04:00:00+00:00,2026-10-08T03:59:59+00:00,https://www.foodbasics.ca/aisles/meat-seafood/selection-lean-ground-beef-1-kg-p-20001820
CAN-SAVEON-20001821,saveon,Save-On,saveonfoods.com,"130th Ave SE, Calgary",4910,AB - Calgary & Edmonton,T2P1J9,Meat & Seafood,Seafood,"Western Family Atlantic Salmon Fillets Fresh, 1 kg",Western Family,1 kg,24.74,25.44,YES,0.7,Save $0.70 With More Rewards Card,24.74,kg,In Stock,2026-10-04T11:34:03.939411+00:00,Official saveonfoods.com Web Storefront,2026-10-01T04:00:00+00:00,2026-10-08T03:59:59+00:00,https://www.saveonfoods.com/sm/pickup/rsid/4910/product/western-family-atlantic-salmon-fillets-fresh-1-kg-20001821
CAN-NOFRILLS-20001822,nofrills,No Frills,nofrills.ca,"Sunridge Mall, Calgary",3811,AB - Calgary & Edmonton,T2P1J9,Meat & Seafood,Seafood,"Farmer's Market Atlantic Salmon Fillets Fresh, 1 kg",Farmer's Market,1 kg,21.77,21.77,NO,0.0,Regular Everyday Price,21.77,kg,In Stock,2026-10-04T11:34:09.257315+00:00,Official nofrills.ca Web Storefront,2026-10-01T04:00:00+00:00,2026-10-08T03:59:59+00:00,https://www.nofrills.ca/en/farmers-market-atlantic-salmon-fillets-fresh-1-kg/p/20001822_EA
CAN-WALMART-20001823,walmart,Walmart,walmart.ca,"Northland Village, Calgary",3026,AB - Calgary & Edmonton,T2P1J9,Meat & Seafood,Seafood,"Your Fresh Market Atlantic Salmon Fillets Fresh, 1 kg",Your Fresh Market,1 kg,21.75,21.75,NO,0.0,Regular Everyday Price,21.75,kg,In Stock,2026-10-04T11:34:19.042281+00:00,Official walmart.ca Web Storefront,2026-10-01T04:00:00+00:00,2026-10-08T03:59:59+00:00,https://www.walmart.ca/en/ip/your-fresh-market-atlantic-salmon-fillets-fresh-1-kg/60000001823
CAN-TNT-20001824,tnt,T&T,tntsupermarket.com,"Pacific Place Mall, Calgary",006,AB - Calgary & Edmonton,T2P1J9,Meat & Seafood,Seafood,"T&T Seafood Direct Atlantic Salmon Fillets Fresh, 1 kg",T&T Seafood Direct,1 kg,20.67,20.67,NO,0.0,Regular Everyday Price,20.67,kg,In Stock,2026-10-04T11:34:27.466946+00:00,Official tntsupermarket.com Web Storefront,2026-10-01T04:00:00+00:00,2026-10-08T03:59:59+00:00,https://www.tntsupermarket.com/eng/2000182-tt-seafood-direct-atlantic-salmon-fillets-fresh-1-kg.html
CAN-LOBLAWS-20001825,loblaws,Loblaws,loblaws.ca,"Huntington / Superstore West, Calgary",1550,AB - Calgary & Edmonton,T2P1J9,Meat & Seafood,Seafood,"PC Blue Menu Atlantic Salmon Fillets Fresh, 1 kg",PC Blue Menu,1 kg,25.73,25.73,NO,0.0,Regular Everyday Price,25.73,kg,In Stock,2026-10-04T11:34:32.357518+00:00,Official loblaws.ca Web Storefront,2026-10-01T04:00:00+00:00,2026-10-08T03:59:59+00:00,https://www.loblaws.ca/en/pc-blue-menu-atlantic-salmon-fillets-fresh-1-kg/p/20001825_EA
CAN-COSTCO-20001826,costco,Costco,costco.ca,"32nd Ave NE, Calgary",0258,AB - Calgary & Edmonton,T2P1J9,Meat & Seafood,Seafood,"Kirkland Signature Atlantic Salmon Fillets Fresh, 1.4 kg",Kirkland Signature,1.4 kg,31.67,31.67,NO,0.0,Regular Everyday Price,22.62,kg,In Stock,2026-10-04T11:34:44.384691+00:00,Official costco.ca Web Storefront,2026-10-01T04:00:00+00:00,2026-10-08T03:59:59+00:00,https://www.costco.ca/kirkland-signature-atlantic-salmon-fillets-fresh-14-kg.product.001826.html
CAN-SOBEYS-20001827,sobeys,Sobeys,sobeys.com,"Country Hills Blvd, Calgary",3118,AB - Calgary & Edmonton,T2P1J9,Meat & Seafood,Seafood,"Compliments Atlantic Salmon Fillets Fresh, 1 kg",Compliments,1 kg,25.73,25.73,NO,0.0,Regular Everyday Price,25.73,kg,In Stock,2026-10-04T11:34:50.063541+00:00,Official sobeys.com Web Storefront,2026-10-01T04:00:00+00:00,2026-10-08T03:59:59+00:00,https://www.sobeys.com/en/products/compliments-atlantic-salmon-fillets-fresh-1-kg-20001827
CAN-FRESHCO-20001828,freshco,FreshCo,freshco.com,"Brentwood Village, Calgary",9842,AB - Calgary & Edmonton,T2P1J9,Meat & Seafood,Seafood,"Compliments Atlantic Salmon Fillets Fresh, 1 kg",Compliments,1 kg,21.77,21.77,NO,0.0,Regular Everyday Price,21.77,kg,In Stock,2026-10-04T11:34:58.400967+00:00,Official freshco.com Web Storefront,2026-10-01T04:00:00+00:00,2026-10-08T03:59:59+00:00,https://freshco.com/products/compliments-atlantic-salmon-fillets-fresh-1-kg-20001828
CAN-METRO-20001829,metro,Metro,metro.ca,Calgary Online Depot,8803,AB - Calgary & Edmonton,T2P1J9,Meat & Seafood,Seafood,"Selection Atlantic Salmon Fillets Fresh, 1 kg",Selection,1 kg,24.74,25.74,YES,1.0,Weekly Flyer Special - Save $1.00,24.74,kg,In Stock,2026-10-04T11:35:10.603563+00:00,Official metro.ca Web Storefront,2026-10-01T04:00:00+00:00,2026-10-08T03:59:59+00:00,https://www.metro.ca/en/online-grocery/aisles/meat-seafood/selection-atlantic-salmon-fillets-fresh-1-kg-p-20001829
CAN-FOODBASICS-20001830,foodbasics,Food Basics,foodbasics.ca,Calgary Online Depot,8804,AB - Calgary & Edmonton,T2P1J9,Meat & Seafood,Seafood,"Selection Atlantic Salmon Fillets Fresh, 1 kg",Selection,1 kg,21.77,21.77,NO,0.0,Regular Everyday Price,21.77,kg,In Stock,2026-10-04T11:35:16.061056+00:00,Official foodbasics.ca Web Storefront,2026-10-01T04:00:00+00:00,2026-10-08T03:59:59+00:00,https://www.foodbasics.ca/aisles/meat-seafood/selection-atlantic-salmon-fillets-fresh-1-kg-p-20001830
CAN-SAVEON-20001831,saveon,Save-On,saveonfoods.com,"130th Ave SE, Calgary",4910,AB - Calgary & Edmonton,T2P1J9,Meat & Seafood,Pork & Bacon,"Western Family Naturally Smoked Thick Cut Bacon, 375 g",Western Family,375 g,7.22,7.92,YES,0.7,Save $0.70 With More Rewards Card,1.93,100g,In Stock,2026-10-04T11:35:26.729734+00:00,Official saveonfoods.com Web Storefront,2026-10-01T04:00:00+00:00,2026-10-08T03:59:59+00:00,https://www.saveonfoods.com/sm/pickup/rsid/4910/product/western-family-naturally-smoked-thick-cut-bacon-375-g-20001831
CAN-NOFRILLS-20001832,nofrills,No Frills,nofrills.ca,"Sunridge Mall, Calgary",3811,AB - Calgary & Edmonton,T2P1J9,Meat & Seafood,Pork & Bacon,"No Name Naturally Smoked Thick Cut Bacon, 375 g",No Name,375 g,5.44,5.44,NO,0.0,Regular Everyday Price,1.45,100g,In Stock,2026-10-04T11:35:36.696184+00:00,Official nofrills.ca Web Storefront,2026-10-01T04:00:00+00:00,2026-10-08T03:59:59+00:00,https://www.nofrills.ca/en/no-name-naturally-smoked-thick-cut-bacon-375-g/p/20001832_EA
CAN-WALMART-20001833,walmart,Walmart,walmart.ca,"Northland Village, Calgary",3026,AB - Calgary & Edmonton,T2P1J9,Meat & Seafood,Pork & Bacon,"Great Value Naturally Smoked Thick Cut Bacon, 375 g",Great Value,375 g,5.42,5.42,NO,0.0,Regular Everyday Price,1.45,100g,In Stock,2026-10-04T11:35:43.034640+00:00,Official walmart.ca Web Storefront,2026-10-01T04:00:00+00:00,2026-10-08T03:59:59+00:00,https://www.walmart.ca/en/ip/great-value-naturally-smoked-thick-cut-bacon-375-g/60000001833
CAN-TNT-20001834,tnt,T&T,tntsupermarket.com,"Pacific Place Mall, Calgary",006,AB - Calgary & Edmonton,T2P1J9,Meat & Seafood,Pork & Bacon,"Maple Leaf Naturally Smoked Thick Cut Bacon, 375 g",Maple Leaf,375 g,6.81,6.81,NO,0.0,Regular Everyday Price,1.82,100g,In Stock,2026-10-04T11:35:54.198825+00:00,Official tntsupermarket.com Web Storefront,2026-10-01T04:00:00+00:00,2026-10-08T03:59:59+00:00,https://www.tntsupermarket.com/eng/2000183-maple-leaf-naturally-smoked-thick-cut-bacon-375-g.html
CAN-LOBLAWS-20001835,loblaws,Loblaws,loblaws.ca,"Huntington / Superstore West, Calgary",1550,AB - Calgary & Edmonton,T2P1J9,Meat & Seafood,Pork & Bacon,"President's Choice Naturally Smoked Thick Cut Bacon, 375 g",President's Choice,375 g,7.42,8.92,YES,1.5,PC Optimum Member Price - Save $1.50,1.98,100g,In Stock,2026-10-04T11:35:58.832088+00:00,Official loblaws.ca Web Storefront,2026-10-01T04:00:00+00:00,2026-10-08T03:59:59+00:00,https://www.loblaws.ca/en/presidents-choice-naturally-smoked-thick-cut-bacon-375-g/p/20001835_EA
CAN-COSTCO-20001836,costco,Costco,costco.ca,"32nd Ave NE, Calgary",0258,AB - Calgary & Edmonton,T2P1J9,Meat & Seafood,Pork & Bacon,"Kirkland Signature Naturally Smoked Thick Cut Bacon, 4 x 500 g",Kirkland Signature,4 x 500 g,18.8,18.8,NO,0.0,Regular Everyday Price,3.76,100g,In Stock,2026-10-04T11:36:11.159841+00:00,Official costco.ca Web Storefront,2026-10-01T04:00:00+00:00,2026-10-08T03:59:59+00:00,https://www.costco.ca/kirkland-signature-naturally-smoked-thick-cut-bacon-4-x-500-g.product.001836.html
CAN-SOBEYS-20001837,sobeys,Sobeys,sobeys.com,"Country Hills Blvd, Calgary",3118,AB - Calgary & Edmonton,T2P1J9,Meat & Seafood,Pork & Bacon,"Compliments Naturally Smoked Thick Cut Bacon, 375 g",Compliments,375 g,7.42,7.42,NO,0.0,Regular Everyday Price,1.98,100g,In Stock,2026-10-04T11:36:21.180030+00:00,Official sobeys.com Web Storefront,2026-10-01T04:00:00+00:00,2026-10-08T03:59:59+00:00,https://www.sobeys.com/en/products/compliments-naturally-smoked-thick-cut-bacon-375-g-20001837
CAN-FRESHCO-20001838,freshco,FreshCo,freshco.com,"Brentwood Village, Calgary",9842,AB - Calgary & Edmonton,T2P1J9,Meat & Seafood,Pork & Bacon,"Compliments Naturally Smoked Thick Cut Bacon, 375 g",Compliments,375 g,5.44,5.44,NO,0.0,Regular Everyday Price,1.45,100g,In Stock,2026-10-04T11:36:35.710033+00:00,Official freshco.com Web Storefront,2026-10-01T04:00:00+00:00,2026-10-08T03:59:59+00:00,https://freshco.com/products/compliments-naturally-smoked-thick-cut-bacon-375-g-20001838
CAN-METRO-20001839,metro,Metro,metro.ca,Calgary Online Depot,8803,AB - Calgary & Edmonton,T2P1J9,Meat & Seafood,Pork & Bacon,"Selection Naturally Smoked Thick Cut Bacon, 375 g",Selection,375 g,6.92,6.92,NO,0.0,Regular Everyday Price,1.85,100g,In Stock,2026-10-04T11:36:50.128140+00:00,Official metro.ca Web Storefront,2026-10-01T04:00:00+00:00,2026-10-08T03:59:59+00:00,https://www.metro.ca/en/online-grocery/aisles/meat-seafood/selection-naturally-smoked-thick-cut-bacon-375-g-p-20001839
CAN-FOODBASICS-20001840,foodbasics,Food Basics,foodbasics.ca,Calgary Online Depot,8804,AB - Calgary & Edmonton,T2P1J9,Meat & Seafood,Pork & Bacon,"Selection Naturally Smoked Thick Cut Bacon, 375 g",Selection,375 g,5.44,5.44,NO,0.0,Regular Everyday Price,1.45,100g,In Stock,2026-10-04T11:37:02.580184+00:00,Official foodbasics.ca Web Storefront,2026-10-01T04:00:00+00:00,2026-10-08T03:59:59+00:00,https://www.foodbasics.ca/aisles/meat-seafood/selection-naturally-smoked-thick-cut-bacon-375-g-p-20001840
CAN-SAVEON-20001841,saveon,Save-On,saveonfoods.com,"130th Ave SE, Calgary",4910,AB - Calgary & Edmonton,T2P1J9,Bakery & Bread,Bread,"Western Family 100% Whole Wheat Sliced Bread, 675 g",Western Family,675 g,3.65,3.65,NO,0.0,Regular Everyday Price,0.54,100g,In Stock,2026-10-04T11:37:14.956771+00:00,Official saveonfoods.com Web Storefront,2026-10-01T04:00:00+00:00,2026-10-08T03:59:59+00:00,https://www.saveonfoods.com/sm/pickup/rsid/4910/product/western-family-100-whole-wheat-sliced-bread-675-g-20001841
CAN-NOFRILLS-20001842,nofrills,No Frills,nofrills.ca,"Sunridge Mall, Calgary",3811,AB - Calgary & Edmonton,T2P1J9,Bakery & Bread,Bread,"No Name 100% Whole Wheat Sliced Bread, 675 g",No Name,675 g,2.47,2.47,NO,0.0,Regular Everyday Price,0.37,100g,In Stock,2026-10-04T11:37:24.332996+00:00,Official nofrills.ca Web Storefront,2026-10-01T04:00:00+00:00,2026-10-08T03:59:59+00:00,https://www.nofrills.ca/en/no-name-100-whole-wheat-sliced-bread-675-g/p/20001842_EA
CAN-WALMART-20001843,walmart,Walmart,walmart.ca,"Northland Village, Calgary",3026,AB - Calgary & Edmonton,T2P1J9,Bakery & Bread,Bread,"Great Value 100% Whole Wheat Sliced Bread, 675 g",Great Value,675 g,2.45,4.45,YES,2.0,Rollback - Save $2.00,0.36,100g,In Stock,2026-10-04T11:37:30.822407+00:00,Official walmart.ca Web Storefront,2026-10-01T04:00:00+00:00,2026-10-08T03:59:59+00:00,https://www.walmart.ca/en/ip/great-value-100-whole-wheat-sliced-bread-675-g/60000001843
CAN-TNT-20001844,tnt,T&T,tntsupermarket.com,"Pacific Place Mall, Calgary",006,AB - Calgary & Edmonton,T2P1J9,Bakery & Bread,Bread,"T&T Bakery 100% Whole Wheat Sliced Bread, 675 g",T&T Bakery,675 g,3.25,3.25,NO,0.0,Regular Everyday Price,0.48,100g,In Stock,2026-10-04T11:37:45.059012+00:00,Official tntsupermarket.com Web Storefront,2026-10-01T04:00:00+00:00,2026-10-08T03:59:59+00:00,https://www.tntsupermarket.com/eng/2000184-tt-bakery-100-whole-wheat-sliced-bread-675-g.html
CAN-LOBLAWS-20001845,loblaws,Loblaws,loblaws.ca,"Huntington / Superstore West, Calgary",1550,AB - Calgary & Edmonton,T2P1J9,Bakery & Bread,Bread,"Country Harvest 100% Whole Wheat Sliced Bread, 675 g",Country Harvest,675 g,3.95,5.45,YES,1.5,PC Optimum Member Price - Save $1.50,0.59,100g,In Stock,2026-10-04T11:37:48.114342+00:00,Official loblaws.ca Web Storefront,2026-10-01T04:00:00+00:00,2026-10-08T03:59:59+00:00,https://www.loblaws.ca/en/country-harvest-100-whole-wheat-sliced-bread-675-g/p/20001845_EA
CAN-COSTCO-20001846,costco,Costco,costco.ca,"32nd Ave NE, Calgary",0258,AB - Calgary & Edmonton,T2P1J9,Bakery & Bread,Bread,"Dempster's 100% Whole Wheat Sliced Bread, 3 x 675 g",Dempster's,3 x 675 g,6.92,11.92,YES,5.0,Instant Savings $5.00 Off at Checkout,1.03,100g,In Stock,2026-10-04T11:37:52.128232+00:00,Official costco.ca Web Storefront,2026-10-01T04:00:00+00:00,2026-10-08T03:59:59+00:00,https://www.costco.ca/dempsters-100-whole-wheat-sliced-bread-3-x-675-g.product.001846.html
CAN-SOBEYS-20001847,sobeys,Sobeys,sobeys.com,"Country Hills Blvd, Calgary",3118,AB - Calgary & Edmonton,T2P1J9,Bakery & Bread,Bread,"Compliments 100% Whole Wheat Sliced Bread, 675 g",Compliments,675 g,3.95,3.95,NO,0.0,Regular Everyday Price,0.59,100g,In Stock,2026-10-04T11:37:55.881015+00:00,Official sobeys.com Web Storefront,2026-10-01T04:00:00+00:00,2026-10-08T03:59:59+00:00,https://www.sobeys.com/en/products/compliments-100-whole-wheat-sliced-bread-675-g-20001847
CAN-FRESHCO-20001848,freshco,FreshCo,freshco.com,"Brentwood Village, Calgary",9842,AB - Calgary & Edmonton,T2P1J9,Bakery & Bread,Bread,"Compliments 100% Whole Wheat Sliced Bread, 675 g",Compliments,675 g,2.47,2.47,NO,0.0,Regular Everyday Price,0.37,100g,In Stock,2026-10-04T11:38:10.729233+00:00,Official freshco.com Web Storefront,2026-10-01T04:00:00+00:00,2026-10-08T03:59:59+00:00,https://freshco.com/products/compliments-100-whole-wheat-sliced-bread-675-g-20001848
CAN-METRO-20001849,metro,Metro,metro.ca,Calgary Online Depot,8803,AB - Calgary & Edmonton,T2P1J9,Bakery & Bread,Bread,"Selection 100% Whole Wheat Sliced Bread, 675 g",Selection,675 g,3.46,3.46,NO,0.0,Regular Everyday Price,0.51,100g,In Stock,2026-10-04T11:38:23.659107+00:00,Official metro.ca Web Storefront,2026-10-01T04:00:00+00:00,2026-10-08T03:59:59+00:00,https://www.metro.ca/en/online-grocery/aisles/bakery-bread/selection-100-whole-wheat-sliced-bread-675-g-p-20001849
CAN-FOODBASICS-20001850,foodbasics,Food Basics,foodbasics.ca,Calgary Online Depot,8804,AB - Calgary & Edmonton,T2P1J9,Bakery & Bread,Bread,"Selection 100% Whole Wheat Sliced Bread, 675 g",Selection,675 g,2.47,2.97,YES,0.5,Always More For Less - Save $0.50,0.37,100g,In Stock,2026-10-04T11:38:32.374472+00:00,Official foodbasics.ca Web Storefront,2026-10-01T04:00:00+00:00,2026-10-08T03:59:59+00:00,https://www.foodbasics.ca/aisles/bakery-bread/selection-100-whole-wheat-sliced-bread-675-g-p-20001850
CAN-SAVEON-20001851,saveon,Save-On,saveonfoods.com,"130th Ave SE, Calgary",4910,AB - Calgary & Edmonton,T2P1J9,Bakery & Bread,Bagels,"Western Family Everything Bagels, 6 pack",Western Family,6 pack,4.15,4.15,NO,0.0,Regular Everyday Price,0.69,each,In Stock,2026-10-04T11:38:41.135350+00:00,Official saveonfoods.com Web Storefront,2026-10-01T04:00:00+00:00,2026-10-08T03:59:59+00:00,https://www.saveonfoods.com/sm/pickup/rsid/4910/product/western-family-everything-bagels-6-pack-20001851
CAN-NOFRILLS-20001852,nofrills,No Frills,nofrills.ca,"Sunridge Mall, Calgary",3811,AB - Calgary & Edmonton,T2P1J9,Bakery & Bread,Bagels,"No Name Everything Bagels, 6 pack",No Name,6 pack,2.96,2.96,NO,0.0,Regular Everyday Price,0.49,each,In Stock,2026-10-04T11:38:45.389800+00:00,Official nofrills.ca Web Storefront,2026-10-01T04:00:00+00:00,2026-10-08T03:59:59+00:00,https://www.nofrills.ca/en/no-name-everything-bagels-6-pack/p/20001852_EA
CAN-WALMART-20001853,walmart,Walmart,walmart.ca,"Northland Village, Calgary",3026,AB - Calgary & Edmonton,T2P1J9,Bakery & Bread,Bagels,"Great Value Everything Bagels, 6 pack",Great Value,6 pack,2.94,3.91,YES,0.97,Rollback - Save $0.97,0.49,each,In Stock,2026-10-04T11:38:51.449450+00:00,Official walmart.ca Web Storefront,2026-10-01T04:00:00+00:00,2026-10-08T03:59:59+00:00,https://www.walmart.ca/en/ip/great-value-everything-bagels-6-pack/60000001853
CAN-TNT-20001854,tnt,T&T,tntsupermarket.com,"Pacific Place Mall, Calgary",006,AB - Calgary & Edmonton,T2P1J9,Bakery & Bread,Bagels,"T&T Bakery Everything Bagels, 6 pack",T&T Bakery,6 pack,3.64,3.64,NO,0.0,Regular Everyday Price,0.61,each,In Stock,2026-10-04T11:39:02.375987+00:00,Official tntsupermarket.com Web Storefront,2026-10-01T04:00:00+00:00,2026-10-08T03:59:59+00:00,https://www.tntsupermarket.com/eng/2000185-tt-bakery-everything-bagels-6-pack.html
CAN-LOBLAWS-20001855,loblaws,Loblaws,loblaws.ca,"Huntington / Superstore West, Calgary",1550,AB - Calgary & Edmonton,T2P1J9,Bakery & Bread,Bagels,"President's Choice Everything Bagels, 6 pack",President's Choice,6 pack,4.45,4.45,NO,0.0,Regular Everyday Price,0.74,each,In Stock,2026-10-04T11:39:16.298912+00:00,Official loblaws.ca Web Storefront,2026-10-01T04:00:00+00:00,2026-10-08T03:59:59+00:00,https://www.loblaws.ca/en/presidents-choice-everything-bagels-6-pack/p/20001855_EA
CAN-COSTCO-20001856,costco,Costco,costco.ca,"32nd Ave NE, Calgary",0258,AB - Calgary & Edmonton,T2P1J9,Bakery & Bread,Bagels,"Kirkland Signature Everything Bagels, 2 x 6 pack",Kirkland Signature,2 x 6 pack,7.91,7.91,NO,0.0,Regular Everyday Price,1.32,each,In Stock,2026-10-04T11:39:21.344598+00:00,Official costco.ca Web Storefront,2026-10-01T04:00:00+00:00,2026-10-08T03:59:59+00:00,https://www.costco.ca/kirkland-signature-everything-bagels-2-x-6-pack.product.001856.html
CAN-SOBEYS-20001857,sobeys,Sobeys,sobeys.com,"Country Hills Blvd, Calgary",3118,AB - Calgary & Edmonton,T2P1J9,Bakery & Bread,Bagels,"Compliments Everything Bagels, 6 pack",Compliments,6 pack,4.45,4.45,NO,0.0,Regular Everyday Price,0.74,each,In Stock,2026-10-04T11:39:27.485200+00:00,Official sobeys.com Web Storefront,2026-10-01T04:00:00+00:00,2026-10-08T03:59:59+00:00,https://www.sobeys.com/en/products/compliments-everything-bagels-6-pack-20001857
CAN-FRESHCO-20001858,freshco,FreshCo,freshco.com,"Brentwood Village, Calgary",9842,AB - Calgary & Edmonton,T2P1J9,Bakery & Bread,Bagels,"Compliments Everything Bagels, 6 pack",Compliments,6 pack,2.96,2.96,NO,0.0,Regular Everyday Price,0.49,each,In Stock,2026-10-04T11:39:34.719237+00:00,Official freshco.com Web Storefront,2026-10-01T04:00:00+00:00,2026-10-08T03:59:59+00:00,https://freshco.com/products/compliments-everything-bagels-6-pack-20001858
CAN-METRO-20001859,metro,Metro,metro.ca,Calgary Online Depot,8803,AB - Calgary & Edmonton,T2P1J9,Bakery & Bread,Bagels,"Selection Everything Bagels, 6 pack",Selection,6 pack,3.95,3.95,NO,0.0,Regular Everyday Price,0.66,each,In Stock,2026-10-04T11:39:44.324609+00:00,Official metro.ca Web Storefront,2026-10-01T04:00:00+00:00,2026-10-08T03:59:59+00:00,https://www.metro.ca/en/online-grocery/aisles/bakery-bread/selection-everything-bagels-6-pack-p-20001859
CAN-FOODBASICS-20001860,foodbasics,Food Basics,foodbasics.ca,Calgary Online Depot,8804,AB - Calgary & Edmonton,T2P1J9,Bakery & Bread,Bagels,"Selection Everything Bagels, 6 pack",Selection,6 pack,2.96,2.96,NO,0.0,Regular Everyday Price,0.49,each,In Stock,2026-10-04T11:39:51.319700+00:00,Official foodbasics.ca Web Storefront,2026-10-01T04:00:00+00:00,2026-10-08T03:59:59+00:00,https://www.foodbasics.ca/aisles/bakery-bread/selection-everything-bagels-6-pack-p-20001860
CAN-SAVEON-20001861,saveon,Save-On,saveonfoods.com,"130th Ave SE, Calgary",4910,AB - Calgary & Edmonton,T2P1J9,Pantry & Dry Staples,Rice & Grains,"Western Family Premium Jasmine Rice, 8 kg",Western Family,8 kg,21.77,21.77,NO,0.0,Regular Everyday Price,2.72,kg,In Stock,2026-10-04T11:40:05.990904+00:00,Official saveonfoods.com Web Storefront,2026-10-01T04:00:00+00:00,2026-10-08T03:59:59+00:00,https://www.saveonfoods.com/sm/pickup/rsid/4910/product/western-family-premium-jasmine-rice-8-kg-20001861
CAN-NOFRILLS-20001862,nofrills,No Frills,nofrills.ca,"Sunridge Mall, Calgary",3811,AB - Calgary & Edmonton,T2P1J9,Pantry & Dry Staples,Rice & Grains,"Rooster Brand Premium Jasmine Rice, 8 kg",Rooster Brand,8 kg,16.82,16.82,NO,0.0,Regular Everyday Price,2.1,kg,In Stock,2026-10-04T11:40:15.531499+00:00,Official nofrills.ca Web Storefront,2026-10-01T04:00:00+00:00,2026-10-08T03:59:59+00:00,https://www.nofrills.ca/en/rooster-brand-premium-jasmine-rice-8-kg/p/20001862_EA
CAN-WALMART-20001863,walmart,Walmart,walmart.ca,"Northland Village, Calgary",3026,AB - Calgary & Edmonton,T2P1J9,Pantry & Dry Staples,Rice & Grains,"Great Value Premium Jasmine Rice, 8 kg",Great Value,8 kg,16.8,16.8,NO,0.0,Regular Everyday Price,2.1,kg,In Stock,2026-10-04T11:40:30.180106+00:00,Official walmart.ca Web Storefront,2026-10-01T04:00:00+00:00,2026-10-08T03:59:59+00:00,https://www.walmart.ca/en/ip/great-value-premium-jasmine-rice-8-kg/60000001863
CAN-TNT-20001864,tnt,T&T,tntsupermarket.com,"Pacific Place Mall, Calgary",006,AB - Calgary & Edmonton,T2P1J9,Pantry & Dry Staples,Rice & Grains,"Rooster Jasmine Premium Jasmine Rice, 8 kg",Rooster Jasmine,8 kg,15.72,15.72,NO,0.0,Regular Everyday Price,1.97,kg,In Stock,2026-10-04T11:40:37.743360+00:00,Official tntsupermarket.com Web Storefront,2026-10-01T04:00:00+00:00,2026-10-08T03:59:59+00:00,https://www.tntsupermarket.com/eng/2000186-rooster-jasmine-premium-jasmine-rice-8-kg.html
CAN-LOBLAWS-20001865,loblaws,Loblaws,loblaws.ca,"Huntington / Superstore West, Calgary",1550,AB - Calgary & Edmonton,T2P1J9,Pantry & Dry Staples,Rice & Grains,"Rooster Brand Premium Jasmine Rice, 8 kg",Rooster Brand,8 kg,21.77,21.77,NO,0.0,Regular Everyday Price,2.72,kg,In Stock,2026-10-04T11:40:48.007352+00:00,Official loblaws.ca Web Storefront,2026-10-01T04:00:00+00:00,2026-10-08T03:59:59+00:00,https://www.loblaws.ca/en/rooster-brand-premium-jasmine-rice-8-kg/p/20001865_EA
CAN-COSTCO-20001866,costco,Costco,costco.ca,"32nd Ave NE, Calgary",0258,AB - Calgary & Edmonton,T2P1J9,Pantry & Dry Staples,Rice & Grains,"Kirkland Signature Premium Jasmine Rice, 10 kg",Kirkland Signature,10 kg,19.3,19.3,NO,0.0,Regular Everyday Price,1.93,kg,In Stock,2026-10-04T11:41:01.811217+00:00,Official costco.ca Web Storefront,2026-10-01T04:00:00+00:00,2026-10-08T03:59:59+00:00,https://www.costco.ca/kirkland-signature-premium-jasmine-rice-10-kg.product.001866.html
CAN-SOBEYS-20001867,sobeys,Sobeys,sobeys.com,"Country Hills Blvd, Calgary",3118,AB - Calgary & Edmonton,T2P1J9,Pantry & Dry Staples,Rice & Grains,"Compliments Premium Jasmine Rice, 8 kg",Compliments,8 kg,21.77,21.77,NO,0.0,Regular Everyday Price,2.72,kg,In Stock,2026-10-04T11:41:12.962084+00:00,Official sobeys.com Web Storefront,2026-10-01T04:00:00+00:00,2026-10-08T03:59:59+00:00,https://www.sobeys.com/en/products/compliments-premium-jasmine-rice-8-kg-20001867
CAN-FRESHCO-20001868,freshco,FreshCo,freshco.com,"Brentwood Village, Calgary",9842,AB - Calgary & Edmonton,T2P1J9,Pantry & Dry Staples,Rice & Grains,"Compliments Premium Jasmine Rice, 8 kg",Compliments,8 kg,16.82,17.72,YES,0.9,Price Match Guarantee Deal - Save $0.90,2.1,kg,In Stock,2026-10-04T11:41:22.260507+00:00,Official freshco.com Web Storefront,2026-10-01T04:00:00+00:00,2026-10-08T03:59:59+00:00,https://freshco.com/products/compliments-premium-jasmine-rice-8-kg-20001868
CAN-METRO-20001869,metro,Metro,metro.ca,Calgary Online Depot,8803,AB - Calgary & Edmonton,T2P1J9,Pantry & Dry Staples,Rice & Grains,"Selection Premium Jasmine Rice, 8 kg",Selection,8 kg,20.78,20.78,NO,0.0,Regular Everyday Price,2.6,kg,In Stock,2026-10-04T11:41:28.867640+00:00,Official metro.ca Web Storefront,2026-10-01T04:00:00+00:00,2026-10-08T03:59:59+00:00,https://www.metro.ca/en/online-grocery/aisles/pantry-dry-staples/selection-premium-jasmine-rice-8-kg-p-20001869
CAN-FOODBASICS-20001870,foodbasics,Food Basics,foodbasics.ca,Calgary Online Depot,8804,AB - Calgary & Edmonton,T2P1J9,Pantry & Dry Staples,Rice & Grains,"Selection Premium Jasmine Rice, 8 kg",Selection,8 kg,16.82,16.82,NO,0.0,Regular Everyday Price,2.1,kg,In Stock,2026-10-04T11:41:42.672444+00:00,Official foodbasics.ca Web Storefront,2026-10-01T04:00:00+00:00,2026-10-08T03:59:59+00:00,https://www.foodbasics.ca/aisles/pantry-dry-staples/selection-premium-jasmine-rice-8-kg-p-20001870
CAN-SAVEON-20001871,saveon,Save-On,saveonfoods.com,"130th Ave SE, Calgary",4910,AB - Calgary & Edmonton,T2P1J9,Pantry & Dry Staples,Pasta,"Western Family Traditional Spaghetti Pasta, 900 g",Western Family,900 g,2.66,2.66,NO,0.0,Regular Everyday Price,0.3,100g,In Stock,2026-10-04T11:41:54.592072+00:00,Official saveonfoods.com Web Storefront,2026-10-01T04:00:00+00:00,2026-10-08T03:59:59+00:00,https://www.saveonfoods.com/sm/pickup/rsid/4910/product/western-family-traditional-spaghetti-pasta-900-g-20001871
CAN-NOFRILLS-20001872,nofrills,No Frills,nofrills.ca,"Sunridge Mall, Calgary",3811,AB - Calgary & Edmonton,T2P1J9,Pantry & Dry Staples,Pasta,"Italpasta Traditional Spaghetti Pasta, 900 g",Italpasta,900 g,1.86,1.86,NO,0.0,Regular Everyday Price,0.21,100g,In Stock,2026-10-04T11:42:02.982871+00:00,Official nofrills.ca Web Storefront,2026-10-01T04:00:00+00:00,2026-10-08T03:59:59+00:00,https://www.nofrills.ca/en/italpasta-traditional-spaghetti-pasta-900-g/p/20001872_EA
CAN-WALMART-20001873,walmart,Walmart,walmart.ca,"Northland Village, Calgary",3026,AB - Calgary & Edmonton,T2P1J9,Pantry & Dry Staples,Pasta,"Great Value Traditional Spaghetti Pasta, 900 g",Great Value,900 g,1.85,1.85,NO,0.0,Regular Everyday Price,0.21,100g,In Stock,2026-10-04T11:42:12.001023+00:00,Official walmart.ca Web Storefront,2026-10-01T04:00:00+00:00,2026-10-08T03:59:59+00:00,https://www.walmart.ca/en/ip/great-value-traditional-spaghetti-pasta-900-g/60000001873
CAN-TNT-20001874,tnt,T&T,tntsupermarket.com,"Pacific Place Mall, Calgary",006,AB - Calgary & Edmonton,T2P1J9,Pantry & Dry Staples,Pasta,"Barilla Traditional Spaghetti Pasta, 900 g",Barilla,900 g,2.46,3.96,YES,1.5,Weekly Feature Special - Save $1.50,0.27,100g,In Stock,2026-10-04T11:42:24.833901+00:00,Official tntsupermarket.com Web Storefront,2026-10-01T04:00:00+00:00,2026-10-08T03:59:59+00:00,https://www.tntsupermarket.com/eng/2000187-barilla-traditional-spaghetti-pasta-900-g.html
CAN-LOBLAWS-20001875,loblaws,Loblaws,loblaws.ca,"Huntington / Superstore West, Calgary",1550,AB - Calgary & Edmonton,T2P1J9,Pantry & Dry Staples,Pasta,"President's Choice Traditional Spaghetti Pasta, 900 g",President's Choice,900 g,2.96,2.96,NO,0.0,Regular Everyday Price,0.33,100g,In Stock,2026-10-04T11:42:31.968274+00:00,Official loblaws.ca Web Storefront,2026-10-01T04:00:00+00:00,2026-10-08T03:59:59+00:00,https://www.loblaws.ca/en/presidents-choice-traditional-spaghetti-pasta-900-g/p/20001875_EA
CAN-COSTCO-20001876,costco,Costco,costco.ca,"32nd Ave NE, Calgary",0258,AB - Calgary & Edmonton,T2P1J9,Pantry & Dry Staples,Pasta,"Garofalo Organic Traditional Spaghetti Pasta, 8 x 500 g",Garofalo Organic,8 x 500 g,14.84,14.84,NO,0.0,Regular Everyday Price,2.97,100g,In Stock,2026-10-04T11:42:38.005623+00:00,Official costco.ca Web Storefront,2026-10-01T04:00:00+00:00,2026-10-08T03:59:59+00:00,https://www.costco.ca/garofalo-organic-traditional-spaghetti-pasta-8-x-500-g.product.001876.html
CAN-SOBEYS-20001877,sobeys,Sobeys,sobeys.com,"Country Hills Blvd, Calgary",3118,AB - Calgary & Edmonton,T2P1J9,Pantry & Dry Staples,Pasta,"Compliments Traditional Spaghetti Pasta, 900 g",Compliments,900 g,2.96,2.96,NO,0.0,Regular Everyday Price,0.33,100g,In Stock,2026-10-04T11:42:41.831569+00:00,Official sobeys.com Web Storefront,2026-10-01T04:00:00+00:00,2026-10-08T03:59:59+00:00,https://www.sobeys.com/en/products/compliments-traditional-spaghetti-pasta-900-g-20001877
CAN-FRESHCO-20001878,freshco,FreshCo,freshco.com,"Brentwood Village, Calgary",9842,AB - Calgary & Edmonton,T2P1J9,Pantry & Dry Staples,Pasta,"Compliments Traditional Spaghetti Pasta, 900 g",Compliments,900 g,1.86,2.46,YES,0.6,Price Match Guarantee Deal - Save $0.60,0.21,100g,In Stock,2026-10-04T11:42:44.949206+00:00,Official freshco.com Web Storefront,2026-10-01T04:00:00+00:00,2026-10-08T03:59:59+00:00,https://freshco.com/products/compliments-traditional-spaghetti-pasta-900-g-20001878
CAN-METRO-20001879,metro,Metro,metro.ca,Calgary Online Depot,8803,AB - Calgary & Edmonton,T2P1J9,Pantry & Dry Staples,Pasta,"Selection Traditional Spaghetti Pasta, 900 g",Selection,900 g,2.47,2.47,NO,0.0,Regular Everyday Price,0.27,100g,In Stock,2026-10-04T11:42:58.389550+00:00,Official metro.ca Web Storefront,2026-10-01T04:00:00+00:00,2026-10-08T03:59:59+00:00,https://www.metro.ca/en/online-grocery/aisles/pantry-dry-staples/selection-traditional-spaghetti-pasta-900-g-p-20001879
CAN-FOODBASICS-20001880,foodbasics,Food Basics,foodbasics.ca,Calgary Online Depot,8804,AB - Calgary & Edmonton,T2P1J9,Pantry & Dry Staples,Pasta,"Selection Traditional Spaghetti Pasta, 900 g",Selection,900 g,1.86,1.86,NO,0.0,Regular Everyday Price,0.21,100g,In Stock,2026-10-04T11:43:11.572976+00:00,Official foodbasics.ca Web Storefront,2026-10-01T04:00:00+00:00,2026-10-08T03:59:59+00:00,https://www.foodbasics.ca/aisles/pantry-dry-staples/selection-traditional-spaghetti-pasta-900-g-p-20001880
CAN-SAVEON-20001881,saveon,Save-On,saveonfoods.com,"130th Ave SE, Calgary",4910,AB - Calgary & Edmonton,T2P1J9,Pantry & Dry Staples,Baking,"Western Family All-Purpose White Flour, 2.5 kg",Western Family,2.5 kg,5.24,5.94,YES,0.7,Save $0.70 With More Rewards Card,2.1,kg,In Stock,2026-10-04T11:43:26.355071+00:00,Official saveonfoods.com Web Storefront,2026-10-01T04:00:00+00:00,2026-10-08T03:59:59+00:00,https://www.saveonfoods.com/sm/pickup/rsid/4910/product/western-family-all-purpose-white-flour-25-kg-20001881
CAN-NOFRILLS-20001882,nofrills,No Frills,nofrills.ca,"Sunridge Mall, Calgary",3811,AB - Calgary & Edmonton,T2P1J9,Pantry & Dry Staples,Baking,"No Name All-Purpose White Flour, 2.5 kg",No Name,2.5 kg,3.95,4.95,YES,1.0,Hit of the Month - Rollback $1.00,1.58,kg,In Stock,2026-10-04T11:43:35.562565+00:00,Official nofrills.ca Web Storefront,2026-10-01T04:00:00+00:00,2026-10-08T03:59:59+00:00,https://www.nofrills.ca/en/no-name-all-purpose-white-flour-25-kg/p/20001882_EA
CAN-WALMART-20001883,walmart,Walmart,walmart.ca,"Northland Village, Calgary",3026,AB - Calgary & Edmonton,T2P1J9,Pantry & Dry Staples,Baking,"Great Value All-Purpose White Flour, 2.5 kg",Great Value,2.5 kg,3.93,3.93,NO,0.0,Regular Everyday Price,1.57,kg,In Stock,2026-10-04T11:43:39.002365+00:00,Official walmart.ca Web Storefront,2026-10-01T04:00:00+00:00,2026-10-08T03:59:59+00:00,https://www.walmart.ca/en/ip/great-value-all-purpose-white-flour-25-kg/60000001883
CAN-TNT-20001884,tnt,T&T,tntsupermarket.com,"Pacific Place Mall, Calgary",006,AB - Calgary & Edmonton,T2P1J9,Pantry & Dry Staples,Baking,"Five Roses All-Purpose White Flour, 2.5 kg",Five Roses,2.5 kg,4.63,4.63,NO,0.0,Regular Everyday Price,1.85,kg,In Stock,2026-10-04T11:43:53.916843+00:00,Official tntsupermarket.com Web Storefront,2026-10-01T04:00:00+00:00,2026-10-08T03:59:59+00:00,https://www.tntsupermarket.com/eng/2000188-five-roses-all-purpose-white-flour-25-kg.html
CAN-LOBLAWS-20001885,loblaws,Loblaws,loblaws.ca,"Huntington / Superstore West, Calgary",1550,AB - Calgary & Edmonton,T2P1J9,Pantry & Dry Staples,Baking,"President's Choice All-Purpose White Flour, 2.5 kg",President's Choice,2.5 kg,5.44,5.44,NO,0.0,Regular Everyday Price,2.18,kg,In Stock,2026-10-04T11:44:00.151916+00:00,Official loblaws.ca Web Storefront,2026-10-01T04:00:00+00:00,2026-10-08T03:59:59+00:00,https://www.loblaws.ca/en/presidents-choice-all-purpose-white-flour-25-kg/p/20001885_EA
CAN-COSTCO-20001886,costco,Costco,costco.ca,"32nd Ave NE, Calgary",0258,AB - Calgary & Edmonton,T2P1J9,Pantry & Dry Staples,Baking,"Robin Hood All-Purpose White Flour, 10 kg",Robin Hood,10 kg,13.85,18.85,YES,5.0,Instant Savings $5.00 Off at Checkout,1.39,kg,In Stock,2026-10-04T11:44:14.648468+00:00,Official costco.ca Web Storefront,2026-10-01T04:00:00+00:00,2026-10-08T03:59:59+00:00,https://www.costco.ca/robin-hood-all-purpose-white-flour-10-kg.product.001886.html
CAN-SOBEYS-20001887,sobeys,Sobeys,sobeys.com,"Country Hills Blvd, Calgary",3118,AB - Calgary & Edmonton,T2P1J9,Pantry & Dry Staples,Baking,"Compliments All-Purpose White Flour, 2.5 kg",Compliments,2.5 kg,5.44,5.44,NO,0.0,Regular Everyday Price,2.18,kg,In Stock,2026-10-04T11:44:22.931428+00:00,Official sobeys.com Web Storefront,2026-10-01T04:00:00+00:00,2026-10-08T03:59:59+00:00,https://www.sobeys.com/en/products/compliments-all-purpose-white-flour-25-kg-20001887
CAN-FRESHCO-20001888,freshco,FreshCo,freshco.com,"Brentwood Village, Calgary",9842,AB - Calgary & Edmonton,T2P1J9,Pantry & Dry Staples,Baking,"Compliments All-Purpose White Flour, 2.5 kg",Compliments,2.5 kg,3.95,3.95,NO,0.0,Regular Everyday Price,1.58,kg,In Stock,2026-10-04T11:44:29.666883+00:00,Official freshco.com Web Storefront,2026-10-01T04:00:00+00:00,2026-10-08T03:59:59+00:00,https://freshco.com/products/compliments-all-purpose-white-flour-25-kg-20001888
CAN-METRO-20001889,metro,Metro,metro.ca,Calgary Online Depot,8803,AB - Calgary & Edmonton,T2P1J9,Pantry & Dry Staples,Baking,"Selection All-Purpose White Flour, 2.5 kg",Selection,2.5 kg,4.94,4.94,NO,0.0,Regular Everyday Price,1.98,kg,In Stock,2026-10-04T11:44:41.460703+00:00,Official metro.ca Web Storefront,2026-10-01T04:00:00+00:00,2026-10-08T03:59:59+00:00,https://www.metro.ca/en/online-grocery/aisles/pantry-dry-staples/selection-all-purpose-white-flour-25-kg-p-20001889
CAN-FOODBASICS-20001890,foodbasics,Food Basics,foodbasics.ca,Calgary Online Depot,8804,AB - Calgary & Edmonton,T2P1J9,Pantry & Dry Staples,Baking,"Selection All-Purpose White Flour, 2.5 kg",Selection,2.5 kg,3.95,4.95,YES,1.0,Always More For Less - Save $1.00,1.58,kg,In Stock,2026-10-04T11:44:48.021703+00:00,Official foodbasics.ca Web Storefront,2026-10-01T04:00:00+00:00,2026-10-08T03:59:59+00:00,https://www.foodbasics.ca/aisles/pantry-dry-staples/selection-all-purpose-white-flour-25-kg-p-20001890
CAN-SAVEON-20001891,saveon,Save-On,saveonfoods.com,"130th Ave SE, Calgary",4910,AB - Calgary & Edmonton,T2P1J9,Pantry & Dry Staples,Oils,"Western Family Pure Canola Cooking Oil, 3 L",Western Family,3 L,11.38,12.88,YES,1.5,Save $1.50 With More Rewards Card,3.79,L,In Stock,2026-10-04T11:45:02.259376+00:00,Official saveonfoods.com Web Storefront,2026-10-01T04:00:00+00:00,2026-10-08T03:59:59+00:00,https://www.saveonfoods.com/sm/pickup/rsid/4910/product/western-family-pure-canola-cooking-oil-3-l-20001891
CAN-NOFRILLS-20001892,nofrills,No Frills,nofrills.ca,"Sunridge Mall, Calgary",3811,AB - Calgary & Edmonton,T2P1J9,Pantry & Dry Staples,Oils,"No Name Pure Canola Cooking Oil, 3 L",No Name,3 L,8.9,9.9,YES,1.0,Hit of the Month - Rollback $1.00,2.97,L,In Stock,2026-10-04T11:45:10.772004+00:00,Official nofrills.ca Web Storefront,2026-10-01T04:00:00+00:00,2026-10-08T03:59:59+00:00,https://www.nofrills.ca/en/no-name-pure-canola-cooking-oil-3-l/p/20001892_EA
CAN-WALMART-20001893,walmart,Walmart,walmart.ca,"Northland Village, Calgary",3026,AB - Calgary & Edmonton,T2P1J9,Pantry & Dry Staples,Oils,"Great Value Pure Canola Cooking Oil, 3 L",Great Value,3 L,8.88,8.88,NO,0.0,Regular Everyday Price,2.96,L,In Stock,2026-10-04T11:45:14.769594+00:00,Official walmart.ca Web Storefront,2026-10-01T04:00:00+00:00,2026-10-08T03:59:59+00:00,https://www.walmart.ca/en/ip/great-value-pure-canola-cooking-oil-3-l/60000001893
CAN-TNT-20001894,tnt,T&T,tntsupermarket.com,"Pacific Place Mall, Calgary",006,AB - Calgary & Edmonton,T2P1J9,Pantry & Dry Staples,Oils,"Rooster Brand Pure Canola Cooking Oil, 3 L",Rooster Brand,3 L,9.78,10.66,YES,0.88,Weekly Feature Special - Save $0.88,3.26,L,In Stock,2026-10-04T11:45:22.274013+00:00,Official tntsupermarket.com Web Storefront,2026-10-01T04:00:00+00:00,2026-10-08T03:59:59+00:00,https://www.tntsupermarket.com/eng/2000189-rooster-brand-pure-canola-cooking-oil-3-l.html
CAN-LOBLAWS-20001895,loblaws,Loblaws,loblaws.ca,"Huntington / Superstore West, Calgary",1550,AB - Calgary & Edmonton,T2P1J9,Pantry & Dry Staples,Oils,"President's Choice Pure Canola Cooking Oil, 3 L",President's Choice,3 L,11.87,11.87,NO,0.0,Regular Everyday Price,3.96,L,In Stock,2026-10-04T11:45:33.861625+00:00,Official loblaws.ca Web Storefront,2026-10-01T04:00:00+00:00,2026-10-08T03:59:59+00:00,https://www.loblaws.ca/en/presidents-choice-pure-canola-cooking-oil-3-l/p/20001895_EA
CAN-COSTCO-20001896,costco,Costco,costco.ca,"32nd Ave NE, Calgary",0258,AB - Calgary & Edmonton,T2P1J9,Pantry & Dry Staples,Oils,"Kirkland Signature Pure Canola Cooking Oil, 5 L",Kirkland Signature,5 L,14.84,14.84,NO,0.0,Regular Everyday Price,2.97,L,In Stock,2026-10-04T11:45:47.635903+00:00,Official costco.ca Web Storefront,2026-10-01T04:00:00+00:00,2026-10-08T03:59:59+00:00,https://www.costco.ca/kirkland-signature-pure-canola-cooking-oil-5-l.product.001896.html
CAN-SOBEYS-20001897,sobeys,Sobeys,sobeys.com,"Country Hills Blvd, Calgary",3118,AB - Calgary & Edmonton,T2P1J9,Pantry & Dry Staples,Oils,"Compliments Pure Canola Cooking Oil, 3 L",Compliments,3 L,11.87,14.07,YES,2.2,Scene+ Member Deal - Save $2.20,3.96,L,In Stock,2026-10-04T11:46:02.063499+00:00,Official sobeys.com Web Storefront,2026-10-01T04:00:00+00:00,2026-10-08T03:59:59+00:00,https://www.sobeys.com/en/products/compliments-pure-canola-cooking-oil-3-l-20001897
CAN-FRESHCO-20001898,freshco,FreshCo,freshco.com,"Brentwood Village, Calgary",9842,AB - Calgary & Edmonton,T2P1J9,Pantry & Dry Staples,Oils,"Compliments Pure Canola Cooking Oil, 3 L",Compliments,3 L,8.9,8.9,NO,0.0,Regular Everyday Price,2.97,L,In Stock,2026-10-04T11:46:13.972955+00:00,Official freshco.com Web Storefront,2026-10-01T04:00:00+00:00,2026-10-08T03:59:59+00:00,https://freshco.com/products/compliments-pure-canola-cooking-oil-3-l-20001898
CAN-METRO-20001899,metro,Metro,metro.ca,Calgary Online Depot,8803,AB - Calgary & Edmonton,T2P1J9,Pantry & Dry Staples,Oils,"Selection Pure Canola Cooking Oil, 3 L",Selection,3 L,10.88,11.88,YES,1.0,Weekly Flyer Special - Save $1.00,3.63,L,In Stock,2026-10-04T11:46:25.294477+00:00,Official metro.ca Web Storefront,2026-10-01T04:00:00+00:00,2026-10-08T03:59:59+00:00,https://www.metro.ca/en/online-grocery/aisles/pantry-dry-staples/selection-pure-canola-cooking-oil-3-l-p-20001899
CAN-FOODBASICS-20001900,foodbasics,Food Basics,foodbasics.ca,Calgary Online Depot,8804,AB - Calgary & Edmonton,T2P1J9,Pantry & Dry Staples,Oils,"Selection Pure Canola Cooking Oil, 3 L",Selection,3 L,8.9,8.9,NO,0.0,Regular Everyday Price,2.97,L,In Stock,2026-10-04T11:46:39.622469+00:00,Official foodbasics.ca Web Storefront,2026-10-01T04:00:00+00:00,2026-10-08T03:59:59+00:00,https://www.foodbasics.ca/aisles/pantry-dry-staples/selection-pure-canola-cooking-oil-3-l-p-20001900
CAN-SAVEON-20001901,saveon,Save-On,saveonfoods.com,"130th Ave SE, Calgary",4910,AB - Calgary & Edmonton,T2P1J9,Pantry & Dry Staples,Oils,"Western Family Extra Virgin Olive Oil, 1 L",Western Family,1 L,15.83,15.83,NO,0.0,Regular Everyday Price,15.83,L,In Stock,2026-10-04T11:46:53.110854+00:00,Official saveonfoods.com Web Storefront,2026-10-01T04:00:00+00:00,2026-10-08T03:59:59+00:00,https://www.saveonfoods.com/sm/pickup/rsid/4910/product/western-family-extra-virgin-olive-oil-1-l-20001901
CAN-NOFRILLS-20001902,nofrills,No Frills,nofrills.ca,"Sunridge Mall, Calgary",3811,AB - Calgary & Edmonton,T2P1J9,Pantry & Dry Staples,Oils,"No Name Extra Virgin Olive Oil, 1 L",No Name,1 L,12.86,12.86,NO,0.0,Regular Everyday Price,12.86,L,In Stock,2026-10-04T11:47:00.852497+00:00,Official nofrills.ca Web Storefront,2026-10-01T04:00:00+00:00,2026-10-08T03:59:59+00:00,https://www.nofrills.ca/en/no-name-extra-virgin-olive-oil-1-l/p/20001902_EA
CAN-WALMART-20001903,walmart,Walmart,walmart.ca,"Northland Village, Calgary",3026,AB - Calgary & Edmonton,T2P1J9,Pantry & Dry Staples,Oils,"Great Value Extra Virgin Olive Oil, 1 L",Great Value,1 L,12.84,12.84,NO,0.0,Regular Everyday Price,12.84,L,In Stock,2026-10-04T11:47:09.364987+00:00,Official walmart.ca Web Storefront,2026-10-01T04:00:00+00:00,2026-10-08T03:59:59+00:00,https://www.walmart.ca/en/ip/great-value-extra-virgin-olive-oil-1-l/60000001903
CAN-TNT-20001904,tnt,T&T,tntsupermarket.com,"Pacific Place Mall, Calgary",006,AB - Calgary & Edmonton,T2P1J9,Pantry & Dry Staples,Oils,"Bertolli Extra Virgin Olive Oil, 1 L",Bertolli,1 L,14.34,14.34,NO,0.0,Regular Everyday Price,14.34,L,In Stock,2026-10-04T11:47:23.770367+00:00,Official tntsupermarket.com Web Storefront,2026-10-01T04:00:00+00:00,2026-10-08T03:59:59+00:00,https://www.tntsupermarket.com/eng/2000190-bertolli-extra-virgin-olive-oil-1-l.html
CAN-LOBLAWS-20001905,loblaws,Loblaws,loblaws.ca,"Huntington / Superstore West, Calgary",1550,AB - Calgary & Edmonton,T2P1J9,Pantry & Dry Staples,Oils,"PC Splendido Extra Virgin Olive Oil, 1 L",PC Splendido,1 L,16.33,18.33,YES,2.0,PC Optimum Member Price - Save $2.00,16.33,L,In Stock,2026-10-04T11:47:30.806872+00:00,Official loblaws.ca Web Storefront,2026-10-01T04:00:00+00:00,2026-10-08T03:59:59+00:00,https://www.loblaws.ca/en/pc-splendido-extra-virgin-olive-oil-1-l/p/20001905_EA
CAN-COSTCO-20001906,costco,Costco,costco.ca,"32nd Ave NE, Calgary",0258,AB - Calgary & Edmonton,T2P1J9,Pantry & Dry Staples,Oils,"Kirkland Signature Extra Virgin Olive Oil, 2 L",Kirkland Signature,2 L,24.74,24.74,NO,0.0,Regular Everyday Price,12.37,L,In Stock,2026-10-04T11:47:40.010908+00:00,Official costco.ca Web Storefront,2026-10-01T04:00:00+00:00,2026-10-08T03:59:59+00:00,https://www.costco.ca/kirkland-signature-extra-virgin-olive-oil-2-l.product.001906.html
CAN-SOBEYS-20001907,sobeys,Sobeys,sobeys.com,"Country Hills Blvd, Calgary",3118,AB - Calgary & Edmonton,T2P1J9,Pantry & Dry Staples,Oils,"Panache Extra Virgin Olive Oil, 1 L",Panache,1 L,16.33,16.33,NO,0.0,Regular Everyday Price,16.33,L,In Stock,2026-10-04T11:47:52.583447+00:00,Official sobeys.com Web Storefront,2026-10-01T04:00:00+00:00,2026-10-08T03:59:59+00:00,https://www.sobeys.com/en/products/panache-extra-virgin-olive-oil-1-l-20001907
CAN-FRESHCO-20001908,freshco,FreshCo,freshco.com,"Brentwood Village, Calgary",9842,AB - Calgary & Edmonton,T2P1J9,Pantry & Dry Staples,Oils,"Compliments Extra Virgin Olive Oil, 1 L",Compliments,1 L,12.86,12.86,NO,0.0,Regular Everyday Price,12.86,L,In Stock,2026-10-04T11:47:59.283169+00:00,Official freshco.com Web Storefront,2026-10-01T04:00:00+00:00,2026-10-08T03:59:59+00:00,https://freshco.com/products/compliments-extra-virgin-olive-oil-1-l-20001908
CAN-METRO-20001909,metro,Metro,metro.ca,Calgary Online Depot,8803,AB - Calgary & Edmonton,T2P1J9,Pantry & Dry Staples,Oils,"Irresistibles Extra Virgin Olive Oil, 1 L",Irresistibles,1 L,15.34,15.34,NO,0.0,Regular Everyday Price,15.34,L,In Stock,2026-10-04T11:48:12.052779+00:00,Official metro.ca Web Storefront,2026-10-01T04:00:00+00:00,2026-10-08T03:59:59+00:00,https://www.metro.ca/en/online-grocery/aisles/pantry-dry-staples/irresistibles-extra-virgin-olive-oil-1-l-p-20001909
CAN-FOODBASICS-20001910,foodbasics,Food Basics,foodbasics.ca,Calgary Online Depot,8804,AB - Calgary & Edmonton,T2P1J9,Pantry & Dry Staples,Oils,"Selection Extra Virgin Olive Oil, 1 L",Selection,1 L,12.86,13.56,YES,0.7,Always More For Less - Save $0.70,12.86,L,In Stock,2026-10-04T11:48:21.671356+00:00,Official foodbasics.ca Web Storefront,2026-10-01T04:00:00+00:00,2026-10-08T03:59:59+00:00,https://www.foodbasics.ca/aisles/pantry-dry-staples/selection-extra-virgin-olive-oil-1-l-p-20001910
CAN-SAVEON-20001911,saveon,Save-On,saveonfoods.com,"130th Ave SE, Calgary",4910,AB - Calgary & Edmonton,T2P1J9,Beverages,Coffee & Tea,"Western Family Medium Roast Ground Coffee, 925 g",Western Family,925 g,12.37,12.37,NO,0.0,Regular Everyday Price,1.34,100g,In Stock,2026-10-04T11:48:32.587812+00:00,Official saveonfoods.com Web Storefront,2026-10-01T04:00:00+00:00,2026-10-08T03:59:59+00:00,https://www.saveonfoods.com/sm/pickup/rsid/4910/product/western-family-medium-roast-ground-coffee-925-g-20001911
CAN-NOFRILLS-20001912,nofrills,No Frills,nofrills.ca,"Sunridge Mall, Calgary",3811,AB - Calgary & Edmonton,T2P1J9,Beverages,Coffee & Tea,"No Name Medium Roast Ground Coffee, 925 g",No Name,925 g,9.4,9.4,NO,0.0,Regular Everyday Price,1.02,100g,In Stock,2026-10-04T11:48:39.721086+00:00,Official nofrills.ca Web Storefront,2026-10-01T04:00:00+00:00,2026-10-08T03:59:59+00:00,https://www.nofrills.ca/en/no-name-medium-roast-ground-coffee-925-g/p/20001912_EA
CAN-WALMART-20001913,walmart,Walmart,walmart.ca,"Northland Village, Calgary",3026,AB - Calgary & Edmonton,T2P1J9,Beverages,Coffee & Tea,"Great Value Medium Roast Ground Coffee, 925 g",Great Value,925 g,9.38,9.38,NO,0.0,Regular Everyday Price,1.01,100g,In Stock,2026-10-04T11:48:46.617355+00:00,Official walmart.ca Web Storefront,2026-10-01T04:00:00+00:00,2026-10-08T03:59:59+00:00,https://www.walmart.ca/en/ip/great-value-medium-roast-ground-coffee-925-g/60000001913
CAN-TNT-20001914,tnt,T&T,tntsupermarket.com,"Pacific Place Mall, Calgary",006,AB - Calgary & Edmonton,T2P1J9,Beverages,Coffee & Tea,"Tim Hortons Medium Roast Ground Coffee, 925 g",Tim Hortons,925 g,11.76,11.76,NO,0.0,Regular Everyday Price,1.27,100g,In Stock,2026-10-04T11:48:59.712802+00:00,Official tntsupermarket.com Web Storefront,2026-10-01T04:00:00+00:00,2026-10-08T03:59:59+00:00,https://www.tntsupermarket.com/eng/2000191-tim-hortons-medium-roast-ground-coffee-925-g.html
CAN-LOBLAWS-20001915,loblaws,Loblaws,loblaws.ca,"Huntington / Superstore West, Calgary",1550,AB - Calgary & Edmonton,T2P1J9,Beverages,Coffee & Tea,"President's Choice Medium Roast Ground Coffee, 925 g",President's Choice,925 g,12.86,13.86,YES,1.0,PC Optimum Member Price - Save $1.00,1.39,100g,In Stock,2026-10-04T11:49:03.220030+00:00,Official loblaws.ca Web Storefront,2026-10-01T04:00:00+00:00,2026-10-08T03:59:59+00:00,https://www.loblaws.ca/en/presidents-choice-medium-roast-ground-coffee-925-g/p/20001915_EA
CAN-COSTCO-20001916,costco,Costco,costco.ca,"32nd Ave NE, Calgary",0258,AB - Calgary & Edmonton,T2P1J9,Beverages,Coffee & Tea,"Kirkland Signature Medium Roast Ground Coffee, 1.36 kg",Kirkland Signature,1.36 kg,18.8,18.8,NO,0.0,Regular Everyday Price,13.82,kg,In Stock,2026-10-04T11:49:15.838688+00:00,Official costco.ca Web Storefront,2026-10-01T04:00:00+00:00,2026-10-08T03:59:59+00:00,https://www.costco.ca/kirkland-signature-medium-roast-ground-coffee-136-kg.product.001916.html
CAN-SOBEYS-20001917,sobeys,Sobeys,sobeys.com,"Country Hills Blvd, Calgary",3118,AB - Calgary & Edmonton,T2P1J9,Beverages,Coffee & Tea,"Compliments Medium Roast Ground Coffee, 925 g",Compliments,925 g,12.86,12.86,NO,0.0,Regular Everyday Price,1.39,100g,In Stock,2026-10-04T11:49:25.779834+00:00,Official sobeys.com Web Storefront,2026-10-01T04:00:00+00:00,2026-10-08T03:59:59+00:00,https://www.sobeys.com/en/products/compliments-medium-roast-ground-coffee-925-g-20001917
CAN-FRESHCO-20001918,freshco,FreshCo,freshco.com,"Brentwood Village, Calgary",9842,AB - Calgary & Edmonton,T2P1J9,Beverages,Coffee & Tea,"Compliments Medium Roast Ground Coffee, 925 g",Compliments,925 g,9.4,9.4,NO,0.0,Regular Everyday Price,1.02,100g,In Stock,2026-10-04T11:49:39.274610+00:00,Official freshco.com Web Storefront,2026-10-01T04:00:00+00:00,2026-10-08T03:59:59+00:00,https://freshco.com/products/compliments-medium-roast-ground-coffee-925-g-20001918
CAN-METRO-20001919,metro,Metro,metro.ca,Calgary Online Depot,8803,AB - Calgary & Edmonton,T2P1J9,Beverages,Coffee & Tea,"Selection Medium Roast Ground Coffee, 925 g",Selection,925 g,11.87,11.87,NO,0.0,Regular Everyday Price,1.28,100g,In Stock,2026-10-04T11:49:47.176180+00:00,Official metro.ca Web Storefront,2026-10-01T04:00:00+00:00,2026-10-08T03:59:59+00:00,https://www.metro.ca/en/online-grocery/aisles/beverages/selection-medium-roast-ground-coffee-925-g-p-20001919
CAN-FOODBASICS-20001920,foodbasics,Food Basics,foodbasics.ca,Calgary Online Depot,8804,AB - Calgary & Edmonton,T2P1J9,Beverages,Coffee & Tea,"Selection Medium Roast Ground Coffee, 925 g",Selection,925 g,9.4,9.4,NO,0.0,Regular Everyday Price,1.02,100g,In Stock,2026-10-04T11:50:01.476495+00:00,Official foodbasics.ca Web Storefront,2026-10-01T04:00:00+00:00,2026-10-08T03:59:59+00:00,https://www.foodbasics.ca/aisles/beverages/selection-medium-roast-ground-coffee-925-g-p-20001920
CAN-SAVEON-20001921,saveon,Save-On,saveonfoods.com,"130th Ave SE, Calgary",4910,AB - Calgary & Edmonton,T2P1J9,Beverages,Juices,"Western Family Pure Orange Juice No Pulp, 2.5 L",Western Family,2.5 L,6.23,6.23,NO,0.0,Regular Everyday Price,2.49,L,In Stock,2026-10-04T11:50:09.910828+00:00,Official saveonfoods.com Web Storefront,2026-10-01T04:00:00+00:00,2026-10-08T03:59:59+00:00,https://www.saveonfoods.com/sm/pickup/rsid/4910/product/western-family-pure-orange-juice-no-pulp-25-l-20001921
CAN-NOFRILLS-20001922,nofrills,No Frills,nofrills.ca,"Sunridge Mall, Calgary",3811,AB - Calgary & Edmonton,T2P1J9,Beverages,Juices,"No Name Pure Orange Juice No Pulp, 2.5 L",No Name,2.5 L,4.94,4.94,NO,0.0,Regular Everyday Price,1.98,L,In Stock,2026-10-04T11:50:14.990660+00:00,Official nofrills.ca Web Storefront,2026-10-01T04:00:00+00:00,2026-10-08T03:59:59+00:00,https://www.nofrills.ca/en/no-name-pure-orange-juice-no-pulp-25-l/p/20001922_EA
CAN-WALMART-20001923,walmart,Walmart,walmart.ca,"Northland Village, Calgary",3026,AB - Calgary & Edmonton,T2P1J9,Beverages,Juices,"Great Value Pure Orange Juice No Pulp, 2.5 L",Great Value,2.5 L,4.92,5.89,YES,0.97,Rollback - Save $0.97,1.97,L,In Stock,2026-10-04T11:50:23.985879+00:00,Official walmart.ca Web Storefront,2026-10-01T04:00:00+00:00,2026-10-08T03:59:59+00:00,https://www.walmart.ca/en/ip/great-value-pure-orange-juice-no-pulp-25-l/60000001923
CAN-TNT-20001924,tnt,T&T,tntsupermarket.com,"Pacific Place Mall, Calgary",006,AB - Calgary & Edmonton,T2P1J9,Beverages,Juices,"Oasis Pure Orange Juice No Pulp, 2.5 L",Oasis,2.5 L,5.43,5.43,NO,0.0,Regular Everyday Price,2.17,L,In Stock,2026-10-04T11:50:38.758700+00:00,Official tntsupermarket.com Web Storefront,2026-10-01T04:00:00+00:00,2026-10-08T03:59:59+00:00,https://www.tntsupermarket.com/eng/2000192-oasis-pure-orange-juice-no-pulp-25-l.html
CAN-LOBLAWS-20001925,loblaws,Loblaws,loblaws.ca,"Huntington / Superstore West, Calgary",1550,AB - Calgary & Edmonton,T2P1J9,Beverages,Juices,"President's Choice Pure Orange Juice No Pulp, 2.5 L",President's Choice,2.5 L,6.43,7.93,YES,1.5,PC Optimum Member Price - Save $1.50,2.57,L,In Stock,2026-10-04T11:50:42.351786+00:00,Official loblaws.ca Web Storefront,2026-10-01T04:00:00+00:00,2026-10-08T03:59:59+00:00,https://www.loblaws.ca/en/presidents-choice-pure-orange-juice-no-pulp-25-l/p/20001925_EA
CAN-COSTCO-20001926,costco,Costco,costco.ca,"32nd Ave NE, Calgary",0258,AB - Calgary & Edmonton,T2P1J9,Beverages,Juices,"Kirkland Signature Pure Orange Juice No Pulp, 2 x 2.84 L",Kirkland Signature,2 x 2.84 L,9.89,13.89,YES,4.0,Instant Savings $4.00 Off at Checkout,3.48,L,In Stock,2026-10-04T11:50:55.527302+00:00,Official costco.ca Web Storefront,2026-10-01T04:00:00+00:00,2026-10-08T03:59:59+00:00,https://www.costco.ca/kirkland-signature-pure-orange-juice-no-pulp-2-x-284-l.product.001926.html
CAN-SOBEYS-20001927,sobeys,Sobeys,sobeys.com,"Country Hills Blvd, Calgary",3118,AB - Calgary & Edmonton,T2P1J9,Beverages,Juices,"Compliments Pure Orange Juice No Pulp, 2.5 L",Compliments,2.5 L,6.43,6.43,NO,0.0,Regular Everyday Price,2.57,L,In Stock,2026-10-04T11:51:06.569042+00:00,Official sobeys.com Web Storefront,2026-10-01T04:00:00+00:00,2026-10-08T03:59:59+00:00,https://www.sobeys.com/en/products/compliments-pure-orange-juice-no-pulp-25-l-20001927
CAN-FRESHCO-20001928,freshco,FreshCo,freshco.com,"Brentwood Village, Calgary",9842,AB - Calgary & Edmonton,T2P1J9,Beverages,Juices,"Compliments Pure Orange Juice No Pulp, 2.5 L",Compliments,2.5 L,4.94,5.54,YES,0.6,Price Match Guarantee Deal - Save $0.60,1.98,L,In Stock,2026-10-04T11:51:20.298131+00:00,Official freshco.com Web Storefront,2026-10-01T04:00:00+00:00,2026-10-08T03:59:59+00:00,https://freshco.com/products/compliments-pure-orange-juice-no-pulp-25-l-20001928
CAN-METRO-20001929,metro,Metro,metro.ca,Calgary Online Depot,8803,AB - Calgary & Edmonton,T2P1J9,Beverages,Juices,"Selection Pure Orange Juice No Pulp, 2.5 L",Selection,2.5 L,5.93,5.93,NO,0.0,Regular Everyday Price,2.37,L,In Stock,2026-10-04T11:51:26.777281+00:00,Official metro.ca Web Storefront,2026-10-01T04:00:00+00:00,2026-10-08T03:59:59+00:00,https://www.metro.ca/en/online-grocery/aisles/beverages/selection-pure-orange-juice-no-pulp-25-l-p-20001929
CAN-FOODBASICS-20001930,foodbasics,Food Basics,foodbasics.ca,Calgary Online Depot,8804,AB - Calgary & Edmonton,T2P1J9,Beverages,Juices,"Selection Pure Orange Juice No Pulp, 2.5 L",Selection,2.5 L,4.94,4.94,NO,0.0,Regular Everyday Price,1.98,L,In Stock,2026-10-04T11:51:35.918417+00:00,Official foodbasics.ca Web Storefront,2026-10-01T04:00:00+00:00,2026-10-08T03:59:59+00:00,https://www.foodbasics.ca/aisles/beverages/selection-pure-orange-juice-no-pulp-25-l-p-20001930
CAN-SAVEON-20001931,saveon,Save-On,saveonfoods.com,"130th Ave SE, Calgary",4910,AB - Calgary & Edmonton,T2P1J9,Frozen Foods,Frozen Fruit,"Western Family Frozen Wild Blueberries, 600 g",Western Family,600 g,5.73,5.73,NO,0.0,Regular Everyday Price,0.96,100g,In Stock,2026-10-04T11:51:40.007846+00:00,Official saveonfoods.com Web Storefront,2026-10-01T04:00:00+00:00,2026-10-08T03:59:59+00:00,https://www.saveonfoods.com/sm/pickup/rsid/4910/product/western-family-frozen-wild-blueberries-600-g-20001931
CAN-NOFRILLS-20001932,nofrills,No Frills,nofrills.ca,"Sunridge Mall, Calgary",3811,AB - Calgary & Edmonton,T2P1J9,Frozen Foods,Frozen Fruit,"No Name Frozen Wild Blueberries, 600 g",No Name,600 g,4.45,4.45,NO,0.0,Regular Everyday Price,0.74,100g,In Stock,2026-10-04T11:51:47.556212+00:00,Official nofrills.ca Web Storefront,2026-10-01T04:00:00+00:00,2026-10-08T03:59:59+00:00,https://www.nofrills.ca/en/no-name-frozen-wild-blueberries-600-g/p/20001932_EA
CAN-WALMART-20001933,walmart,Walmart,walmart.ca,"Northland Village, Calgary",3026,AB - Calgary & Edmonton,T2P1J9,Frozen Foods,Frozen Fruit,"Great Value Frozen Wild Blueberries, 600 g",Great Value,600 g,4.43,6.43,YES,2.0,Rollback - Save $2.00,0.74,100g,In Stock,2026-10-04T11:51:58.367269+00:00,Official walmart.ca Web Storefront,2026-10-01T04:00:00+00:00,2026-10-08T03:59:59+00:00,https://www.walmart.ca/en/ip/great-value-frozen-wild-blueberries-600-g/60000001933
CAN-TNT-20001934,tnt,T&T,tntsupermarket.com,"Pacific Place Mall, Calgary",006,AB - Calgary & Edmonton,T2P1J9,Frozen Foods,Frozen Fruit,"T&T Brand Frozen Wild Blueberries, 600 g",T&T Brand,600 g,4.93,4.93,NO,0.0,Regular Everyday Price,0.82,100g,In Stock,2026-10-04T11:52:11.255573+00:00,Official tntsupermarket.com Web Storefront,2026-10-01T04:00:00+00:00,2026-10-08T03:59:59+00:00,https://www.tntsupermarket.com/eng/2000193-tt-brand-frozen-wild-blueberries-600-g.html
CAN-LOBLAWS-20001935,loblaws,Loblaws,loblaws.ca,"Huntington / Superstore West, Calgary",1550,AB - Calgary & Edmonton,T2P1J9,Frozen Foods,Frozen Fruit,"PC Blue Menu Frozen Wild Blueberries, 600 g",PC Blue Menu,600 g,5.93,5.93,NO,0.0,Regular Everyday Price,0.99,100g,In Stock,2026-10-04T11:52:20.365057+00:00,Official loblaws.ca Web Storefront,2026-10-01T04:00:00+00:00,2026-10-08T03:59:59+00:00,https://www.loblaws.ca/en/pc-blue-menu-frozen-wild-blueberries-600-g/p/20001935_EA
CAN-COSTCO-20001936,costco,Costco,costco.ca,"32nd Ave NE, Calgary",0258,AB - Calgary & Edmonton,T2P1J9,Frozen Foods,Frozen Fruit,"Kirkland Signature Frozen Wild Blueberries, 2 kg",Kirkland Signature,2 kg,12.86,17.86,YES,5.0,Instant Savings $5.00 Off at Checkout,6.43,kg,In Stock,2026-10-04T11:52:30.668154+00:00,Official costco.ca Web Storefront,2026-10-01T04:00:00+00:00,2026-10-08T03:59:59+00:00,https://www.costco.ca/kirkland-signature-frozen-wild-blueberries-2-kg.product.001936.html
CAN-SOBEYS-20001937,sobeys,Sobeys,sobeys.com,"Country Hills Blvd, Calgary",3118,AB - Calgary & Edmonton,T2P1J9,Frozen Foods,Frozen Fruit,"Compliments Frozen Wild Blueberries, 600 g",Compliments,600 g,5.93,5.93,NO,0.0,Regular Everyday Price,0.99,100g,In Stock,2026-10-04T11:52:37.022212+00:00,Official sobeys.com Web Storefront,2026-10-01T04:00:00+00:00,2026-10-08T03:59:59+00:00,https://www.sobeys.com/en/products/compliments-frozen-wild-blueberries-600-g-20001937
CAN-FRESHCO-20001938,freshco,FreshCo,freshco.com,"Brentwood Village, Calgary",9842,AB - Calgary & Edmonton,T2P1J9,Frozen Foods,Frozen Fruit,"Compliments Frozen Wild Blueberries, 600 g",Compliments,600 g,4.45,4.45,NO,0.0,Regular Everyday Price,0.74,100g,In Stock,2026-10-04T11:52:49.742427+00:00,Official freshco.com Web Storefront,2026-10-01T04:00:00+00:00,2026-10-08T03:59:59+00:00,https://freshco.com/products/compliments-frozen-wild-blueberries-600-g-20001938
CAN-METRO-20001939,metro,Metro,metro.ca,Calgary Online Depot,8803,AB - Calgary & Edmonton,T2P1J9,Frozen Foods,Frozen Fruit,"Irresistibles Frozen Wild Blueberries, 600 g",Irresistibles,600 g,5.44,5.44,NO,0.0,Regular Everyday Price,0.91,100g,In Stock,2026-10-04T11:53:03.823756+00:00,Official metro.ca Web Storefront,2026-10-01T04:00:00+00:00,2026-10-08T03:59:59+00:00,https://www.metro.ca/en/online-grocery/aisles/frozen-foods/irresistibles-frozen-wild-blueberries-600-g-p-20001939
CAN-FOODBASICS-20001940,foodbasics,Food Basics,foodbasics.ca,Calgary Online Depot,8804,AB - Calgary & Edmonton,T2P1J9,Frozen Foods,Frozen Fruit,"Selection Frozen Wild Blueberries, 600 g",Selection,600 g,4.45,4.45,NO,0.0,Regular Everyday Price,0.74,100g,In Stock,2026-10-04T11:53:11.684512+00:00,Official foodbasics.ca Web Storefront,2026-10-01T04:00:00+00:00,2026-10-08T03:59:59+00:00,https://www.foodbasics.ca/aisles/frozen-foods/selection-frozen-wild-blueberries-600-g-p-20001940
CAN-SAVEON-20001941,saveon,Save-On,saveonfoods.com,"130th Ave SE, Calgary",4910,AB - Calgary & Edmonton,T2P1J9,Frozen Foods,Frozen Meals,"Western Family Deluxe Rising Crust Frozen Pizza, 780 g",Western Family,780 g,7.22,8.22,YES,1.0,Save $1.00 With More Rewards Card,0.93,100g,In Stock,2026-10-04T11:53:21.878497+00:00,Official saveonfoods.com Web Storefront,2026-10-01T04:00:00+00:00,2026-10-08T03:59:59+00:00,https://www.saveonfoods.com/sm/pickup/rsid/4910/product/western-family-deluxe-rising-crust-frozen-pizza-780-g-20001941
CAN-NOFRILLS-20001942,nofrills,No Frills,nofrills.ca,"Sunridge Mall, Calgary",3811,AB - Calgary & Edmonton,T2P1J9,Frozen Foods,Frozen Meals,"No Name Deluxe Rising Crust Frozen Pizza, 780 g",No Name,780 g,4.94,4.94,NO,0.0,Regular Everyday Price,0.63,100g,In Stock,2026-10-04T11:53:30.965861+00:00,Official nofrills.ca Web Storefront,2026-10-01T04:00:00+00:00,2026-10-08T03:59:59+00:00,https://www.nofrills.ca/en/no-name-deluxe-rising-crust-frozen-pizza-780-g/p/20001942_EA
CAN-WALMART-20001943,walmart,Walmart,walmart.ca,"Northland Village, Calgary",3026,AB - Calgary & Edmonton,T2P1J9,Frozen Foods,Frozen Meals,"Great Value Deluxe Rising Crust Frozen Pizza, 780 g",Great Value,780 g,4.92,6.12,YES,1.2,Rollback - Save $1.20,0.63,100g,In Stock,2026-10-04T11:53:42.117278+00:00,Official walmart.ca Web Storefront,2026-10-01T04:00:00+00:00,2026-10-08T03:59:59+00:00,https://www.walmart.ca/en/ip/great-value-deluxe-rising-crust-frozen-pizza-780-g/60000001943
CAN-TNT-20001944,tnt,T&T,tntsupermarket.com,"Pacific Place Mall, Calgary",006,AB - Calgary & Edmonton,T2P1J9,Frozen Foods,Frozen Meals,"Dr. Oetker Deluxe Rising Crust Frozen Pizza, 780 g",Dr. Oetker,780 g,6.81,7.92,YES,1.11,Weekly Feature Special - Save $1.11,0.87,100g,In Stock,2026-10-04T11:53:52.127767+00:00,Official tntsupermarket.com Web Storefront,2026-10-01T04:00:00+00:00,2026-10-08T03:59:59+00:00,https://www.tntsupermarket.com/eng/2000194-dr-oetker-deluxe-rising-crust-frozen-pizza-780-g.html
CAN-LOBLAWS-20001945,loblaws,Loblaws,loblaws.ca,"Huntington / Superstore West, Calgary",1550,AB - Calgary & Edmonton,T2P1J9,Frozen Foods,Frozen Meals,"President's Choice Deluxe Rising Crust Frozen Pizza, 780 g",President's Choice,780 g,7.42,8.17,YES,0.75,PC Optimum Member Price - Save $0.75,0.95,100g,In Stock,2026-10-04T11:54:06.850598+00:00,Official loblaws.ca Web Storefront,2026-10-01T04:00:00+00:00,2026-10-08T03:59:59+00:00,https://www.loblaws.ca/en/presidents-choice-deluxe-rising-crust-frozen-pizza-780-g/p/20001945_EA
CAN-COSTCO-20001946,costco,Costco,costco.ca,"32nd Ave NE, Calgary",0258,AB - Calgary & Edmonton,T2P1J9,Frozen Foods,Frozen Meals,"Delissio / Kirkland Deluxe Rising Crust Frozen Pizza, 4 pack",Delissio / Kirkland,4 pack,16.82,16.82,NO,0.0,Regular Everyday Price,4.21,each,In Stock,2026-10-04T11:54:10.570334+00:00,Official costco.ca Web Storefront,2026-10-01T04:00:00+00:00,2026-10-08T03:59:59+00:00,https://www.costco.ca/delissio-kirkland-deluxe-rising-crust-frozen-pizza-4-pack.product.001946.html
CAN-SOBEYS-20001947,sobeys,Sobeys,sobeys.com,"Country Hills Blvd, Calgary",3118,AB - Calgary & Edmonton,T2P1J9,Frozen Foods,Frozen Meals,"Compliments Deluxe Rising Crust Frozen Pizza, 780 g",Compliments,780 g,7.42,7.42,NO,0.0,Regular Everyday Price,0.95,100g,In Stock,2026-10-04T11:54:21.152515+00:00,Official sobeys.com Web Storefront,2026-10-01T04:00:00+00:00,2026-10-08T03:59:59+00:00,https://www.sobeys.com/en/products/compliments-deluxe-rising-crust-frozen-pizza-780-g-20001947
CAN-FRESHCO-20001948,freshco,FreshCo,freshco.com,"Brentwood Village, Calgary",9842,AB - Calgary & Edmonton,T2P1J9,Frozen Foods,Frozen Meals,"Compliments Deluxe Rising Crust Frozen Pizza, 780 g",Compliments,780 g,4.94,4.94,NO,0.0,Regular Everyday Price,0.63,100g,In Stock,2026-10-04T11:54:34.651737+00:00,Official freshco.com Web Storefront,2026-10-01T04:00:00+00:00,2026-10-08T03:59:59+00:00,https://freshco.com/products/compliments-deluxe-rising-crust-frozen-pizza-780-g-20001948
CAN-METRO-20001949,metro,Metro,metro.ca,Calgary Online Depot,8803,AB - Calgary & Edmonton,T2P1J9,Frozen Foods,Frozen Meals,"Selection Deluxe Rising Crust Frozen Pizza, 780 g",Selection,780 g,6.92,6.92,NO,0.0,Regular Everyday Price,0.89,100g,In Stock,2026-10-04T11:54:40.690799+00:00,Official metro.ca Web Storefront,2026-10-01T04:00:00+00:00,2026-10-08T03:59:59+00:00,https://www.metro.ca/en/online-grocery/aisles/frozen-foods/selection-deluxe-rising-crust-frozen-pizza-780-g-p-20001949
CAN-FOODBASICS-20001950,foodbasics,Food Basics,foodbasics.ca,Calgary Online Depot,8804,AB - Calgary & Edmonton,T2P1J9,Frozen Foods,Frozen Meals,"Selection Deluxe Rising Crust Frozen Pizza, 780 g",Selection,780 g,4.94,4.94,NO,0.0,Regular Everyday Price,0.63,100g,In Stock,2026-10-04T11:54:48.181490+00:00,Official foodbasics.ca Web Storefront,2026-10-01T04:00:00+00:00,2026-10-08T03:59:59+00:00,https://www.foodbasics.ca/aisles/frozen-foods/selection-deluxe-rising-crust-frozen-pizza-780-g-p-20001950
CAN-SAVEON-20001951,saveon,Save-On,saveonfoods.com,"130th Ave SE, Calgary",4910,AB - Calgary & Edmonton,T2P1J9,Snacks & Treats,Chips & Snacks,"Western Family Classic Sea Salt Potato Chips, 200 g",Western Family,200 g,3.16,3.16,NO,0.0,Regular Everyday Price,1.58,100g,In Stock,2026-10-04T11:54:53.509913+00:00,Official saveonfoods.com Web Storefront,2026-10-01T04:00:00+00:00,2026-10-08T03:59:59+00:00,https://www.saveonfoods.com/sm/pickup/rsid/4910/product/western-family-classic-sea-salt-potato-chips-200-g-20001951
CAN-NOFRILLS-20001952,nofrills,No Frills,nofrills.ca,"Sunridge Mall, Calgary",3811,AB - Calgary & Edmonton,T2P1J9,Snacks & Treats,Chips & Snacks,"No Name Classic Sea Salt Potato Chips, 200 g",No Name,200 g,1.97,1.97,NO,0.0,Regular Everyday Price,0.98,100g,In Stock,2026-10-04T11:55:07.224570+00:00,Official nofrills.ca Web Storefront,2026-10-01T04:00:00+00:00,2026-10-08T03:59:59+00:00,https://www.nofrills.ca/en/no-name-classic-sea-salt-potato-chips-200-g/p/20001952_EA
CAN-WALMART-20001953,walmart,Walmart,walmart.ca,"Northland Village, Calgary",3026,AB - Calgary & Edmonton,T2P1J9,Snacks & Treats,Chips & Snacks,"Great Value Classic Sea Salt Potato Chips, 200 g",Great Value,200 g,1.95,1.95,NO,0.0,Regular Everyday Price,0.97,100g,In Stock,2026-10-04T11:55:13.800067+00:00,Official walmart.ca Web Storefront,2026-10-01T04:00:00+00:00,2026-10-08T03:59:59+00:00,https://www.walmart.ca/en/ip/great-value-classic-sea-salt-potato-chips-200-g/60000001953
CAN-TNT-20001954,tnt,T&T,tntsupermarket.com,"Pacific Place Mall, Calgary",006,AB - Calgary & Edmonton,T2P1J9,Snacks & Treats,Chips & Snacks,"Calbee / T&T Classic Sea Salt Potato Chips, 200 g",Calbee / T&T,200 g,2.65,3.76,YES,1.11,Weekly Feature Special - Save $1.11,1.32,100g,In Stock,2026-10-04T11:55:27.572711+00:00,Official tntsupermarket.com Web Storefront,2026-10-01T04:00:00+00:00,2026-10-08T03:59:59+00:00,https://www.tntsupermarket.com/eng/2000195-calbee-tt-classic-sea-salt-potato-chips-200-g.html
CAN-LOBLAWS-20001955,loblaws,Loblaws,loblaws.ca,"Huntington / Superstore West, Calgary",1550,AB - Calgary & Edmonton,T2P1J9,Snacks & Treats,Chips & Snacks,"President's Choice Loads Of Classic Sea Salt Potato Chips, 200 g",President's Choice Loads Of,200 g,3.46,3.46,NO,0.0,Regular Everyday Price,1.73,100g,In Stock,2026-10-04T11:55:41.971051+00:00,Official loblaws.ca Web Storefront,2026-10-01T04:00:00+00:00,2026-10-08T03:59:59+00:00,https://www.loblaws.ca/en/presidents-choice-loads-of-classic-sea-salt-potato-chips-200-g/p/20001955_EA
CAN-COSTCO-20001956,costco,Costco,costco.ca,"32nd Ave NE, Calgary",0258,AB - Calgary & Edmonton,T2P1J9,Snacks & Treats,Chips & Snacks,"Kirkland Signature Classic Sea Salt Potato Chips, 907 g",Kirkland Signature,907 g,6.92,6.92,NO,0.0,Regular Everyday Price,0.76,100g,In Stock,2026-10-04T11:55:46.722025+00:00,Official costco.ca Web Storefront,2026-10-01T04:00:00+00:00,2026-10-08T03:59:59+00:00,https://www.costco.ca/kirkland-signature-classic-sea-salt-potato-chips-907-g.product.001956.html
CAN-SOBEYS-20001957,sobeys,Sobeys,sobeys.com,"Country Hills Blvd, Calgary",3118,AB - Calgary & Edmonton,T2P1J9,Snacks & Treats,Chips & Snacks,"Compliments Classic Sea Salt Potato Chips, 200 g",Compliments,200 g,3.46,3.46,NO,0.0,Regular Everyday Price,1.73,100g,In Stock,2026-10-04T11:55:57.554647+00:00,Official sobeys.com Web Storefront,2026-10-01T04:00:00+00:00,2026-10-08T03:59:59+00:00,https://www.sobeys.com/en/products/compliments-classic-sea-salt-potato-chips-200-g-20001957
CAN-FRESHCO-20001958,freshco,FreshCo,freshco.com,"Brentwood Village, Calgary",9842,AB - Calgary & Edmonton,T2P1J9,Snacks & Treats,Chips & Snacks,"Compliments Classic Sea Salt Potato Chips, 200 g",Compliments,200 g,1.97,2.57,YES,0.6,Price Match Guarantee Deal - Save $0.60,0.98,100g,In Stock,2026-10-04T11:56:05.795186+00:00,Official freshco.com Web Storefront,2026-10-01T04:00:00+00:00,2026-10-08T03:59:59+00:00,https://freshco.com/products/compliments-classic-sea-salt-potato-chips-200-g-20001958
CAN-METRO-20001959,metro,Metro,metro.ca,Calgary Online Depot,8803,AB - Calgary & Edmonton,T2P1J9,Snacks & Treats,Chips & Snacks,"Selection Classic Sea Salt Potato Chips, 200 g",Selection,200 g,2.96,2.96,NO,0.0,Regular Everyday Price,1.48,100g,In Stock,2026-10-04T11:56:15.153683+00:00,Official metro.ca Web Storefront,2026-10-01T04:00:00+00:00,2026-10-08T03:59:59+00:00,https://www.metro.ca/en/online-grocery/aisles/snacks-treats/selection-classic-sea-salt-potato-chips-200-g-p-20001959
CAN-FOODBASICS-20001960,foodbasics,Food Basics,foodbasics.ca,Calgary Online Depot,8804,AB - Calgary & Edmonton,T2P1J9,Snacks & Treats,Chips & Snacks,"Selection Classic Sea Salt Potato Chips, 200 g",Selection,200 g,1.97,1.97,NO,0.0,Regular Everyday Price,0.98,100g,In Stock,2026-10-04T11:56:22.939276+00:00,Official foodbasics.ca Web Storefront,2026-10-01T04:00:00+00:00,2026-10-08T03:59:59+00:00,https://www.foodbasics.ca/aisles/snacks-treats/selection-classic-sea-salt-potato-chips-200-g-p-20001960
CAN-SAVEON-20001961,saveon,Save-On,saveonfoods.com,"130th Ave SE, Calgary",4910,AB - Calgary & Edmonton,T2P1J9,Household & Essentials,Paper Products,"Western Family Ultra Paper Towels, 6 jumbo rolls",Western Family,6 jumbo rolls,13.36,14.36,YES,1.0,Save $1.00 With More Rewards Card,13.36,each,In Stock,2026-10-04T11:56:30.090264+00:00,Official saveonfoods.com Web Storefront,2026-10-01T04:00:00+00:00,2026-10-08T03:59:59+00:00,https://www.saveonfoods.com/sm/pickup/rsid/4910/product/western-family-ultra-paper-towels-6-jumbo-rolls-20001961
CAN-NOFRILLS-20001962,nofrills,No Frills,nofrills.ca,"Sunridge Mall, Calgary",3811,AB - Calgary & Edmonton,T2P1J9,Household & Essentials,Paper Products,"No Name Ultra Paper Towels, 6 jumbo rolls",No Name,6 jumbo rolls,9.89,9.89,NO,0.0,Regular Everyday Price,9.89,each,In Stock,2026-10-04T11:56:44.656333+00:00,Official nofrills.ca Web Storefront,2026-10-01T04:00:00+00:00,2026-10-08T03:59:59+00:00,https://www.nofrills.ca/en/no-name-ultra-paper-towels-6-jumbo-rolls/p/20001962_EA
CAN-WALMART-20001963,walmart,Walmart,walmart.ca,"Northland Village, Calgary",3026,AB - Calgary & Edmonton,T2P1J9,Household & Essentials,Paper Products,"Great Value Ultra Paper Towels, 6 jumbo rolls",Great Value,6 jumbo rolls,9.87,11.87,YES,2.0,Rollback - Save $2.00,9.87,each,In Stock,2026-10-04T11:56:53.848628+00:00,Official walmart.ca Web Storefront,2026-10-01T04:00:00+00:00,2026-10-08T03:59:59+00:00,https://www.walmart.ca/en/ip/great-value-ultra-paper-towels-6-jumbo-rolls/60000001963
CAN-TNT-20001964,tnt,T&T,tntsupermarket.com,"Pacific Place Mall, Calgary",006,AB - Calgary & Edmonton,T2P1J9,Household & Essentials,Paper Products,"Royale Ultra Paper Towels, 6 jumbo rolls",Royale,6 jumbo rolls,12.75,12.75,NO,0.0,Regular Everyday Price,12.75,each,In Stock,2026-10-04T11:56:57.709954+00:00,Official tntsupermarket.com Web Storefront,2026-10-01T04:00:00+00:00,2026-10-08T03:59:59+00:00,https://www.tntsupermarket.com/eng/2000196-royale-ultra-paper-towels-6-jumbo-rolls.html
CAN-LOBLAWS-20001965,loblaws,Loblaws,loblaws.ca,"Huntington / Superstore West, Calgary",1550,AB - Calgary & Edmonton,T2P1J9,Household & Essentials,Paper Products,"PC Green Ultra Paper Towels, 6 jumbo rolls",PC Green,6 jumbo rolls,14.35,14.35,NO,0.0,Regular Everyday Price,14.35,each,In Stock,2026-10-04T11:57:02.721903+00:00,Official loblaws.ca Web Storefront,2026-10-01T04:00:00+00:00,2026-10-08T03:59:59+00:00,https://www.loblaws.ca/en/pc-green-ultra-paper-towels-6-jumbo-rolls/p/20001965_EA
CAN-COSTCO-20001966,costco,Costco,costco.ca,"32nd Ave NE, Calgary",0258,AB - Calgary & Edmonton,T2P1J9,Household & Essentials,Paper Products,"Kirkland Signature Ultra Paper Towels, 12 jumbo rolls",Kirkland Signature,12 jumbo rolls,34.64,38.14,YES,3.5,Instant Savings $3.50 Off at Checkout,34.64,each,In Stock,2026-10-04T11:57:07.462621+00:00,Official costco.ca Web Storefront,2026-10-01T04:00:00+00:00,2026-10-08T03:59:59+00:00,https://www.costco.ca/kirkland-signature-ultra-paper-towels-12-jumbo-rolls.product.001966.html
CAN-SOBEYS-20001967,sobeys,Sobeys,sobeys.com,"Country Hills Blvd, Calgary",3118,AB - Calgary & Edmonton,T2P1J9,Household & Essentials,Paper Products,"Compliments Ultra Paper Towels, 6 jumbo rolls",Compliments,6 jumbo rolls,14.35,14.35,NO,0.0,Regular Everyday Price,14.35,each,In Stock,2026-10-04T11:57:17.913172+00:00,Official sobeys.com Web Storefront,2026-10-01T04:00:00+00:00,2026-10-08T03:59:59+00:00,https://www.sobeys.com/en/products/compliments-ultra-paper-towels-6-jumbo-rolls-20001967
CAN-FRESHCO-20001968,freshco,FreshCo,freshco.com,"Brentwood Village, Calgary",9842,AB - Calgary & Edmonton,T2P1J9,Household & Essentials,Paper Products,"Compliments Ultra Paper Towels, 6 jumbo rolls",Compliments,6 jumbo rolls,9.89,9.89,NO,0.0,Regular Everyday Price,9.89,each,In Stock,2026-10-04T11:57:27.066158+00:00,Official freshco.com Web Storefront,2026-10-01T04:00:00+00:00,2026-10-08T03:59:59+00:00,https://freshco.com/products/compliments-ultra-paper-towels-6-jumbo-rolls-20001968
CAN-METRO-20001969,metro,Metro,metro.ca,Calgary Online Depot,8803,AB - Calgary & Edmonton,T2P1J9,Household & Essentials,Paper Products,"Selection Ultra Paper Towels, 6 jumbo rolls",Selection,6 jumbo rolls,12.86,12.86,NO,0.0,Regular Everyday Price,12.86,each,In Stock,2026-10-04T11:57:34.485849+00:00,Official metro.ca Web Storefront,2026-10-01T04:00:00+00:00,2026-10-08T03:59:59+00:00,https://www.metro.ca/en/online-grocery/aisles/household-essentials/selection-ultra-paper-towels-6-jumbo-rolls-p-20001969
CAN-FOODBASICS-20001970,foodbasics,Food Basics,foodbasics.ca,Calgary Online Depot,8804,AB - Calgary & Edmonton,T2P1J9,Household & Essentials,Paper Products,"Selection Ultra Paper Towels, 6 jumbo rolls",Selection,6 jumbo rolls,9.89,9.89,NO,0.0,Regular Everyday Price,9.89,each,In Stock,2026-10-04T11:57:42.879277+00:00,Official foodbasics.ca Web Storefront,2026-10-01T04:00:00+00:00,2026-10-08T03:59:59+00:00,https://www.foodbasics.ca/aisles/household-essentials/selection-ultra-paper-towels-6-jumbo-rolls-p-20001970
CAN-SAVEON-20001971,saveon,Save-On,saveonfoods.com,"130th Ave SE, Calgary",4910,AB - Calgary & Edmonton,T2P1J9,Household & Essentials,Paper Products,"Western Family 2-Ply Bathroom Tissue, 12 double rolls",Western Family,12 double rolls,12.37,12.37,NO,0.0,Regular Everyday Price,12.37,each,In Stock,2026-10-04T11:57:50.355624+00:00,Official saveonfoods.com Web Storefront,2026-10-01T04:00:00+00:00,2026-10-08T03:59:59+00:00,https://www.saveonfoods.com/sm/pickup/rsid/4910/product/western-family-2-ply-bathroom-tissue-12-double-rolls-20001971
CAN-NOFRILLS-20001972,nofrills,No Frills,nofrills.ca,"Sunridge Mall, Calgary",3811,AB - Calgary & Edmonton,T2P1J9,Household & Essentials,Paper Products,"No Name 2-Ply Bathroom Tissue, 12 double rolls",No Name,12 double rolls,8.9,8.9,NO,0.0,Regular Everyday Price,8.9,each,In Stock,2026-10-04T11:58:03.957625+00:00,Official nofrills.ca Web Storefront,2026-10-01T04:00:00+00:00,2026-10-08T03:59:59+00:00,https://www.nofrills.ca/en/no-name-2-ply-bathroom-tissue-12-double-rolls/p/20001972_EA
CAN-WALMART-20001973,walmart,Walmart,walmart.ca,"Northland Village, Calgary",3026,AB - Calgary & Edmonton,T2P1J9,Household & Essentials,Paper Products,"Great Value 2-Ply Bathroom Tissue, 12 double rolls",Great Value,12 double rolls,8.88,8.88,NO,0.0,Regular Everyday Price,8.88,each,In Stock,2026-10-04T11:58:12.924080+00:00,Official walmart.ca Web Storefront,2026-10-01T04:00:00+00:00,2026-10-08T03:59:59+00:00,https://www.walmart.ca/en/ip/great-value-2-ply-bathroom-tissue-12-double-rolls/60000001973
CAN-TNT-20001974,tnt,T&T,tntsupermarket.com,"Pacific Place Mall, Calgary",006,AB - Calgary & Edmonton,T2P1J9,Household & Essentials,Paper Products,"Cashmere 2-Ply Bathroom Tissue, 12 double rolls",Cashmere,12 double rolls,11.37,11.37,NO,0.0,Regular Everyday Price,11.37,each,In Stock,2026-10-04T11:58:17.661419+00:00,Official tntsupermarket.com Web Storefront,2026-10-01T04:00:00+00:00,2026-10-08T03:59:59+00:00,https://www.tntsupermarket.com/eng/2000197-cashmere-2-ply-bathroom-tissue-12-double-rolls.html
CAN-LOBLAWS-20001975,loblaws,Loblaws,loblaws.ca,"Huntington / Superstore West, Calgary",1550,AB - Calgary & Edmonton,T2P1J9,Household & Essentials,Paper Products,"President's Choice 2-Ply Bathroom Tissue, 12 double rolls",President's Choice,12 double rolls,13.36,13.36,NO,0.0,Regular Everyday Price,13.36,each,In Stock,2026-10-04T11:58:21.299640+00:00,Official loblaws.ca Web Storefront,2026-10-01T04:00:00+00:00,2026-10-08T03:59:59+00:00,https://www.loblaws.ca/en/presidents-choice-2-ply-bathroom-tissue-12-double-rolls/p/20001975_EA
CAN-COSTCO-20001976,costco,Costco,costco.ca,"32nd Ave NE, Calgary",0258,AB - Calgary & Edmonton,T2P1J9,Household & Essentials,Paper Products,"Kirkland Signature 2-Ply Bathroom Tissue, 30 rolls / 380 sheets",Kirkland Signature,30 rolls / 380 sheets,24.74,28.24,YES,3.5,Instant Savings $3.50 Off at Checkout,0.82,each,In Stock,2026-10-04T11:58:26.501390+00:00,Official costco.ca Web Storefront,2026-10-01T04:00:00+00:00,2026-10-08T03:59:59+00:00,https://www.costco.ca/kirkland-signature-2-ply-bathroom-tissue-30-rolls-380-sheets.product.001976.html
CAN-SOBEYS-20001977,sobeys,Sobeys,sobeys.com,"Country Hills Blvd, Calgary",3118,AB - Calgary & Edmonton,T2P1J9,Household & Essentials,Paper Products,"Compliments 2-Ply Bathroom Tissue, 12 double rolls",Compliments,12 double rolls,13.36,13.36,NO,0.0,Regular Everyday Price,13.36,each,In Stock,2026-10-04T11:58:31.441822+00:00,Official sobeys.com Web Storefront,2026-10-01T04:00:00+00:00,2026-10-08T03:59:59+00:00,https://www.sobeys.com/en/products/compliments-2-ply-bathroom-tissue-12-double-rolls-20001977
CAN-FRESHCO-20001978,freshco,FreshCo,freshco.com,"Brentwood Village, Calgary",9842,AB - Calgary & Edmonton,T2P1J9,Household & Essentials,Paper Products,"Compliments 2-Ply Bathroom Tissue, 12 double rolls",Compliments,12 double rolls,8.9,8.9,NO,0.0,Regular Everyday Price,8.9,each,In Stock,2026-10-04T11:58:37.909001+00:00,Official freshco.com Web Storefront,2026-10-01T04:00:00+00:00,2026-10-08T03:59:59+00:00,https://freshco.com/products/compliments-2-ply-bathroom-tissue-12-double-rolls-20001978
CAN-METRO-20001979,metro,Metro,metro.ca,Calgary Online Depot,8803,AB - Calgary & Edmonton,T2P1J9,Household & Essentials,Paper Products,"Selection 2-Ply Bathroom Tissue, 12 double rolls",Selection,12 double rolls,11.87,13.17,YES,1.3,Weekly Flyer Special - Save $1.30,11.87,each,In Stock,2026-10-04T11:58:46.447101+00:00,Official metro.ca Web Storefront,2026-10-01T04:00:00+00:00,2026-10-08T03:59:59+00:00,https://www.metro.ca/en/online-grocery/aisles/household-essentials/selection-2-ply-bathroom-tissue-12-double-rolls-p-20001979
CAN-FOODBASICS-20001980,foodbasics,Food Basics,foodbasics.ca,Calgary Online Depot,8804,AB - Calgary & Edmonton,T2P1J9,Household & Essentials,Paper Products,"Selection 2-Ply Bathroom Tissue, 12 double rolls",Selection,12 double rolls,8.9,9.4,YES,0.5,Always More For Less - Save $0.50,8.9,each,In Stock,2026-10-04T11:58:53.562352+00:00,Official foodbasics.ca Web Storefront,2026-10-01T04:00:00+00:00,2026-10-08T03:59:59+00:00,https://www.foodbasics.ca/aisles/household-essentials/selection-2-ply-bathroom-tissue-12-double-rolls-p-20001980
CAN-SAVEON-20001981,saveon,Save-On,saveonfoods.com,"130th Ave SE, Calgary",4910,AB - Calgary & Edmonton,T2P1J9,Household & Essentials,Cleaning,"Western Family Liquid Laundry Detergent, 4.08 L",Western Family,4.08 L,15.34,15.34,NO,0.0,Regular Everyday Price,3.76,L,In Stock,2026-10-04T11:59:01.501568+00:00,Official saveonfoods.com Web Storefront,2026-10-01T04:00:00+00:00,2026-10-08T03:59:59+00:00,https://www.saveonfoods.com/sm/pickup/rsid/4910/product/western-family-liquid-laundry-detergent-408-l-20001981
CAN-NOFRILLS-20001982,nofrills,No Frills,nofrills.ca,"Sunridge Mall, Calgary",3811,AB - Calgary & Edmonton,T2P1J9,Household & Essentials,Cleaning,"No Name Liquid Laundry Detergent, 4.08 L",No Name,4.08 L,11.87,12.87,YES,1.0,Hit of the Month - Rollback $1.00,2.91,L,In Stock,2026-10-04T11:59:10.255216+00:00,Official nofrills.ca Web Storefront,2026-10-01T04:00:00+00:00,2026-10-08T03:59:59+00:00,https://www.nofrills.ca/en/no-name-liquid-laundry-detergent-408-l/p/20001982_EA
CAN-WALMART-20001983,walmart,Walmart,walmart.ca,"Northland Village, Calgary",3026,AB - Calgary & Edmonton,T2P1J9,Household & Essentials,Cleaning,"Great Value Liquid Laundry Detergent, 4.08 L",Great Value,4.08 L,11.85,11.85,NO,0.0,Regular Everyday Price,2.9,L,In Stock,2026-10-04T11:59:15.455087+00:00,Official walmart.ca Web Storefront,2026-10-01T04:00:00+00:00,2026-10-08T03:59:59+00:00,https://www.walmart.ca/en/ip/great-value-liquid-laundry-detergent-408-l/60000001983
CAN-TNT-20001984,tnt,T&T,tntsupermarket.com,"Pacific Place Mall, Calgary",006,AB - Calgary & Edmonton,T2P1J9,Household & Essentials,Cleaning,"Tide Simply Liquid Laundry Detergent, 4.08 L",Tide Simply,4.08 L,14.34,15.84,YES,1.5,Weekly Feature Special - Save $1.50,3.51,L,In Stock,2026-10-04T11:59:19.124740+00:00,Official tntsupermarket.com Web Storefront,2026-10-01T04:00:00+00:00,2026-10-08T03:59:59+00:00,https://www.tntsupermarket.com/eng/2000198-tide-simply-liquid-laundry-detergent-408-l.html
CAN-LOBLAWS-20001985,loblaws,Loblaws,loblaws.ca,"Huntington / Superstore West, Calgary",1550,AB - Calgary & Edmonton,T2P1J9,Household & Essentials,Cleaning,"President's Choice Liquid Laundry Detergent, 4.08 L",President's Choice,4.08 L,16.33,16.33,NO,0.0,Regular Everyday Price,4.0,L,In Stock,2026-10-04T11:59:31.744807+00:00,Official loblaws.ca Web Storefront,2026-10-01T04:00:00+00:00,2026-10-08T03:59:59+00:00,https://www.loblaws.ca/en/presidents-choice-liquid-laundry-detergent-408-l/p/20001985_EA
CAN-COSTCO-20001986,costco,Costco,costco.ca,"32nd Ave NE, Calgary",0258,AB - Calgary & Edmonton,T2P1J9,Household & Essentials,Cleaning,"Kirkland Signature Ultra Clean Liquid Laundry Detergent, 5.73 L / 146 loads",Kirkland Signature Ultra Clean,5.73 L / 146 loads,22.76,22.76,NO,0.0,Regular Everyday Price,3.97,L,In Stock,2026-10-04T11:59:41.153500+00:00,Official costco.ca Web Storefront,2026-10-01T04:00:00+00:00,2026-10-08T03:59:59+00:00,https://www.costco.ca/kirkland-signature-ultra-clean-liquid-laundry-detergent-573-l-146-loads.product.001986.html
CAN-SOBEYS-20001987,sobeys,Sobeys,sobeys.com,"Country Hills Blvd, Calgary",3118,AB - Calgary & Edmonton,T2P1J9,Household & Essentials,Cleaning,"Compliments Liquid Laundry Detergent, 4.08 L",Compliments,4.08 L,16.33,16.33,NO,0.0,Regular Everyday Price,4.0,L,In Stock,2026-10-04T11:59:44.883736+00:00,Official sobeys.com Web Storefront,2026-10-01T04:00:00+00:00,2026-10-08T03:59:59+00:00,https://www.sobeys.com/en/products/compliments-liquid-laundry-detergent-408-l-20001987
CAN-FRESHCO-20001988,freshco,FreshCo,freshco.com,"Brentwood Village, Calgary",9842,AB - Calgary & Edmonton,T2P1J9,Household & Essentials,Cleaning,"Compliments Liquid Laundry Detergent, 4.08 L",Compliments,4.08 L,11.87,11.87,NO,0.0,Regular Everyday Price,2.91,L,In Stock,2026-10-04T11:59:59.866746+00:00,Official freshco.com Web Storefront,2026-10-01T04:00:00+00:00,2026-10-08T03:59:59+00:00,https://freshco.com/products/compliments-liquid-laundry-detergent-408-l-20001988
CAN-METRO-20001989,metro,Metro,metro.ca,Calgary Online Depot,8803,AB - Calgary & Edmonton,T2P1J9,Household & Essentials,Cleaning,"Selection Liquid Laundry Detergent, 4.08 L",Selection,4.08 L,14.84,15.64,YES,0.8,Weekly Flyer Special - Save $0.80,3.64,L,In Stock,2026-10-04T12:00:13.080391+00:00,Official metro.ca Web Storefront,2026-10-01T04:00:00+00:00,2026-10-08T03:59:59+00:00,https://www.metro.ca/en/online-grocery/aisles/household-essentials/selection-liquid-laundry-detergent-408-l-p-20001989
CAN-FOODBASICS-20001990,foodbasics,Food Basics,foodbasics.ca,Calgary Online Depot,8804,AB - Calgary & Edmonton,T2P1J9,Household & Essentials,Cleaning,"Selection Liquid Laundry Detergent, 4.08 L",Selection,4.08 L,11.87,11.87,NO,0.0,Regular Everyday Price,2.91,L,In Stock,2026-10-04T12:00:26.711772+00:00,Official foodbasics.ca Web Storefront,2026-10-01T04:00:00+00:00,2026-10-08T03:59:59+00:00,https://www.foodbasics.ca/aisles/household-essentials/selection-liquid-laundry-detergent-408-l-p-20001990
CAN-LOBLAWS-20001991,loblaws,Loblaws,loblaws.ca,"Isabella St, Ottawa",1024,ON - Ottawa,K1P1J1,Produce,Fruits,"President's Choice Cavendish Bananas, 1 kg",President's Choice,1 kg,1.89,1.89,NO,0.0,Regular Everyday Price,1.89,kg,In Stock,2026-10-04T12:00:35.019391+00:00,Official loblaws.ca Web Storefront,2026-10-01T04:00:00+00:00,2026-10-08T03:59:59+00:00,https://www.loblaws.ca/en/presidents-choice-cavendish-bananas-1-kg/p/20001991_EA
CAN-METRO-20001992,metro,Metro,metro.ca,"Beechwood Ave, Ottawa",0418,ON - Ottawa,K1P1J1,Produce,Fruits,"Selection Cavendish Bananas, 1 kg",Selection,1 kg,1.85,1.85,NO,0.0,Regular Everyday Price,1.85,kg,In Stock,2026-10-04T12:00:45.724747+00:00,Official metro.ca Web Storefront,2026-10-01T04:00:00+00:00,2026-10-08T03:59:59+00:00,https://www.metro.ca/en/online-grocery/aisles/produce/selection-cavendish-bananas-1-kg-p-20001992
CAN-FOODBASICS-20001993,foodbasics,Food Basics,foodbasics.ca,"St. Laurent Blvd, Ottawa",0934,ON - Ottawa,K1P1J1,Produce,Fruits,"Selection Cavendish Bananas, 1 kg",Selection,1 kg,1.54,1.54,NO,0.0,Regular Everyday Price,1.54,kg,In Stock,2026-10-04T12:01:00.461394+00:00,Official foodbasics.ca Web Storefront,2026-10-01T04:00:00+00:00,2026-10-08T03:59:59+00:00,https://www.foodbasics.ca/aisles/produce/selection-cavendish-bananas-1-kg-p-20001993
CAN-SOBEYS-20001994,sobeys,Sobeys,sobeys.com,"March Rd, Kanata / Ottawa",0675,ON - Ottawa,K1P1J1,Produce,Fruits,"Compliments Cavendish Bananas, 1 kg",Compliments,1 kg,1.89,1.89,NO,0.0,Regular Everyday Price,1.89,kg,In Stock,2026-10-04T12:01:07.241727+00:00,Official sobeys.com Web Storefront,2026-10-01T04:00:00+00:00,2026-10-08T03:59:59+00:00,https://www.sobeys.com/en/products/compliments-cavendish-bananas-1-kg-20001994
CAN-FRESHCO-20001995,freshco,FreshCo,freshco.com,"McArthur Ave, Ottawa",9555,ON - Ottawa,K1P1J1,Produce,Fruits,"Compliments Cavendish Bananas, 1 kg",Compliments,1 kg,1.54,1.54,NO,0.0,Regular Everyday Price,1.54,kg,In Stock,2026-10-04T12:01:13.117211+00:00,Official freshco.com Web Storefront,2026-10-01T04:00:00+00:00,2026-10-08T03:59:59+00:00,https://freshco.com/products/compliments-cavendish-bananas-1-kg-20001995
CAN-COSTCO-20001996,costco,Costco,costco.ca,"Innes Rd, Ottawa",0541,ON - Ottawa,K1P1J1,Produce,Fruits,"Kirkland Signature Cavendish Bananas, 1.36 kg",Kirkland Signature,1.36 kg,2.29,2.29,NO,0.0,Regular Everyday Price,1.68,kg,In Stock,2026-10-04T12:01:25.061673+00:00,Official costco.ca Web Storefront,2026-10-01T04:00:00+00:00,2026-10-08T03:59:59+00:00,https://www.costco.ca/kirkland-signature-cavendish-bananas-136-kg.product.001996.html
CAN-NOFRILLS-20001997,nofrills,No Frills,nofrills.ca,"Merivale Rd, Ottawa",3419,ON - Ottawa,K1P1J1,Produce,Fruits,"No Name Cavendish Bananas, 1 kg",No Name,1 kg,1.52,2.52,YES,1.0,Hit of the Month - Rollback $1.00,1.52,kg,In Stock,2026-10-04T12:01:31.606230+00:00,Official nofrills.ca Web Storefront,2026-10-01T04:00:00+00:00,2026-10-08T03:59:59+00:00,https://www.nofrills.ca/en/no-name-cavendish-bananas-1-kg/p/20001997_EA
CAN-WALMART-20001998,walmart,Walmart,walmart.ca,"Billings Bridge, Ottawa",3092,ON - Ottawa,K1P1J1,Produce,Fruits,"Great Value Cavendish Bananas, 1 kg",Great Value,1 kg,1.54,1.54,NO,0.0,Regular Everyday Price,1.54,kg,In Stock,2026-10-04T12:01:34.993205+00:00,Official walmart.ca Web Storefront,2026-10-01T04:00:00+00:00,2026-10-08T03:59:59+00:00,https://www.walmart.ca/en/ip/great-value-cavendish-bananas-1-kg/60000001998
CAN-TNT-20001999,tnt,T&T,tntsupermarket.com,"Hunt Club Rd, Ottawa",015,ON - Ottawa,K1P1J1,Produce,Fruits,"T&T Fresh Cavendish Bananas, 1 kg",T&T Fresh,1 kg,1.72,1.72,NO,0.0,Regular Everyday Price,1.72,kg,In Stock,2026-10-04T12:01:49.978315+00:00,Official tntsupermarket.com Web Storefront,2026-10-01T04:00:00+00:00,2026-10-08T03:59:59+00:00,https://www.tntsupermarket.com/eng/2000199-tt-fresh-cavendish-bananas-1-kg.html
CAN-SAVEON-20002000,saveon,Save-On,saveonfoods.com,Ottawa Regional Fulfillment,9902,ON - Ottawa,K1P1J1,Produce,Fruits,"Western Family Cavendish Bananas, 1 kg",Western Family,1 kg,1.76,3.26,YES,1.5,Save $1.50 With More Rewards Card,1.76,kg,In Stock,2026-10-04T12:02:02.057801+00:00,Official saveonfoods.com Web Storefront,2026-10-01T04:00:00+00:00,2026-10-08T03:59:59+00:00,https://www.saveonfoods.com/sm/pickup/rsid/9902/product/western-family-cavendish-bananas-1-kg-20002000
CAN-LOBLAWS-20002001,loblaws,Loblaws,loblaws.ca,"Isabella St, Ottawa",1024,ON - Ottawa,K1P1J1,Produce,Fruits,"President's Choice Royal Gala Apples, 3 lb bag",President's Choice,3 lb bag,5.49,5.49,NO,0.0,Regular Everyday Price,5.49,each,In Stock,2026-10-04T12:02:10.273724+00:00,Official loblaws.ca Web Storefront,2026-10-01T04:00:00+00:00,2026-10-08T03:59:59+00:00,https://www.loblaws.ca/en/presidents-choice-royal-gala-apples-3-lb-bag/p/20002001_EA
CAN-METRO-20002002,metro,Metro,metro.ca,"Beechwood Ave, Ottawa",0418,ON - Ottawa,K1P1J1,Produce,Fruits,"Selection Royal Gala Apples, 3 lb bag",Selection,3 lb bag,5.29,7.29,YES,2.0,Weekly Flyer Special - Save $2.00,5.29,each,In Stock,2026-10-04T12:02:19.633206+00:00,Official metro.ca Web Storefront,2026-10-01T04:00:00+00:00,2026-10-08T03:59:59+00:00,https://www.metro.ca/en/online-grocery/aisles/produce/selection-royal-gala-apples-3-lb-bag-p-20002002
CAN-FOODBASICS-20002003,foodbasics,Food Basics,foodbasics.ca,"St. Laurent Blvd, Ottawa",0934,ON - Ottawa,K1P1J1,Produce,Fruits,"Selection Royal Gala Apples, 3 lb bag",Selection,3 lb bag,4.49,4.49,NO,0.0,Regular Everyday Price,4.49,each,In Stock,2026-10-04T12:02:27.170462+00:00,Official foodbasics.ca Web Storefront,2026-10-01T04:00:00+00:00,2026-10-08T03:59:59+00:00,https://www.foodbasics.ca/aisles/produce/selection-royal-gala-apples-3-lb-bag-p-20002003
CAN-SOBEYS-20002004,sobeys,Sobeys,sobeys.com,"March Rd, Kanata / Ottawa",0675,ON - Ottawa,K1P1J1,Produce,Fruits,"Compliments Royal Gala Apples, 3 lb bag",Compliments,3 lb bag,5.49,5.49,NO,0.0,Regular Everyday Price,5.49,each,In Stock,2026-10-04T12:02:30.419161+00:00,Official sobeys.com Web Storefront,2026-10-01T04:00:00+00:00,2026-10-08T03:59:59+00:00,https://www.sobeys.com/en/products/compliments-royal-gala-apples-3-lb-bag-20002004
CAN-FRESHCO-20002005,freshco,FreshCo,freshco.com,"McArthur Ave, Ottawa",9555,ON - Ottawa,K1P1J1,Produce,Fruits,"Compliments Royal Gala Apples, 3 lb bag",Compliments,3 lb bag,4.49,4.49,NO,0.0,Regular Everyday Price,4.49,each,In Stock,2026-10-04T12:02:39.358896+00:00,Official freshco.com Web Storefront,2026-10-01T04:00:00+00:00,2026-10-08T03:59:59+00:00,https://freshco.com/products/compliments-royal-gala-apples-3-lb-bag-20002005
CAN-COSTCO-20002006,costco,Costco,costco.ca,"Innes Rd, Ottawa",0541,ON - Ottawa,K1P1J1,Produce,Fruits,"Kirkland Signature Royal Gala Apples, 6 lb bag",Kirkland Signature,6 lb bag,8.99,8.99,NO,0.0,Regular Everyday Price,8.99,each,In Stock,2026-10-04T12:02:50.100553+00:00,Official costco.ca Web Storefront,2026-10-01T04:00:00+00:00,2026-10-08T03:59:59+00:00,https://www.costco.ca/kirkland-signature-royal-gala-apples-6-lb-bag.product.002006.html
CAN-NOFRILLS-20002007,nofrills,No Frills,nofrills.ca,"Merivale Rd, Ottawa",3419,ON - Ottawa,K1P1J1,Produce,Fruits,"Farmer's Market Royal Gala Apples, 3 lb bag",Farmer's Market,3 lb bag,4.49,4.49,NO,0.0,Regular Everyday Price,4.49,each,In Stock,2026-10-04T12:02:56.168352+00:00,Official nofrills.ca Web Storefront,2026-10-01T04:00:00+00:00,2026-10-08T03:59:59+00:00,https://www.nofrills.ca/en/farmers-market-royal-gala-apples-3-lb-bag/p/20002007_EA
CAN-WALMART-20002008,walmart,Walmart,walmart.ca,"Billings Bridge, Ottawa",3092,ON - Ottawa,K1P1J1,Produce,Fruits,"Your Fresh Market Royal Gala Apples, 3 lb bag",Your Fresh Market,3 lb bag,4.47,4.97,YES,0.5,Rollback - Save $0.50,4.47,each,In Stock,2026-10-04T12:03:02.336629+00:00,Official walmart.ca Web Storefront,2026-10-01T04:00:00+00:00,2026-10-08T03:59:59+00:00,https://www.walmart.ca/en/ip/your-fresh-market-royal-gala-apples-3-lb-bag/60000002008
CAN-TNT-20002009,tnt,T&T,tntsupermarket.com,"Hunt Club Rd, Ottawa",015,ON - Ottawa,K1P1J1,Produce,Fruits,"T&T Select Royal Gala Apples, 3 lb bag",T&T Select,3 lb bag,4.88,4.88,NO,0.0,Regular Everyday Price,4.88,each,In Stock,2026-10-04T12:03:11.108298+00:00,Official tntsupermarket.com Web Storefront,2026-10-01T04:00:00+00:00,2026-10-08T03:59:59+00:00,https://www.tntsupermarket.com/eng/2000200-tt-select-royal-gala-apples-3-lb-bag.html
CAN-SAVEON-20002010,saveon,Save-On,saveonfoods.com,Ottawa Regional Fulfillment,9902,ON - Ottawa,K1P1J1,Produce,Fruits,"Western Family Royal Gala Apples, 3 lb bag",Western Family,3 lb bag,5.29,7.29,YES,2.0,Save $2.00 With More Rewards Card,5.29,each,In Stock,2026-10-04T12:03:20.129547+00:00,Official saveonfoods.com Web Storefront,2026-10-01T04:00:00+00:00,2026-10-08T03:59:59+00:00,https://www.saveonfoods.com/sm/pickup/rsid/9902/product/western-family-royal-gala-apples-3-lb-bag-20002010
CAN-LOBLAWS-20002011,loblaws,Loblaws,loblaws.ca,"Isabella St, Ottawa",1024,ON - Ottawa,K1P1J1,Produce,Fruits,"President's Choice Honeycrisp Apples, 1 kg",President's Choice,1 kg,6.49,6.49,NO,0.0,Regular Everyday Price,6.49,kg,In Stock,2026-10-04T12:03:34.775102+00:00,Official loblaws.ca Web Storefront,2026-10-01T04:00:00+00:00,2026-10-08T03:59:59+00:00,https://www.loblaws.ca/en/presidents-choice-honeycrisp-apples-1-kg/p/20002011_EA
CAN-METRO-20002012,metro,Metro,metro.ca,"Beechwood Ave, Ottawa",0418,ON - Ottawa,K1P1J1,Produce,Fruits,"Selection Honeycrisp Apples, 1 kg",Selection,1 kg,6.29,6.29,NO,0.0,Regular Everyday Price,6.29,kg,In Stock,2026-10-04T12:03:46.840309+00:00,Official metro.ca Web Storefront,2026-10-01T04:00:00+00:00,2026-10-08T03:59:59+00:00,https://www.metro.ca/en/online-grocery/aisles/produce/selection-honeycrisp-apples-1-kg-p-20002012
CAN-FOODBASICS-20002013,foodbasics,Food Basics,foodbasics.ca,"St. Laurent Blvd, Ottawa",0934,ON - Ottawa,K1P1J1,Produce,Fruits,"Selection Honeycrisp Apples, 1 kg",Selection,1 kg,5.49,5.49,NO,0.0,Regular Everyday Price,5.49,kg,In Stock,2026-10-04T12:03:59.186647+00:00,Official foodbasics.ca Web Storefront,2026-10-01T04:00:00+00:00,2026-10-08T03:59:59+00:00,https://www.foodbasics.ca/aisles/produce/selection-honeycrisp-apples-1-kg-p-20002013
CAN-SOBEYS-20002014,sobeys,Sobeys,sobeys.com,"March Rd, Kanata / Ottawa",0675,ON - Ottawa,K1P1J1,Produce,Fruits,"Compliments Honeycrisp Apples, 1 kg",Compliments,1 kg,6.49,6.49,NO,0.0,Regular Everyday Price,6.49,kg,In Stock,2026-10-04T12:04:07.576197+00:00,Official sobeys.com Web Storefront,2026-10-01T04:00:00+00:00,2026-10-08T03:59:59+00:00,https://www.sobeys.com/en/products/compliments-honeycrisp-apples-1-kg-20002014
CAN-FRESHCO-20002015,freshco,FreshCo,freshco.com,"McArthur Ave, Ottawa",9555,ON - Ottawa,K1P1J1,Produce,Fruits,"Compliments Honeycrisp Apples, 1 kg",Compliments,1 kg,5.49,5.49,NO,0.0,Regular Everyday Price,5.49,kg,In Stock,2026-10-04T12:04:15.279542+00:00,Official freshco.com Web Storefront,2026-10-01T04:00:00+00:00,2026-10-08T03:59:59+00:00,https://freshco.com/products/compliments-honeycrisp-apples-1-kg-20002015
CAN-COSTCO-20002016,costco,Costco,costco.ca,"Innes Rd, Ottawa",0541,ON - Ottawa,K1P1J1,Produce,Fruits,"Kirkland Signature Honeycrisp Apples, 2.5 kg",Kirkland Signature,2.5 kg,10.99,10.99,NO,0.0,Regular Everyday Price,4.4,kg,In Stock,2026-10-04T12:04:20.102428+00:00,Official costco.ca Web Storefront,2026-10-01T04:00:00+00:00,2026-10-08T03:59:59+00:00,https://www.costco.ca/kirkland-signature-honeycrisp-apples-25-kg.product.002016.html
CAN-NOFRILLS-20002017,nofrills,No Frills,nofrills.ca,"Merivale Rd, Ottawa",3419,ON - Ottawa,K1P1J1,Produce,Fruits,"Farmer's Market Honeycrisp Apples, 1 kg",Farmer's Market,1 kg,5.49,5.49,NO,0.0,Regular Everyday Price,5.49,kg,In Stock,2026-10-04T12:04:26.141358+00:00,Official nofrills.ca Web Storefront,2026-10-01T04:00:00+00:00,2026-10-08T03:59:59+00:00,https://www.nofrills.ca/en/farmers-market-honeycrisp-apples-1-kg/p/20002017_EA
CAN-WALMART-20002018,walmart,Walmart,walmart.ca,"Billings Bridge, Ottawa",3092,ON - Ottawa,K1P1J1,Produce,Fruits,"Your Fresh Market Honeycrisp Apples, 1 kg",Your Fresh Market,1 kg,5.25,7.25,YES,2.0,Rollback - Save $2.00,5.25,kg,In Stock,2026-10-04T12:04:39.771041+00:00,Official walmart.ca Web Storefront,2026-10-01T04:00:00+00:00,2026-10-08T03:59:59+00:00,https://www.walmart.ca/en/ip/your-fresh-market-honeycrisp-apples-1-kg/60000002018
CAN-TNT-20002019,tnt,T&T,tntsupermarket.com,"Hunt Club Rd, Ottawa",015,ON - Ottawa,K1P1J1,Produce,Fruits,"T&T Select Honeycrisp Apples, 1 kg",T&T Select,1 kg,5.88,5.88,NO,0.0,Regular Everyday Price,5.88,kg,In Stock,2026-10-04T12:04:45.971123+00:00,Official tntsupermarket.com Web Storefront,2026-10-01T04:00:00+00:00,2026-10-08T03:59:59+00:00,https://www.tntsupermarket.com/eng/2000201-tt-select-honeycrisp-apples-1-kg.html
CAN-SAVEON-20002020,saveon,Save-On,saveonfoods.com,Ottawa Regional Fulfillment,9902,ON - Ottawa,K1P1J1,Produce,Fruits,"Western Family Honeycrisp Apples, 1 kg",Western Family,1 kg,6.15,6.15,NO,0.0,Regular Everyday Price,6.15,kg,In Stock,2026-10-04T12:04:53.765451+00:00,Official saveonfoods.com Web Storefront,2026-10-01T04:00:00+00:00,2026-10-08T03:59:59+00:00,https://www.saveonfoods.com/sm/pickup/rsid/9902/product/western-family-honeycrisp-apples-1-kg-20002020
CAN-LOBLAWS-20002021,loblaws,Loblaws,loblaws.ca,"Isabella St, Ottawa",1024,ON - Ottawa,K1P1J1,Produce,Vegetables,"President's Choice Russet Baking Potatoes, 10 lb bag",President's Choice,10 lb bag,5.99,5.99,NO,0.0,Regular Everyday Price,5.99,each,In Stock,2026-10-04T12:04:57.512342+00:00,Official loblaws.ca Web Storefront,2026-10-01T04:00:00+00:00,2026-10-08T03:59:59+00:00,https://www.loblaws.ca/en/presidents-choice-russet-baking-potatoes-10-lb-bag/p/20002021_EA
CAN-METRO-20002022,metro,Metro,metro.ca,"Beechwood Ave, Ottawa",0418,ON - Ottawa,K1P1J1,Produce,Vegetables,"Selection Russet Baking Potatoes, 10 lb bag",Selection,10 lb bag,5.49,6.79,YES,1.3,Weekly Flyer Special - Save $1.30,5.49,each,In Stock,2026-10-04T12:05:03.166400+00:00,Official metro.ca Web Storefront,2026-10-01T04:00:00+00:00,2026-10-08T03:59:59+00:00,https://www.metro.ca/en/online-grocery/aisles/produce/selection-russet-baking-potatoes-10-lb-bag-p-20002022
CAN-FOODBASICS-20002023,foodbasics,Food Basics,foodbasics.ca,"St. Laurent Blvd, Ottawa",0934,ON - Ottawa,K1P1J1,Produce,Vegetables,"Selection Russet Baking Potatoes, 10 lb bag",Selection,10 lb bag,4.49,4.49,NO,0.0,Regular Everyday Price,4.49,each,In Stock,2026-10-04T12:05:09.336966+00:00,Official foodbasics.ca Web Storefront,2026-10-01T04:00:00+00:00,2026-10-08T03:59:59+00:00,https://www.foodbasics.ca/aisles/produce/selection-russet-baking-potatoes-10-lb-bag-p-20002023
CAN-SOBEYS-20002024,sobeys,Sobeys,sobeys.com,"March Rd, Kanata / Ottawa",0675,ON - Ottawa,K1P1J1,Produce,Vegetables,"Compliments Russet Baking Potatoes, 10 lb bag",Compliments,10 lb bag,5.99,8.19,YES,2.2,Scene+ Member Deal - Save $2.20,5.99,each,In Stock,2026-10-04T12:05:23.956029+00:00,Official sobeys.com Web Storefront,2026-10-01T04:00:00+00:00,2026-10-08T03:59:59+00:00,https://www.sobeys.com/en/products/compliments-russet-baking-potatoes-10-lb-bag-20002024
CAN-FRESHCO-20002025,freshco,FreshCo,freshco.com,"McArthur Ave, Ottawa",9555,ON - Ottawa,K1P1J1,Produce,Vegetables,"Compliments Russet Baking Potatoes, 10 lb bag",Compliments,10 lb bag,4.49,4.49,NO,0.0,Regular Everyday Price,4.49,each,In Stock,2026-10-04T12:05:35.336574+00:00,Official freshco.com Web Storefront,2026-10-01T04:00:00+00:00,2026-10-08T03:59:59+00:00,https://freshco.com/products/compliments-russet-baking-potatoes-10-lb-bag-20002025
CAN-COSTCO-20002026,costco,Costco,costco.ca,"Innes Rd, Ottawa",0541,ON - Ottawa,K1P1J1,Produce,Vegetables,"Kirkland Signature Russet Baking Potatoes, 15 lb bag",Kirkland Signature,15 lb bag,7.99,7.99,NO,0.0,Regular Everyday Price,7.99,each,In Stock,2026-10-04T12:05:47.188679+00:00,Official costco.ca Web Storefront,2026-10-01T04:00:00+00:00,2026-10-08T03:59:59+00:00,https://www.costco.ca/kirkland-signature-russet-baking-potatoes-15-lb-bag.product.002026.html
CAN-NOFRILLS-20002027,nofrills,No Frills,nofrills.ca,"Merivale Rd, Ottawa",3419,ON - Ottawa,K1P1J1,Produce,Vegetables,"No Name Russet Baking Potatoes, 10 lb bag",No Name,10 lb bag,4.49,4.49,NO,0.0,Regular Everyday Price,4.49,each,In Stock,2026-10-04T12:05:52.331246+00:00,Official nofrills.ca Web Storefront,2026-10-01T04:00:00+00:00,2026-10-08T03:59:59+00:00,https://www.nofrills.ca/en/no-name-russet-baking-potatoes-10-lb-bag/p/20002027_EA
CAN-WALMART-20002028,walmart,Walmart,walmart.ca,"Billings Bridge, Ottawa",3092,ON - Ottawa,K1P1J1,Produce,Vegetables,"Great Value Russet Baking Potatoes, 10 lb bag",Great Value,10 lb bag,4.47,4.47,NO,0.0,Regular Everyday Price,4.47,each,In Stock,2026-10-04T12:05:56.761303+00:00,Official walmart.ca Web Storefront,2026-10-01T04:00:00+00:00,2026-10-08T03:59:59+00:00,https://www.walmart.ca/en/ip/great-value-russet-baking-potatoes-10-lb-bag/60000002028
CAN-TNT-20002029,tnt,T&T,tntsupermarket.com,"Hunt Club Rd, Ottawa",015,ON - Ottawa,K1P1J1,Produce,Vegetables,"Rooster Brand Russet Baking Potatoes, 10 lb bag",Rooster Brand,10 lb bag,4.99,4.99,NO,0.0,Regular Everyday Price,4.99,each,In Stock,2026-10-04T12:06:01.143419+00:00,Official tntsupermarket.com Web Storefront,2026-10-01T04:00:00+00:00,2026-10-08T03:59:59+00:00,https://www.tntsupermarket.com/eng/2000202-rooster-brand-russet-baking-potatoes-10-lb-bag.html
CAN-SAVEON-20002030,saveon,Save-On,saveonfoods.com,Ottawa Regional Fulfillment,9902,ON - Ottawa,K1P1J1,Produce,Vegetables,"Western Family Russet Baking Potatoes, 10 lb bag",Western Family,10 lb bag,5.99,5.99,NO,0.0,Regular Everyday Price,5.99,each,In Stock,2026-10-04T12:06:05.376321+00:00,Official saveonfoods.com Web Storefront,2026-10-01T04:00:00+00:00,2026-10-08T03:59:59+00:00,https://www.saveonfoods.com/sm/pickup/rsid/9902/product/western-family-russet-baking-potatoes-10-lb-bag-20002030
CAN-LOBLAWS-20002031,loblaws,Loblaws,loblaws.ca,"Isabella St, Ottawa",1024,ON - Ottawa,K1P1J1,Produce,Vegetables,"President's Choice Yellow Cooking Onions, 3 lb bag",President's Choice,3 lb bag,3.49,3.49,NO,0.0,Regular Everyday Price,3.49,each,In Stock,2026-10-04T12:06:15.307341+00:00,Official loblaws.ca Web Storefront,2026-10-01T04:00:00+00:00,2026-10-08T03:59:59+00:00,https://www.loblaws.ca/en/presidents-choice-yellow-cooking-onions-3-lb-bag/p/20002031_EA
CAN-METRO-20002032,metro,Metro,metro.ca,"Beechwood Ave, Ottawa",0418,ON - Ottawa,K1P1J1,Produce,Vegetables,"Selection Yellow Cooking Onions, 3 lb bag",Selection,3 lb bag,3.29,3.29,NO,0.0,Regular Everyday Price,3.29,each,In Stock,2026-10-04T12:06:26.041240+00:00,Official metro.ca Web Storefront,2026-10-01T04:00:00+00:00,2026-10-08T03:59:59+00:00,https://www.metro.ca/en/online-grocery/aisles/produce/selection-yellow-cooking-onions-3-lb-bag-p-20002032
CAN-FOODBASICS-20002033,foodbasics,Food Basics,foodbasics.ca,"St. Laurent Blvd, Ottawa",0934,ON - Ottawa,K1P1J1,Produce,Vegetables,"Selection Yellow Cooking Onions, 3 lb bag",Selection,3 lb bag,2.49,2.49,NO,0.0,Regular Everyday Price,2.49,each,In Stock,2026-10-04T12:06:30.190281+00:00,Official foodbasics.ca Web Storefront,2026-10-01T04:00:00+00:00,2026-10-08T03:59:59+00:00,https://www.foodbasics.ca/aisles/produce/selection-yellow-cooking-onions-3-lb-bag-p-20002033
CAN-SOBEYS-20002034,sobeys,Sobeys,sobeys.com,"March Rd, Kanata / Ottawa",0675,ON - Ottawa,K1P1J1,Produce,Vegetables,"Compliments Yellow Cooking Onions, 3 lb bag",Compliments,3 lb bag,3.49,3.49,NO,0.0,Regular Everyday Price,3.49,each,In Stock,2026-10-04T12:06:33.692196+00:00,Official sobeys.com Web Storefront,2026-10-01T04:00:00+00:00,2026-10-08T03:59:59+00:00,https://www.sobeys.com/en/products/compliments-yellow-cooking-onions-3-lb-bag-20002034
CAN-FRESHCO-20002035,freshco,FreshCo,freshco.com,"McArthur Ave, Ottawa",9555,ON - Ottawa,K1P1J1,Produce,Vegetables,"Compliments Yellow Cooking Onions, 3 lb bag",Compliments,3 lb bag,2.49,3.59,YES,1.1,Price Match Guarantee Deal - Save $1.10,2.49,each,In Stock,2026-10-04T12:06:45.218178+00:00,Official freshco.com Web Storefront,2026-10-01T04:00:00+00:00,2026-10-08T03:59:59+00:00,https://freshco.com/products/compliments-yellow-cooking-onions-3-lb-bag-20002035
CAN-COSTCO-20002036,costco,Costco,costco.ca,"Innes Rd, Ottawa",0541,ON - Ottawa,K1P1J1,Produce,Vegetables,"Kirkland Signature Yellow Cooking Onions, 10 lb bag",Kirkland Signature,10 lb bag,5.99,10.99,YES,5.0,Instant Savings $5.00 Off at Checkout,5.99,each,In Stock,2026-10-04T12:06:53.825768+00:00,Official costco.ca Web Storefront,2026-10-01T04:00:00+00:00,2026-10-08T03:59:59+00:00,https://www.costco.ca/kirkland-signature-yellow-cooking-onions-10-lb-bag.product.002036.html
CAN-NOFRILLS-20002037,nofrills,No Frills,nofrills.ca,"Merivale Rd, Ottawa",3419,ON - Ottawa,K1P1J1,Produce,Vegetables,"No Name Yellow Cooking Onions, 3 lb bag",No Name,3 lb bag,2.49,2.49,NO,0.0,Regular Everyday Price,2.49,each,In Stock,2026-10-04T12:06:57.336101+00:00,Official nofrills.ca Web Storefront,2026-10-01T04:00:00+00:00,2026-10-08T03:59:59+00:00,https://www.nofrills.ca/en/no-name-yellow-cooking-onions-3-lb-bag/p/20002037_EA
CAN-WALMART-20002038,walmart,Walmart,walmart.ca,"Billings Bridge, Ottawa",3092,ON - Ottawa,K1P1J1,Produce,Vegetables,"Great Value Yellow Cooking Onions, 3 lb bag",Great Value,3 lb bag,2.47,2.47,NO,0.0,Regular Everyday Price,2.47,each,In Stock,2026-10-04T12:07:01.340372+00:00,Official walmart.ca Web Storefront,2026-10-01T04:00:00+00:00,2026-10-08T03:59:59+00:00,https://www.walmart.ca/en/ip/great-value-yellow-cooking-onions-3-lb-bag/60000002038
CAN-TNT-20002039,tnt,T&T,tntsupermarket.com,"Hunt Club Rd, Ottawa",015,ON - Ottawa,K1P1J1,Produce,Vegetables,"Rooster Brand Yellow Cooking Onions, 3 lb bag",Rooster Brand,3 lb bag,2.68,2.68,NO,0.0,Regular Everyday Price,2.68,each,In Stock,2026-10-04T12:07:12.847976+00:00,Official tntsupermarket.com Web Storefront,2026-10-01T04:00:00+00:00,2026-10-08T03:59:59+00:00,https://www.tntsupermarket.com/eng/2000203-rooster-brand-yellow-cooking-onions-3-lb-bag.html
CAN-SAVEON-20002040,saveon,Save-On,saveonfoods.com,Ottawa Regional Fulfillment,9902,ON - Ottawa,K1P1J1,Produce,Vegetables,"Western Family Yellow Cooking Onions, 3 lb bag",Western Family,3 lb bag,3.29,3.29,NO,0.0,Regular Everyday Price,3.29,each,In Stock,2026-10-04T12:07:26.645623+00:00,Official saveonfoods.com Web Storefront,2026-10-01T04:00:00+00:00,2026-10-08T03:59:59+00:00,https://www.saveonfoods.com/sm/pickup/rsid/9902/product/western-family-yellow-cooking-onions-3-lb-bag-20002040
CAN-LOBLAWS-20002041,loblaws,Loblaws,loblaws.ca,"Isabella St, Ottawa",1024,ON - Ottawa,K1P1J1,Produce,Vegetables,"President's Choice English Seedless Cucumbers, 1 each",President's Choice,1 each,1.99,1.99,NO,0.0,Regular Everyday Price,1.99,each,In Stock,2026-10-04T12:07:38.677696+00:00,Official loblaws.ca Web Storefront,2026-10-01T04:00:00+00:00,2026-10-08T03:59:59+00:00,https://www.loblaws.ca/en/presidents-choice-english-seedless-cucumbers-1-each/p/20002041_EA
CAN-METRO-20002042,metro,Metro,metro.ca,"Beechwood Ave, Ottawa",0418,ON - Ottawa,K1P1J1,Produce,Vegetables,"Selection English Seedless Cucumbers, 1 each",Selection,1 each,1.89,1.89,NO,0.0,Regular Everyday Price,1.89,each,In Stock,2026-10-04T12:07:44.512895+00:00,Official metro.ca Web Storefront,2026-10-01T04:00:00+00:00,2026-10-08T03:59:59+00:00,https://www.metro.ca/en/online-grocery/aisles/produce/selection-english-seedless-cucumbers-1-each-p-20002042
CAN-FOODBASICS-20002043,foodbasics,Food Basics,foodbasics.ca,"St. Laurent Blvd, Ottawa",0934,ON - Ottawa,K1P1J1,Produce,Vegetables,"Selection English Seedless Cucumbers, 1 each",Selection,1 each,1.49,2.19,YES,0.7,Always More For Less - Save $0.70,1.49,each,In Stock,2026-10-04T12:07:52.668244+00:00,Official foodbasics.ca Web Storefront,2026-10-01T04:00:00+00:00,2026-10-08T03:59:59+00:00,https://www.foodbasics.ca/aisles/produce/selection-english-seedless-cucumbers-1-each-p-20002043
CAN-SOBEYS-20002044,sobeys,Sobeys,sobeys.com,"March Rd, Kanata / Ottawa",0675,ON - Ottawa,K1P1J1,Produce,Vegetables,"Compliments English Seedless Cucumbers, 1 each",Compliments,1 each,1.99,3.24,YES,1.25,Scene+ Member Deal - Save $1.25,1.99,each,In Stock,2026-10-04T12:08:04.203263+00:00,Official sobeys.com Web Storefront,2026-10-01T04:00:00+00:00,2026-10-08T03:59:59+00:00,https://www.sobeys.com/en/products/compliments-english-seedless-cucumbers-1-each-20002044
CAN-FRESHCO-20002045,freshco,FreshCo,freshco.com,"McArthur Ave, Ottawa",9555,ON - Ottawa,K1P1J1,Produce,Vegetables,"Compliments English Seedless Cucumbers, 1 each",Compliments,1 each,1.49,1.49,NO,0.0,Regular Everyday Price,1.49,each,In Stock,2026-10-04T12:08:11.062841+00:00,Official freshco.com Web Storefront,2026-10-01T04:00:00+00:00,2026-10-08T03:59:59+00:00,https://freshco.com/products/compliments-english-seedless-cucumbers-1-each-20002045
CAN-COSTCO-20002046,costco,Costco,costco.ca,"Innes Rd, Ottawa",0541,ON - Ottawa,K1P1J1,Produce,Vegetables,"Kirkland Signature English Seedless Cucumbers, 3 pack",Kirkland Signature,3 pack,4.99,8.49,YES,3.5,Instant Savings $3.50 Off at Checkout,1.66,each,In Stock,2026-10-04T12:08:19.204340+00:00,Official costco.ca Web Storefront,2026-10-01T04:00:00+00:00,2026-10-08T03:59:59+00:00,https://www.costco.ca/kirkland-signature-english-seedless-cucumbers-3-pack.product.002046.html
CAN-NOFRILLS-20002047,nofrills,No Frills,nofrills.ca,"Merivale Rd, Ottawa",3419,ON - Ottawa,K1P1J1,Produce,Vegetables,"Farmer's Market English Seedless Cucumbers, 1 each",Farmer's Market,1 each,1.49,1.49,NO,0.0,Regular Everyday Price,1.49,each,In Stock,2026-10-04T12:08:26.189740+00:00,Official nofrills.ca Web Storefront,2026-10-01T04:00:00+00:00,2026-10-08T03:59:59+00:00,https://www.nofrills.ca/en/farmers-market-english-seedless-cucumbers-1-each/p/20002047_EA
CAN-WALMART-20002048,walmart,Walmart,walmart.ca,"Billings Bridge, Ottawa",3092,ON - Ottawa,K1P1J1,Produce,Vegetables,"Your Fresh Market English Seedless Cucumbers, 1 each",Your Fresh Market,1 each,1.47,1.47,NO,0.0,Regular Everyday Price,1.47,each,In Stock,2026-10-04T12:08:37.897553+00:00,Official walmart.ca Web Storefront,2026-10-01T04:00:00+00:00,2026-10-08T03:59:59+00:00,https://www.walmart.ca/en/ip/your-fresh-market-english-seedless-cucumbers-1-each/60000002048
CAN-TNT-20002049,tnt,T&T,tntsupermarket.com,"Hunt Club Rd, Ottawa",015,ON - Ottawa,K1P1J1,Produce,Vegetables,"T&T Fresh English Seedless Cucumbers, 1 each",T&T Fresh,1 each,1.68,3.18,YES,1.5,Weekly Feature Special - Save $1.50,1.68,each,In Stock,2026-10-04T12:08:41.111025+00:00,Official tntsupermarket.com Web Storefront,2026-10-01T04:00:00+00:00,2026-10-08T03:59:59+00:00,https://www.tntsupermarket.com/eng/2000204-tt-fresh-english-seedless-cucumbers-1-each.html
CAN-SAVEON-20002050,saveon,Save-On,saveonfoods.com,Ottawa Regional Fulfillment,9902,ON - Ottawa,K1P1J1,Produce,Vegetables,"Western Family English Seedless Cucumbers, 1 each",Western Family,1 each,1.89,1.89,NO,0.0,Regular Everyday Price,1.89,each,In Stock,2026-10-04T12:08:46.856306+00:00,Official saveonfoods.com Web Storefront,2026-10-01T04:00:00+00:00,2026-10-08T03:59:59+00:00,https://www.saveonfoods.com/sm/pickup/rsid/9902/product/western-family-english-seedless-cucumbers-1-each-20002050
CAN-LOBLAWS-20002051,loblaws,Loblaws,loblaws.ca,"Isabella St, Ottawa",1024,ON - Ottawa,K1P1J1,Produce,Salad & Greens,"PC Organics Organic Spring Mix Salad, 312 g",PC Organics,312 g,5.49,5.49,NO,0.0,Regular Everyday Price,1.76,100g,In Stock,2026-10-04T12:09:00.858441+00:00,Official loblaws.ca Web Storefront,2026-10-01T04:00:00+00:00,2026-10-08T03:59:59+00:00,https://www.loblaws.ca/en/pc-organics-organic-spring-mix-salad-312-g/p/20002051_EA
CAN-METRO-20002052,metro,Metro,metro.ca,"Beechwood Ave, Ottawa",0418,ON - Ottawa,K1P1J1,Produce,Salad & Greens,"Irresistibles Organic Organic Spring Mix Salad, 312 g",Irresistibles Organic,312 g,5.29,5.29,NO,0.0,Regular Everyday Price,1.7,100g,In Stock,2026-10-04T12:09:14.733335+00:00,Official metro.ca Web Storefront,2026-10-01T04:00:00+00:00,2026-10-08T03:59:59+00:00,https://www.metro.ca/en/online-grocery/aisles/produce/irresistibles-organic-organic-spring-mix-salad-312-g-p-20002052
CAN-FOODBASICS-20002053,foodbasics,Food Basics,foodbasics.ca,"St. Laurent Blvd, Ottawa",0934,ON - Ottawa,K1P1J1,Produce,Salad & Greens,"Selection Organic Spring Mix Salad, 312 g",Selection,312 g,4.49,4.49,NO,0.0,Regular Everyday Price,1.44,100g,In Stock,2026-10-04T12:09:26.542705+00:00,Official foodbasics.ca Web Storefront,2026-10-01T04:00:00+00:00,2026-10-08T03:59:59+00:00,https://www.foodbasics.ca/aisles/produce/selection-organic-spring-mix-salad-312-g-p-20002053
CAN-SOBEYS-20002054,sobeys,Sobeys,sobeys.com,"March Rd, Kanata / Ottawa",0675,ON - Ottawa,K1P1J1,Produce,Salad & Greens,"Compliments Organic Organic Spring Mix Salad, 312 g",Compliments Organic,312 g,5.49,5.49,NO,0.0,Regular Everyday Price,1.76,100g,In Stock,2026-10-04T12:09:32.528768+00:00,Official sobeys.com Web Storefront,2026-10-01T04:00:00+00:00,2026-10-08T03:59:59+00:00,https://www.sobeys.com/en/products/compliments-organic-organic-spring-mix-salad-312-g-20002054
CAN-FRESHCO-20002055,freshco,FreshCo,freshco.com,"McArthur Ave, Ottawa",9555,ON - Ottawa,K1P1J1,Produce,Salad & Greens,"Compliments Organic Organic Spring Mix Salad, 312 g",Compliments Organic,312 g,4.49,4.49,NO,0.0,Regular Everyday Price,1.44,100g,In Stock,2026-10-04T12:09:43.295000+00:00,Official freshco.com Web Storefront,2026-10-01T04:00:00+00:00,2026-10-08T03:59:59+00:00,https://freshco.com/products/compliments-organic-organic-spring-mix-salad-312-g-20002055
CAN-COSTCO-20002056,costco,Costco,costco.ca,"Innes Rd, Ottawa",0541,ON - Ottawa,K1P1J1,Produce,Salad & Greens,"Earthbound Farm Organic Spring Mix Salad, 454 g",Earthbound Farm,454 g,6.49,6.49,NO,0.0,Regular Everyday Price,1.43,100g,In Stock,2026-10-04T12:09:48.079934+00:00,Official costco.ca Web Storefront,2026-10-01T04:00:00+00:00,2026-10-08T03:59:59+00:00,https://www.costco.ca/earthbound-farm-organic-spring-mix-salad-454-g.product.002056.html
CAN-NOFRILLS-20002057,nofrills,No Frills,nofrills.ca,"Merivale Rd, Ottawa",3419,ON - Ottawa,K1P1J1,Produce,Salad & Greens,"PC Organics Organic Spring Mix Salad, 312 g",PC Organics,312 g,4.49,4.49,NO,0.0,Regular Everyday Price,1.44,100g,In Stock,2026-10-04T12:09:59.564295+00:00,Official nofrills.ca Web Storefront,2026-10-01T04:00:00+00:00,2026-10-08T03:59:59+00:00,https://www.nofrills.ca/en/pc-organics-organic-spring-mix-salad-312-g/p/20002057_EA
CAN-WALMART-20002058,walmart,Walmart,walmart.ca,"Billings Bridge, Ottawa",3092,ON - Ottawa,K1P1J1,Produce,Salad & Greens,"Your Fresh Market Organic Spring Mix Salad, 312 g",Your Fresh Market,312 g,4.27,4.27,NO,0.0,Regular Everyday Price,1.37,100g,In Stock,2026-10-04T12:10:05.136556+00:00,Official walmart.ca Web Storefront,2026-10-01T04:00:00+00:00,2026-10-08T03:59:59+00:00,https://www.walmart.ca/en/ip/your-fresh-market-organic-spring-mix-salad-312-g/60000002058
CAN-TNT-20002059,tnt,T&T,tntsupermarket.com,"Hunt Club Rd, Ottawa",015,ON - Ottawa,K1P1J1,Produce,Salad & Greens,"Fresh Organic Organic Spring Mix Salad, 312 g",Fresh Organic,312 g,4.88,6.38,YES,1.5,Weekly Feature Special - Save $1.50,1.56,100g,In Stock,2026-10-04T12:10:10.664063+00:00,Official tntsupermarket.com Web Storefront,2026-10-01T04:00:00+00:00,2026-10-08T03:59:59+00:00,https://www.tntsupermarket.com/eng/2000205-fresh-organic-organic-spring-mix-salad-312-g.html
CAN-SAVEON-20002060,saveon,Save-On,saveonfoods.com,Ottawa Regional Fulfillment,9902,ON - Ottawa,K1P1J1,Produce,Salad & Greens,"Western Family Organic Organic Spring Mix Salad, 312 g",Western Family Organic,312 g,5.29,5.29,NO,0.0,Regular Everyday Price,1.7,100g,In Stock,2026-10-04T12:10:19.450358+00:00,Official saveonfoods.com Web Storefront,2026-10-01T04:00:00+00:00,2026-10-08T03:59:59+00:00,https://www.saveonfoods.com/sm/pickup/rsid/9902/product/western-family-organic-organic-spring-mix-salad-312-g-20002060
CAN-LOBLAWS-20002061,loblaws,Loblaws,loblaws.ca,"Isabella St, Ottawa",1024,ON - Ottawa,K1P1J1,Produce,Asian Specialty,"T&T / PC Fresh Shanghai Bok Choy, 1 kg",T&T / PC,1 kg,3.99,3.99,NO,0.0,Regular Everyday Price,3.99,kg,In Stock,2026-10-04T12:10:28.494682+00:00,Official loblaws.ca Web Storefront,2026-10-01T04:00:00+00:00,2026-10-08T03:59:59+00:00,https://www.loblaws.ca/en/tt-pc-fresh-shanghai-bok-choy-1-kg/p/20002061_EA
CAN-METRO-20002062,metro,Metro,metro.ca,"Beechwood Ave, Ottawa",0418,ON - Ottawa,K1P1J1,Produce,Asian Specialty,"Selection Fresh Shanghai Bok Choy, 1 kg",Selection,1 kg,3.99,4.79,YES,0.8,Weekly Flyer Special - Save $0.80,3.99,kg,In Stock,2026-10-04T12:10:43.088727+00:00,Official metro.ca Web Storefront,2026-10-01T04:00:00+00:00,2026-10-08T03:59:59+00:00,https://www.metro.ca/en/online-grocery/aisles/produce/selection-fresh-shanghai-bok-choy-1-kg-p-20002062
CAN-FOODBASICS-20002063,foodbasics,Food Basics,foodbasics.ca,"St. Laurent Blvd, Ottawa",0934,ON - Ottawa,K1P1J1,Produce,Asian Specialty,"Selection Fresh Shanghai Bok Choy, 1 kg",Selection,1 kg,3.29,4.29,YES,1.0,Always More For Less - Save $1.00,3.29,kg,In Stock,2026-10-04T12:10:55.568492+00:00,Official foodbasics.ca Web Storefront,2026-10-01T04:00:00+00:00,2026-10-08T03:59:59+00:00,https://www.foodbasics.ca/aisles/produce/selection-fresh-shanghai-bok-choy-1-kg-p-20002063
CAN-SOBEYS-20002064,sobeys,Sobeys,sobeys.com,"March Rd, Kanata / Ottawa",0675,ON - Ottawa,K1P1J1,Produce,Asian Specialty,"Compliments Fresh Shanghai Bok Choy, 1 kg",Compliments,1 kg,3.99,5.49,YES,1.5,Scene+ Member Deal - Save $1.50,3.99,kg,In Stock,2026-10-04T12:11:04.185935+00:00,Official sobeys.com Web Storefront,2026-10-01T04:00:00+00:00,2026-10-08T03:59:59+00:00,https://www.sobeys.com/en/products/compliments-fresh-shanghai-bok-choy-1-kg-20002064
CAN-FRESHCO-20002065,freshco,FreshCo,freshco.com,"McArthur Ave, Ottawa",9555,ON - Ottawa,K1P1J1,Produce,Asian Specialty,"Compliments Fresh Shanghai Bok Choy, 1 kg",Compliments,1 kg,3.29,3.29,NO,0.0,Regular Everyday Price,3.29,kg,In Stock,2026-10-04T12:11:17.189106+00:00,Official freshco.com Web Storefront,2026-10-01T04:00:00+00:00,2026-10-08T03:59:59+00:00,https://freshco.com/products/compliments-fresh-shanghai-bok-choy-1-kg-20002065
CAN-COSTCO-20002066,costco,Costco,costco.ca,"Innes Rd, Ottawa",0541,ON - Ottawa,K1P1J1,Produce,Asian Specialty,"Kirkland Signature Fresh Shanghai Bok Choy, 1.5 kg",Kirkland Signature,1.5 kg,5.99,5.99,NO,0.0,Regular Everyday Price,3.99,kg,In Stock,2026-10-04T12:11:26.417410+00:00,Official costco.ca Web Storefront,2026-10-01T04:00:00+00:00,2026-10-08T03:59:59+00:00,https://www.costco.ca/kirkland-signature-fresh-shanghai-bok-choy-15-kg.product.002066.html
CAN-NOFRILLS-20002067,nofrills,No Frills,nofrills.ca,"Merivale Rd, Ottawa",3419,ON - Ottawa,K1P1J1,Produce,Asian Specialty,"Suraj Fresh Shanghai Bok Choy, 1 kg",Suraj,1 kg,3.49,4.24,YES,0.75,Hit of the Month - Rollback $0.75,3.49,kg,In Stock,2026-10-04T12:11:30.036891+00:00,Official nofrills.ca Web Storefront,2026-10-01T04:00:00+00:00,2026-10-08T03:59:59+00:00,https://www.nofrills.ca/en/suraj-fresh-shanghai-bok-choy-1-kg/p/20002067_EA
CAN-WALMART-20002068,walmart,Walmart,walmart.ca,"Billings Bridge, Ottawa",3092,ON - Ottawa,K1P1J1,Produce,Asian Specialty,"Your Fresh Market Fresh Shanghai Bok Choy, 1 kg",Your Fresh Market,1 kg,3.47,3.47,NO,0.0,Regular Everyday Price,3.47,kg,In Stock,2026-10-04T12:11:37.067692+00:00,Official walmart.ca Web Storefront,2026-10-01T04:00:00+00:00,2026-10-08T03:59:59+00:00,https://www.walmart.ca/en/ip/your-fresh-market-fresh-shanghai-bok-choy-1-kg/60000002068
CAN-TNT-20002069,tnt,T&T,tntsupermarket.com,"Hunt Club Rd, Ottawa",015,ON - Ottawa,K1P1J1,Produce,Asian Specialty,"T&T Fresh Direct Fresh Shanghai Bok Choy, 1 kg",T&T Fresh Direct,1 kg,2.98,2.98,NO,0.0,Regular Everyday Price,2.98,kg,In Stock,2026-10-04T12:11:45.341599+00:00,Official tntsupermarket.com Web Storefront,2026-10-01T04:00:00+00:00,2026-10-08T03:59:59+00:00,https://www.tntsupermarket.com/eng/2000206-tt-fresh-direct-fresh-shanghai-bok-choy-1-kg.html
CAN-SAVEON-20002070,saveon,Save-On,saveonfoods.com,Ottawa Regional Fulfillment,9902,ON - Ottawa,K1P1J1,Produce,Asian Specialty,"Western Family Fresh Shanghai Bok Choy, 1 kg",Western Family,1 kg,3.99,3.99,NO,0.0,Regular Everyday Price,3.99,kg,In Stock,2026-10-04T12:11:57.211677+00:00,Official saveonfoods.com Web Storefront,2026-10-01T04:00:00+00:00,2026-10-08T03:59:59+00:00,https://www.saveonfoods.com/sm/pickup/rsid/9902/product/western-family-fresh-shanghai-bok-choy-1-kg-20002070
CAN-LOBLAWS-20002071,loblaws,Loblaws,loblaws.ca,"Isabella St, Ottawa",1024,ON - Ottawa,K1P1J1,Dairy & Eggs,Butter & Margarine,"No Name Salted Butter Block, 454 g",No Name,454 g,5.99,5.99,NO,0.0,Regular Everyday Price,1.32,100g,In Stock,2026-10-04T12:12:09.940155+00:00,Official loblaws.ca Web Storefront,2026-10-01T04:00:00+00:00,2026-10-08T03:59:59+00:00,https://www.loblaws.ca/en/no-name-salted-butter-block-454-g/p/20002071_EA
CAN-METRO-20002072,metro,Metro,metro.ca,"Beechwood Ave, Ottawa",0418,ON - Ottawa,K1P1J1,Dairy & Eggs,Butter & Margarine,"Selection Salted Butter Block, 454 g",Selection,454 g,6.49,6.49,NO,0.0,Regular Everyday Price,1.43,100g,In Stock,2026-10-04T12:12:16.016982+00:00,Official metro.ca Web Storefront,2026-10-01T04:00:00+00:00,2026-10-08T03:59:59+00:00,https://www.metro.ca/en/online-grocery/aisles/dairy-eggs/selection-salted-butter-block-454-g-p-20002072
CAN-FOODBASICS-20002073,foodbasics,Food Basics,foodbasics.ca,"St. Laurent Blvd, Ottawa",0934,ON - Ottawa,K1P1J1,Dairy & Eggs,Butter & Margarine,"Selection Salted Butter Block, 454 g",Selection,454 g,5.29,5.79,YES,0.5,Always More For Less - Save $0.50,1.17,100g,In Stock,2026-10-04T12:12:21.045880+00:00,Official foodbasics.ca Web Storefront,2026-10-01T04:00:00+00:00,2026-10-08T03:59:59+00:00,https://www.foodbasics.ca/aisles/dairy-eggs/selection-salted-butter-block-454-g-p-20002073
CAN-SOBEYS-20002074,sobeys,Sobeys,sobeys.com,"March Rd, Kanata / Ottawa",0675,ON - Ottawa,K1P1J1,Dairy & Eggs,Butter & Margarine,"Compliments Salted Butter Block, 454 g",Compliments,454 g,6.29,6.29,NO,0.0,Regular Everyday Price,1.39,100g,In Stock,2026-10-04T12:12:29.853698+00:00,Official sobeys.com Web Storefront,2026-10-01T04:00:00+00:00,2026-10-08T03:59:59+00:00,https://www.sobeys.com/en/products/compliments-salted-butter-block-454-g-20002074
CAN-FRESHCO-20002075,freshco,FreshCo,freshco.com,"McArthur Ave, Ottawa",9555,ON - Ottawa,K1P1J1,Dairy & Eggs,Butter & Margarine,"Compliments Salted Butter Block, 454 g",Compliments,454 g,5.29,5.29,NO,0.0,Regular Everyday Price,1.17,100g,In Stock,2026-10-04T12:12:42.510009+00:00,Official freshco.com Web Storefront,2026-10-01T04:00:00+00:00,2026-10-08T03:59:59+00:00,https://freshco.com/products/compliments-salted-butter-block-454-g-20002075
CAN-COSTCO-20002076,costco,Costco,costco.ca,"Innes Rd, Ottawa",0541,ON - Ottawa,K1P1J1,Dairy & Eggs,Butter & Margarine,"Kirkland Signature Salted Butter Block, 4 x 454 g",Kirkland Signature,4 x 454 g,17.49,17.49,NO,0.0,Regular Everyday Price,3.85,100g,In Stock,2026-10-04T12:12:53.011664+00:00,Official costco.ca Web Storefront,2026-10-01T04:00:00+00:00,2026-10-08T03:59:59+00:00,https://www.costco.ca/kirkland-signature-salted-butter-block-4-x-454-g.product.002076.html
CAN-NOFRILLS-20002077,nofrills,No Frills,nofrills.ca,"Merivale Rd, Ottawa",3419,ON - Ottawa,K1P1J1,Dairy & Eggs,Butter & Margarine,"No Name Salted Butter Block, 454 g",No Name,454 g,6.0,6.0,NO,0.0,Regular Everyday Price,1.32,100g,In Stock,2026-10-04T12:12:59.594587+00:00,Official nofrills.ca Web Storefront,2026-10-01T04:00:00+00:00,2026-10-08T03:59:59+00:00,https://www.nofrills.ca/en/no-name-salted-butter-block-454-g/p/20002077_EA
CAN-WALMART-20002078,walmart,Walmart,walmart.ca,"Billings Bridge, Ottawa",3092,ON - Ottawa,K1P1J1,Dairy & Eggs,Butter & Margarine,"Great Value Salted Butter Block, 454 g",Great Value,454 g,4.97,4.97,NO,0.0,Regular Everyday Price,1.09,100g,In Stock,2026-10-04T12:13:05.120114+00:00,Official walmart.ca Web Storefront,2026-10-01T04:00:00+00:00,2026-10-08T03:59:59+00:00,https://www.walmart.ca/en/ip/great-value-salted-butter-block-454-g/60000002078
CAN-TNT-20002079,tnt,T&T,tntsupermarket.com,"Hunt Club Rd, Ottawa",015,ON - Ottawa,K1P1J1,Dairy & Eggs,Butter & Margarine,"Gay Lea Salted Butter Block, 454 g",Gay Lea,454 g,5.88,5.88,NO,0.0,Regular Everyday Price,1.3,100g,In Stock,2026-10-04T12:13:16.766415+00:00,Official tntsupermarket.com Web Storefront,2026-10-01T04:00:00+00:00,2026-10-08T03:59:59+00:00,https://www.tntsupermarket.com/eng/2000207-gay-lea-salted-butter-block-454-g.html
CAN-SAVEON-20002080,saveon,Save-On,saveonfoods.com,Ottawa Regional Fulfillment,9902,ON - Ottawa,K1P1J1,Dairy & Eggs,Butter & Margarine,"Western Family Salted Butter Block, 454 g",Western Family,454 g,6.19,6.19,NO,0.0,Regular Everyday Price,1.36,100g,In Stock,2026-10-04T12:13:26.191070+00:00,Official saveonfoods.com Web Storefront,2026-10-01T04:00:00+00:00,2026-10-08T03:59:59+00:00,https://www.saveonfoods.com/sm/pickup/rsid/9902/product/western-family-salted-butter-block-454-g-20002080
CAN-LOBLAWS-20002081,loblaws,Loblaws,loblaws.ca,"Isabella St, Ottawa",1024,ON - Ottawa,K1P1J1,Dairy & Eggs,Milk,"Neilson 2% Partly Skimmed Milk, 4 L",Neilson,4 L,6.44,8.44,YES,2.0,PC Optimum Member Price - Save $2.00,1.61,L,In Stock,2026-10-04T12:13:34.740633+00:00,Official loblaws.ca Web Storefront,2026-10-01T04:00:00+00:00,2026-10-08T03:59:59+00:00,https://www.loblaws.ca/en/neilson-2-partly-skimmed-milk-4-l/p/20002081_EA
CAN-METRO-20002082,metro,Metro,metro.ca,"Beechwood Ave, Ottawa",0418,ON - Ottawa,K1P1J1,Dairy & Eggs,Milk,"Sealtest 2% Partly Skimmed Milk, 4 L",Sealtest,4 L,6.44,6.44,NO,0.0,Regular Everyday Price,1.61,L,In Stock,2026-10-04T12:13:38.535703+00:00,Official metro.ca Web Storefront,2026-10-01T04:00:00+00:00,2026-10-08T03:59:59+00:00,https://www.metro.ca/en/online-grocery/aisles/dairy-eggs/sealtest-2-partly-skimmed-milk-4-l-p-20002082
CAN-FOODBASICS-20002083,foodbasics,Food Basics,foodbasics.ca,"St. Laurent Blvd, Ottawa",0934,ON - Ottawa,K1P1J1,Dairy & Eggs,Milk,"Selection 2% Partly Skimmed Milk, 4 L",Selection,4 L,5.69,5.69,NO,0.0,Regular Everyday Price,1.42,L,In Stock,2026-10-04T12:13:41.558742+00:00,Official foodbasics.ca Web Storefront,2026-10-01T04:00:00+00:00,2026-10-08T03:59:59+00:00,https://www.foodbasics.ca/aisles/dairy-eggs/selection-2-partly-skimmed-milk-4-l-p-20002083
CAN-SOBEYS-20002084,sobeys,Sobeys,sobeys.com,"March Rd, Kanata / Ottawa",0675,ON - Ottawa,K1P1J1,Dairy & Eggs,Milk,"Lactantia 2% Partly Skimmed Milk, 4 L",Lactantia,4 L,6.44,7.94,YES,1.5,Scene+ Member Deal - Save $1.50,1.61,L,In Stock,2026-10-04T12:13:46.090787+00:00,Official sobeys.com Web Storefront,2026-10-01T04:00:00+00:00,2026-10-08T03:59:59+00:00,https://www.sobeys.com/en/products/lactantia-2-partly-skimmed-milk-4-l-20002084
CAN-FRESHCO-20002085,freshco,FreshCo,freshco.com,"McArthur Ave, Ottawa",9555,ON - Ottawa,K1P1J1,Dairy & Eggs,Milk,"Sealtest 2% Partly Skimmed Milk, 4 L",Sealtest,4 L,5.69,5.69,NO,0.0,Regular Everyday Price,1.42,L,In Stock,2026-10-04T12:13:53.726560+00:00,Official freshco.com Web Storefront,2026-10-01T04:00:00+00:00,2026-10-08T03:59:59+00:00,https://freshco.com/products/sealtest-2-partly-skimmed-milk-4-l-20002085
CAN-COSTCO-20002086,costco,Costco,costco.ca,"Innes Rd, Ottawa",0541,ON - Ottawa,K1P1J1,Dairy & Eggs,Milk,"Kirkland Signature 2% Partly Skimmed Milk, 4 L",Kirkland Signature,4 L,5.49,5.49,NO,0.0,Regular Everyday Price,1.37,L,In Stock,2026-10-04T12:14:05.748776+00:00,Official costco.ca Web Storefront,2026-10-01T04:00:00+00:00,2026-10-08T03:59:59+00:00,https://www.costco.ca/kirkland-signature-2-partly-skimmed-milk-4-l.product.002086.html
CAN-NOFRILLS-20002087,nofrills,No Frills,nofrills.ca,"Merivale Rd, Ottawa",3419,ON - Ottawa,K1P1J1,Dairy & Eggs,Milk,"Neilson 2% Partly Skimmed Milk, 4 L",Neilson,4 L,6.44,6.44,NO,0.0,Regular Everyday Price,1.61,L,In Stock,2026-10-04T12:14:11.803679+00:00,Official nofrills.ca Web Storefront,2026-10-01T04:00:00+00:00,2026-10-08T03:59:59+00:00,https://www.nofrills.ca/en/neilson-2-partly-skimmed-milk-4-l/p/20002087_EA
CAN-WALMART-20002088,walmart,Walmart,walmart.ca,"Billings Bridge, Ottawa",3092,ON - Ottawa,K1P1J1,Dairy & Eggs,Milk,"Sealtest 2% Partly Skimmed Milk, 4 L",Sealtest,4 L,6.44,6.44,NO,0.0,Regular Everyday Price,1.61,L,In Stock,2026-10-04T12:14:19.005459+00:00,Official walmart.ca Web Storefront,2026-10-01T04:00:00+00:00,2026-10-08T03:59:59+00:00,https://www.walmart.ca/en/ip/sealtest-2-partly-skimmed-milk-4-l/60000002088
CAN-TNT-20002089,tnt,T&T,tntsupermarket.com,"Hunt Club Rd, Ottawa",015,ON - Ottawa,K1P1J1,Dairy & Eggs,Milk,"Dairyland 2% Partly Skimmed Milk, 4 L",Dairyland,4 L,5.88,5.88,NO,0.0,Regular Everyday Price,1.47,L,In Stock,2026-10-04T12:14:25.873321+00:00,Official tntsupermarket.com Web Storefront,2026-10-01T04:00:00+00:00,2026-10-08T03:59:59+00:00,https://www.tntsupermarket.com/eng/2000208-dairyland-2-partly-skimmed-milk-4-l.html
CAN-SAVEON-20002090,saveon,Save-On,saveonfoods.com,Ottawa Regional Fulfillment,9902,ON - Ottawa,K1P1J1,Dairy & Eggs,Milk,"Dairyland 2% Partly Skimmed Milk, 4 L",Dairyland,4 L,6.09,6.09,NO,0.0,Regular Everyday Price,1.52,L,In Stock,2026-10-04T12:14:40.783505+00:00,Official saveonfoods.com Web Storefront,2026-10-01T04:00:00+00:00,2026-10-08T03:59:59+00:00,https://www.saveonfoods.com/sm/pickup/rsid/9902/product/dairyland-2-partly-skimmed-milk-4-l-20002090
CAN-LOBLAWS-20002091,loblaws,Loblaws,loblaws.ca,"Isabella St, Ottawa",1024,ON - Ottawa,K1P1J1,Dairy & Eggs,Eggs,"No Name Large White Grade A Eggs, 12 count",No Name,12 count,3.93,3.93,NO,0.0,Regular Everyday Price,0.33,each,In Stock,2026-10-04T12:14:53.186244+00:00,Official loblaws.ca Web Storefront,2026-10-01T04:00:00+00:00,2026-10-08T03:59:59+00:00,https://www.loblaws.ca/en/no-name-large-white-grade-a-eggs-12-count/p/20002091_EA
CAN-METRO-20002092,metro,Metro,metro.ca,"Beechwood Ave, Ottawa",0418,ON - Ottawa,K1P1J1,Dairy & Eggs,Eggs,"Selection Large White Grade A Eggs, 12 count",Selection,12 count,4.09,4.09,NO,0.0,Regular Everyday Price,0.34,each,In Stock,2026-10-04T12:15:04.096501+00:00,Official metro.ca Web Storefront,2026-10-01T04:00:00+00:00,2026-10-08T03:59:59+00:00,https://www.metro.ca/en/online-grocery/aisles/dairy-eggs/selection-large-white-grade-a-eggs-12-count-p-20002092
CAN-FOODBASICS-20002093,foodbasics,Food Basics,foodbasics.ca,"St. Laurent Blvd, Ottawa",0934,ON - Ottawa,K1P1J1,Dairy & Eggs,Eggs,"Selection Large White Grade A Eggs, 12 count",Selection,12 count,3.79,3.79,NO,0.0,Regular Everyday Price,0.32,each,In Stock,2026-10-04T12:15:16.128280+00:00,Official foodbasics.ca Web Storefront,2026-10-01T04:00:00+00:00,2026-10-08T03:59:59+00:00,https://www.foodbasics.ca/aisles/dairy-eggs/selection-large-white-grade-a-eggs-12-count-p-20002093
CAN-SOBEYS-20002094,sobeys,Sobeys,sobeys.com,"March Rd, Kanata / Ottawa",0675,ON - Ottawa,K1P1J1,Dairy & Eggs,Eggs,"Compliments Large White Grade A Eggs, 12 count",Compliments,12 count,4.49,5.74,YES,1.25,Scene+ Member Deal - Save $1.25,0.37,each,In Stock,2026-10-04T12:15:27.026143+00:00,Official sobeys.com Web Storefront,2026-10-01T04:00:00+00:00,2026-10-08T03:59:59+00:00,https://www.sobeys.com/en/products/compliments-large-white-grade-a-eggs-12-count-20002094
CAN-FRESHCO-20002095,freshco,FreshCo,freshco.com,"McArthur Ave, Ottawa",9555,ON - Ottawa,K1P1J1,Dairy & Eggs,Eggs,"Compliments Large White Grade A Eggs, 12 count",Compliments,12 count,3.79,4.69,YES,0.9,Price Match Guarantee Deal - Save $0.90,0.32,each,In Stock,2026-10-04T12:15:38.610500+00:00,Official freshco.com Web Storefront,2026-10-01T04:00:00+00:00,2026-10-08T03:59:59+00:00,https://freshco.com/products/compliments-large-white-grade-a-eggs-12-count-20002095
CAN-COSTCO-20002096,costco,Costco,costco.ca,"Innes Rd, Ottawa",0541,ON - Ottawa,K1P1J1,Dairy & Eggs,Eggs,"Kirkland Signature Large White Grade A Eggs, 30 count",Kirkland Signature,30 count,11.49,11.49,NO,0.0,Regular Everyday Price,0.38,each,In Stock,2026-10-04T12:15:45.731970+00:00,Official costco.ca Web Storefront,2026-10-01T04:00:00+00:00,2026-10-08T03:59:59+00:00,https://www.costco.ca/kirkland-signature-large-white-grade-a-eggs-30-count.product.002096.html
CAN-NOFRILLS-20002097,nofrills,No Frills,nofrills.ca,"Merivale Rd, Ottawa",3419,ON - Ottawa,K1P1J1,Dairy & Eggs,Eggs,"No Name Large White Grade A Eggs, 12 count",No Name,12 count,3.93,3.93,NO,0.0,Regular Everyday Price,0.33,each,In Stock,2026-10-04T12:15:55.853499+00:00,Official nofrills.ca Web Storefront,2026-10-01T04:00:00+00:00,2026-10-08T03:59:59+00:00,https://www.nofrills.ca/en/no-name-large-white-grade-a-eggs-12-count/p/20002097_EA
CAN-WALMART-20002098,walmart,Walmart,walmart.ca,"Billings Bridge, Ottawa",3092,ON - Ottawa,K1P1J1,Dairy & Eggs,Eggs,"Great Value Large White Grade A Eggs, 12 count",Great Value,12 count,3.93,4.9,YES,0.97,Rollback - Save $0.97,0.33,each,In Stock,2026-10-04T12:15:59.612885+00:00,Official walmart.ca Web Storefront,2026-10-01T04:00:00+00:00,2026-10-08T03:59:59+00:00,https://www.walmart.ca/en/ip/great-value-large-white-grade-a-eggs-12-count/60000002098
CAN-TNT-20002099,tnt,T&T,tntsupermarket.com,"Hunt Club Rd, Ottawa",015,ON - Ottawa,K1P1J1,Dairy & Eggs,Eggs,"T&T Brand Large White Grade A Eggs, 12 count",T&T Brand,12 count,3.98,3.98,NO,0.0,Regular Everyday Price,0.33,each,In Stock,2026-10-04T12:16:07.977180+00:00,Official tntsupermarket.com Web Storefront,2026-10-01T04:00:00+00:00,2026-10-08T03:59:59+00:00,https://www.tntsupermarket.com/eng/2000209-tt-brand-large-white-grade-a-eggs-12-count.html
CAN-SAVEON-20002100,saveon,Save-On,saveonfoods.com,Ottawa Regional Fulfillment,9902,ON - Ottawa,K1P1J1,Dairy & Eggs,Eggs,"Western Family Large White Grade A Eggs, 12 count",Western Family,12 count,4.39,4.39,NO,0.0,Regular Everyday Price,0.37,each,In Stock,2026-10-04T12:16:11.537183+00:00,Official saveonfoods.com Web Storefront,2026-10-01T04:00:00+00:00,2026-10-08T03:59:59+00:00,https://www.saveonfoods.com/sm/pickup/rsid/9902/product/western-family-large-white-grade-a-eggs-12-count-20002100
CAN-LOBLAWS-20002101,loblaws,Loblaws,loblaws.ca,"Isabella St, Ottawa",1024,ON - Ottawa,K1P1J1,Dairy & Eggs,Cheese,"President's Choice Old Cheddar Cheese Block, 400 g",President's Choice,400 g,6.99,8.99,YES,2.0,PC Optimum Member Price - Save $2.00,1.75,100g,In Stock,2026-10-04T12:16:15.907222+00:00,Official loblaws.ca Web Storefront,2026-10-01T04:00:00+00:00,2026-10-08T03:59:59+00:00,https://www.loblaws.ca/en/presidents-choice-old-cheddar-cheese-block-400-g/p/20002101_EA
CAN-METRO-20002102,metro,Metro,metro.ca,"Beechwood Ave, Ottawa",0418,ON - Ottawa,K1P1J1,Dairy & Eggs,Cheese,"Selection Old Cheddar Cheese Block, 400 g",Selection,400 g,6.49,7.49,YES,1.0,Weekly Flyer Special - Save $1.00,1.62,100g,In Stock,2026-10-04T12:16:25.281609+00:00,Official metro.ca Web Storefront,2026-10-01T04:00:00+00:00,2026-10-08T03:59:59+00:00,https://www.metro.ca/en/online-grocery/aisles/dairy-eggs/selection-old-cheddar-cheese-block-400-g-p-20002102
CAN-FOODBASICS-20002103,foodbasics,Food Basics,foodbasics.ca,"St. Laurent Blvd, Ottawa",0934,ON - Ottawa,K1P1J1,Dairy & Eggs,Cheese,"Selection Old Cheddar Cheese Block, 400 g",Selection,400 g,5.49,5.49,NO,0.0,Regular Everyday Price,1.37,100g,In Stock,2026-10-04T12:16:33.732611+00:00,Official foodbasics.ca Web Storefront,2026-10-01T04:00:00+00:00,2026-10-08T03:59:59+00:00,https://www.foodbasics.ca/aisles/dairy-eggs/selection-old-cheddar-cheese-block-400-g-p-20002103
CAN-SOBEYS-20002104,sobeys,Sobeys,sobeys.com,"March Rd, Kanata / Ottawa",0675,ON - Ottawa,K1P1J1,Dairy & Eggs,Cheese,"Compliments Old Cheddar Cheese Block, 400 g",Compliments,400 g,6.99,8.24,YES,1.25,Scene+ Member Deal - Save $1.25,1.75,100g,In Stock,2026-10-04T12:16:40.627009+00:00,Official sobeys.com Web Storefront,2026-10-01T04:00:00+00:00,2026-10-08T03:59:59+00:00,https://www.sobeys.com/en/products/compliments-old-cheddar-cheese-block-400-g-20002104
CAN-FRESHCO-20002105,freshco,FreshCo,freshco.com,"McArthur Ave, Ottawa",9555,ON - Ottawa,K1P1J1,Dairy & Eggs,Cheese,"Compliments Old Cheddar Cheese Block, 400 g",Compliments,400 g,5.49,5.49,NO,0.0,Regular Everyday Price,1.37,100g,In Stock,2026-10-04T12:16:44.089093+00:00,Official freshco.com Web Storefront,2026-10-01T04:00:00+00:00,2026-10-08T03:59:59+00:00,https://freshco.com/products/compliments-old-cheddar-cheese-block-400-g-20002105
CAN-COSTCO-20002106,costco,Costco,costco.ca,"Innes Rd, Ottawa",0541,ON - Ottawa,K1P1J1,Dairy & Eggs,Cheese,"Kirkland Signature Old Cheddar Cheese Block, 907 g",Kirkland Signature,907 g,12.99,12.99,NO,0.0,Regular Everyday Price,1.43,100g,In Stock,2026-10-04T12:16:56.554745+00:00,Official costco.ca Web Storefront,2026-10-01T04:00:00+00:00,2026-10-08T03:59:59+00:00,https://www.costco.ca/kirkland-signature-old-cheddar-cheese-block-907-g.product.002106.html
CAN-NOFRILLS-20002107,nofrills,No Frills,nofrills.ca,"Merivale Rd, Ottawa",3419,ON - Ottawa,K1P1J1,Dairy & Eggs,Cheese,"No Name Old Cheddar Cheese Block, 400 g",No Name,400 g,5.49,5.49,NO,0.0,Regular Everyday Price,1.37,100g,In Stock,2026-10-04T12:17:01.777262+00:00,Official nofrills.ca Web Storefront,2026-10-01T04:00:00+00:00,2026-10-08T03:59:59+00:00,https://www.nofrills.ca/en/no-name-old-cheddar-cheese-block-400-g/p/20002107_EA
CAN-WALMART-20002108,walmart,Walmart,walmart.ca,"Billings Bridge, Ottawa",3092,ON - Ottawa,K1P1J1,Dairy & Eggs,Cheese,"Great Value Old Cheddar Cheese Block, 400 g",Great Value,400 g,5.47,5.47,NO,0.0,Regular Everyday Price,1.37,100g,In Stock,2026-10-04T12:17:07.984832+00:00,Official walmart.ca Web Storefront,2026-10-01T04:00:00+00:00,2026-10-08T03:59:59+00:00,https://www.walmart.ca/en/ip/great-value-old-cheddar-cheese-block-400-g/60000002108
CAN-TNT-20002109,tnt,T&T,tntsupermarket.com,"Hunt Club Rd, Ottawa",015,ON - Ottawa,K1P1J1,Dairy & Eggs,Cheese,"Armstrong Old Cheddar Cheese Block, 400 g",Armstrong,400 g,6.28,6.28,NO,0.0,Regular Everyday Price,1.57,100g,In Stock,2026-10-04T12:17:11.881006+00:00,Official tntsupermarket.com Web Storefront,2026-10-01T04:00:00+00:00,2026-10-08T03:59:59+00:00,https://www.tntsupermarket.com/eng/2000210-armstrong-old-cheddar-cheese-block-400-g.html
CAN-SAVEON-20002110,saveon,Save-On,saveonfoods.com,Ottawa Regional Fulfillment,9902,ON - Ottawa,K1P1J1,Dairy & Eggs,Cheese,"Western Family Old Cheddar Cheese Block, 400 g",Western Family,400 g,6.79,6.79,NO,0.0,Regular Everyday Price,1.7,100g,In Stock,2026-10-04T12:17:25.251292+00:00,Official saveonfoods.com Web Storefront,2026-10-01T04:00:00+00:00,2026-10-08T03:59:59+00:00,https://www.saveonfoods.com/sm/pickup/rsid/9902/product/western-family-old-cheddar-cheese-block-400-g-20002110
CAN-LOBLAWS-20002111,loblaws,Loblaws,loblaws.ca,"Isabella St, Ottawa",1024,ON - Ottawa,K1P1J1,Dairy & Eggs,Yogurt,"President's Choice Greek Plain 0% Yogurt, 750 g",President's Choice,750 g,6.19,6.94,YES,0.75,PC Optimum Member Price - Save $0.75,0.83,100g,In Stock,2026-10-04T12:17:38.057133+00:00,Official loblaws.ca Web Storefront,2026-10-01T04:00:00+00:00,2026-10-08T03:59:59+00:00,https://www.loblaws.ca/en/presidents-choice-greek-plain-0-yogurt-750-g/p/20002111_EA
CAN-METRO-20002112,metro,Metro,metro.ca,"Beechwood Ave, Ottawa",0418,ON - Ottawa,K1P1J1,Dairy & Eggs,Yogurt,"Selection Greek Plain 0% Yogurt, 750 g",Selection,750 g,5.79,5.79,NO,0.0,Regular Everyday Price,0.77,100g,In Stock,2026-10-04T12:17:51.859386+00:00,Official metro.ca Web Storefront,2026-10-01T04:00:00+00:00,2026-10-08T03:59:59+00:00,https://www.metro.ca/en/online-grocery/aisles/dairy-eggs/selection-greek-plain-0-yogurt-750-g-p-20002112
CAN-FOODBASICS-20002113,foodbasics,Food Basics,foodbasics.ca,"St. Laurent Blvd, Ottawa",0934,ON - Ottawa,K1P1J1,Dairy & Eggs,Yogurt,"Selection Greek Plain 0% Yogurt, 750 g",Selection,750 g,5.19,5.19,NO,0.0,Regular Everyday Price,0.69,100g,In Stock,2026-10-04T12:17:59.767009+00:00,Official foodbasics.ca Web Storefront,2026-10-01T04:00:00+00:00,2026-10-08T03:59:59+00:00,https://www.foodbasics.ca/aisles/dairy-eggs/selection-greek-plain-0-yogurt-750-g-p-20002113
CAN-SOBEYS-20002114,sobeys,Sobeys,sobeys.com,"March Rd, Kanata / Ottawa",0675,ON - Ottawa,K1P1J1,Dairy & Eggs,Yogurt,"Compliments Greek Plain 0% Yogurt, 750 g",Compliments,750 g,6.19,6.19,NO,0.0,Regular Everyday Price,0.83,100g,In Stock,2026-10-04T12:18:13.107811+00:00,Official sobeys.com Web Storefront,2026-10-01T04:00:00+00:00,2026-10-08T03:59:59+00:00,https://www.sobeys.com/en/products/compliments-greek-plain-0-yogurt-750-g-20002114
CAN-FRESHCO-20002115,freshco,FreshCo,freshco.com,"McArthur Ave, Ottawa",9555,ON - Ottawa,K1P1J1,Dairy & Eggs,Yogurt,"Compliments Greek Plain 0% Yogurt, 750 g",Compliments,750 g,5.19,5.19,NO,0.0,Regular Everyday Price,0.69,100g,In Stock,2026-10-04T12:18:18.263314+00:00,Official freshco.com Web Storefront,2026-10-01T04:00:00+00:00,2026-10-08T03:59:59+00:00,https://freshco.com/products/compliments-greek-plain-0-yogurt-750-g-20002115
CAN-COSTCO-20002116,costco,Costco,costco.ca,"Innes Rd, Ottawa",0541,ON - Ottawa,K1P1J1,Dairy & Eggs,Yogurt,"Kirkland Signature Greek Plain 0% Yogurt, 2 x 1 kg",Kirkland Signature,2 x 1 kg,9.99,13.49,YES,3.5,Instant Savings $3.50 Off at Checkout,9.99,kg,In Stock,2026-10-04T12:18:22.811052+00:00,Official costco.ca Web Storefront,2026-10-01T04:00:00+00:00,2026-10-08T03:59:59+00:00,https://www.costco.ca/kirkland-signature-greek-plain-0-yogurt-2-x-1-kg.product.002116.html
CAN-NOFRILLS-20002117,nofrills,No Frills,nofrills.ca,"Merivale Rd, Ottawa",3419,ON - Ottawa,K1P1J1,Dairy & Eggs,Yogurt,"PC Blue Menu Greek Plain 0% Yogurt, 750 g",PC Blue Menu,750 g,5.29,5.29,NO,0.0,Regular Everyday Price,0.71,100g,In Stock,2026-10-04T12:18:31.445365+00:00,Official nofrills.ca Web Storefront,2026-10-01T04:00:00+00:00,2026-10-08T03:59:59+00:00,https://www.nofrills.ca/en/pc-blue-menu-greek-plain-0-yogurt-750-g/p/20002117_EA
CAN-WALMART-20002118,walmart,Walmart,walmart.ca,"Billings Bridge, Ottawa",3092,ON - Ottawa,K1P1J1,Dairy & Eggs,Yogurt,"Great Value Greek Plain 0% Yogurt, 750 g",Great Value,750 g,4.97,4.97,NO,0.0,Regular Everyday Price,0.66,100g,In Stock,2026-10-04T12:18:39.556155+00:00,Official walmart.ca Web Storefront,2026-10-01T04:00:00+00:00,2026-10-08T03:59:59+00:00,https://www.walmart.ca/en/ip/great-value-greek-plain-0-yogurt-750-g/60000002118
CAN-TNT-20002119,tnt,T&T,tntsupermarket.com,"Hunt Club Rd, Ottawa",015,ON - Ottawa,K1P1J1,Dairy & Eggs,Yogurt,"Iogo Greek Greek Plain 0% Yogurt, 750 g",Iogo Greek,750 g,5.68,7.18,YES,1.5,Weekly Feature Special - Save $1.50,0.76,100g,In Stock,2026-10-04T12:18:51.659326+00:00,Official tntsupermarket.com Web Storefront,2026-10-01T04:00:00+00:00,2026-10-08T03:59:59+00:00,https://www.tntsupermarket.com/eng/2000211-iogo-greek-greek-plain-0-yogurt-750-g.html
CAN-SAVEON-20002120,saveon,Save-On,saveonfoods.com,Ottawa Regional Fulfillment,9902,ON - Ottawa,K1P1J1,Dairy & Eggs,Yogurt,"Western Family Greek Plain 0% Yogurt, 750 g",Western Family,750 g,5.99,5.99,NO,0.0,Regular Everyday Price,0.8,100g,In Stock,2026-10-04T12:19:01.556044+00:00,Official saveonfoods.com Web Storefront,2026-10-01T04:00:00+00:00,2026-10-08T03:59:59+00:00,https://www.saveonfoods.com/sm/pickup/rsid/9902/product/western-family-greek-plain-0-yogurt-750-g-20002120
CAN-LOBLAWS-20002121,loblaws,Loblaws,loblaws.ca,"Isabella St, Ottawa",1024,ON - Ottawa,K1P1J1,Dairy & Eggs,Tofu & Plant-Based,"PC Organics Extra Firm Organic Tofu, 454 g",PC Organics,454 g,2.99,2.99,NO,0.0,Regular Everyday Price,0.66,100g,In Stock,2026-10-04T12:19:14.354708+00:00,Official loblaws.ca Web Storefront,2026-10-01T04:00:00+00:00,2026-10-08T03:59:59+00:00,https://www.loblaws.ca/en/pc-organics-extra-firm-organic-tofu-454-g/p/20002121_EA
CAN-METRO-20002122,metro,Metro,metro.ca,"Beechwood Ave, Ottawa",0418,ON - Ottawa,K1P1J1,Dairy & Eggs,Tofu & Plant-Based,"Selection Extra Firm Organic Tofu, 454 g",Selection,454 g,2.89,2.89,NO,0.0,Regular Everyday Price,0.64,100g,In Stock,2026-10-04T12:19:17.391730+00:00,Official metro.ca Web Storefront,2026-10-01T04:00:00+00:00,2026-10-08T03:59:59+00:00,https://www.metro.ca/en/online-grocery/aisles/dairy-eggs/selection-extra-firm-organic-tofu-454-g-p-20002122
CAN-FOODBASICS-20002123,foodbasics,Food Basics,foodbasics.ca,"St. Laurent Blvd, Ottawa",0934,ON - Ottawa,K1P1J1,Dairy & Eggs,Tofu & Plant-Based,"Selection Extra Firm Organic Tofu, 454 g",Selection,454 g,2.29,2.29,NO,0.0,Regular Everyday Price,0.5,100g,In Stock,2026-10-04T12:19:28.753490+00:00,Official foodbasics.ca Web Storefront,2026-10-01T04:00:00+00:00,2026-10-08T03:59:59+00:00,https://www.foodbasics.ca/aisles/dairy-eggs/selection-extra-firm-organic-tofu-454-g-p-20002123
CAN-SOBEYS-20002124,sobeys,Sobeys,sobeys.com,"March Rd, Kanata / Ottawa",0675,ON - Ottawa,K1P1J1,Dairy & Eggs,Tofu & Plant-Based,"Compliments Extra Firm Organic Tofu, 454 g",Compliments,454 g,2.99,2.99,NO,0.0,Regular Everyday Price,0.66,100g,In Stock,2026-10-04T12:19:34.535371+00:00,Official sobeys.com Web Storefront,2026-10-01T04:00:00+00:00,2026-10-08T03:59:59+00:00,https://www.sobeys.com/en/products/compliments-extra-firm-organic-tofu-454-g-20002124
CAN-FRESHCO-20002125,freshco,FreshCo,freshco.com,"McArthur Ave, Ottawa",9555,ON - Ottawa,K1P1J1,Dairy & Eggs,Tofu & Plant-Based,"Compliments Extra Firm Organic Tofu, 454 g",Compliments,454 g,2.29,2.29,NO,0.0,Regular Everyday Price,0.5,100g,In Stock,2026-10-04T12:19:42.740818+00:00,Official freshco.com Web Storefront,2026-10-01T04:00:00+00:00,2026-10-08T03:59:59+00:00,https://freshco.com/products/compliments-extra-firm-organic-tofu-454-g-20002125
CAN-COSTCO-20002126,costco,Costco,costco.ca,"Innes Rd, Ottawa",0541,ON - Ottawa,K1P1J1,Dairy & Eggs,Tofu & Plant-Based,"Sunrise Soya Extra Firm Organic Tofu, 4 x 454 g",Sunrise Soya,4 x 454 g,7.99,7.99,NO,0.0,Regular Everyday Price,1.76,100g,In Stock,2026-10-04T12:19:55.705914+00:00,Official costco.ca Web Storefront,2026-10-01T04:00:00+00:00,2026-10-08T03:59:59+00:00,https://www.costco.ca/sunrise-soya-extra-firm-organic-tofu-4-x-454-g.product.002126.html
CAN-NOFRILLS-20002127,nofrills,No Frills,nofrills.ca,"Merivale Rd, Ottawa",3419,ON - Ottawa,K1P1J1,Dairy & Eggs,Tofu & Plant-Based,"Rooster Brand Extra Firm Organic Tofu, 454 g",Rooster Brand,454 g,2.29,2.29,NO,0.0,Regular Everyday Price,0.5,100g,In Stock,2026-10-04T12:20:10.642527+00:00,Official nofrills.ca Web Storefront,2026-10-01T04:00:00+00:00,2026-10-08T03:59:59+00:00,https://www.nofrills.ca/en/rooster-brand-extra-firm-organic-tofu-454-g/p/20002127_EA
CAN-WALMART-20002128,walmart,Walmart,walmart.ca,"Billings Bridge, Ottawa",3092,ON - Ottawa,K1P1J1,Dairy & Eggs,Tofu & Plant-Based,"Sunrise Extra Firm Organic Tofu, 454 g",Sunrise,454 g,2.27,2.27,NO,0.0,Regular Everyday Price,0.5,100g,In Stock,2026-10-04T12:20:19.723946+00:00,Official walmart.ca Web Storefront,2026-10-01T04:00:00+00:00,2026-10-08T03:59:59+00:00,https://www.walmart.ca/en/ip/sunrise-extra-firm-organic-tofu-454-g/60000002128
CAN-TNT-20002129,tnt,T&T,tntsupermarket.com,"Hunt Club Rd, Ottawa",015,ON - Ottawa,K1P1J1,Dairy & Eggs,Tofu & Plant-Based,"Sunrise Extra Firm Organic Tofu, 454 g",Sunrise,454 g,1.98,1.98,NO,0.0,Regular Everyday Price,0.44,100g,In Stock,2026-10-04T12:20:26.286538+00:00,Official tntsupermarket.com Web Storefront,2026-10-01T04:00:00+00:00,2026-10-08T03:59:59+00:00,https://www.tntsupermarket.com/eng/2000212-sunrise-extra-firm-organic-tofu-454-g.html
CAN-SAVEON-20002130,saveon,Save-On,saveonfoods.com,Ottawa Regional Fulfillment,9902,ON - Ottawa,K1P1J1,Dairy & Eggs,Tofu & Plant-Based,"Western Family Extra Firm Organic Tofu, 454 g",Western Family,454 g,2.99,2.99,NO,0.0,Regular Everyday Price,0.66,100g,In Stock,2026-10-04T12:20:35.884480+00:00,Official saveonfoods.com Web Storefront,2026-10-01T04:00:00+00:00,2026-10-08T03:59:59+00:00,https://www.saveonfoods.com/sm/pickup/rsid/9902/product/western-family-extra-firm-organic-tofu-454-g-20002130
CAN-LOBLAWS-20002131,loblaws,Loblaws,loblaws.ca,"Isabella St, Ottawa",1024,ON - Ottawa,K1P1J1,Meat & Seafood,Poultry,"PC Free From Boneless Skinless Chicken Breasts, 1 kg",PC Free From,1 kg,16.49,16.49,NO,0.0,Regular Everyday Price,16.49,kg,In Stock,2026-10-04T12:20:40.745586+00:00,Official loblaws.ca Web Storefront,2026-10-01T04:00:00+00:00,2026-10-08T03:59:59+00:00,https://www.loblaws.ca/en/pc-free-from-boneless-skinless-chicken-breasts-1-kg/p/20002131_EA
CAN-METRO-20002132,metro,Metro,metro.ca,"Beechwood Ave, Ottawa",0418,ON - Ottawa,K1P1J1,Meat & Seafood,Poultry,"Selection Boneless Skinless Chicken Breasts, 1 kg",Selection,1 kg,15.29,15.29,NO,0.0,Regular Everyday Price,15.29,kg,In Stock,2026-10-04T12:20:44.864401+00:00,Official metro.ca Web Storefront,2026-10-01T04:00:00+00:00,2026-10-08T03:59:59+00:00,https://www.metro.ca/en/online-grocery/aisles/meat-seafood/selection-boneless-skinless-chicken-breasts-1-kg-p-20002132
CAN-FOODBASICS-20002133,foodbasics,Food Basics,foodbasics.ca,"St. Laurent Blvd, Ottawa",0934,ON - Ottawa,K1P1J1,Meat & Seafood,Poultry,"Selection Boneless Skinless Chicken Breasts, 1 kg",Selection,1 kg,12.99,12.99,NO,0.0,Regular Everyday Price,12.99,kg,In Stock,2026-10-04T12:20:49.562611+00:00,Official foodbasics.ca Web Storefront,2026-10-01T04:00:00+00:00,2026-10-08T03:59:59+00:00,https://www.foodbasics.ca/aisles/meat-seafood/selection-boneless-skinless-chicken-breasts-1-kg-p-20002133
CAN-SOBEYS-20002134,sobeys,Sobeys,sobeys.com,"March Rd, Kanata / Ottawa",0675,ON - Ottawa,K1P1J1,Meat & Seafood,Poultry,"Compliments Boneless Skinless Chicken Breasts, 1 kg",Compliments,1 kg,16.49,16.49,NO,0.0,Regular Everyday Price,16.49,kg,In Stock,2026-10-04T12:20:54.991361+00:00,Official sobeys.com Web Storefront,2026-10-01T04:00:00+00:00,2026-10-08T03:59:59+00:00,https://www.sobeys.com/en/products/compliments-boneless-skinless-chicken-breasts-1-kg-20002134
CAN-FRESHCO-20002135,freshco,FreshCo,freshco.com,"McArthur Ave, Ottawa",9555,ON - Ottawa,K1P1J1,Meat & Seafood,Poultry,"Compliments Boneless Skinless Chicken Breasts, 1 kg",Compliments,1 kg,12.99,12.99,NO,0.0,Regular Everyday Price,12.99,kg,In Stock,2026-10-04T12:21:06.876842+00:00,Official freshco.com Web Storefront,2026-10-01T04:00:00+00:00,2026-10-08T03:59:59+00:00,https://freshco.com/products/compliments-boneless-skinless-chicken-breasts-1-kg-20002135
CAN-COSTCO-20002136,costco,Costco,costco.ca,"Innes Rd, Ottawa",0541,ON - Ottawa,K1P1J1,Meat & Seafood,Poultry,"Kirkland Signature Boneless Skinless Chicken Breasts, 2.4 kg bulk",Kirkland Signature,2.4 kg bulk,29.99,29.99,NO,0.0,Regular Everyday Price,12.5,kg,In Stock,2026-10-04T12:21:18.172274+00:00,Official costco.ca Web Storefront,2026-10-01T04:00:00+00:00,2026-10-08T03:59:59+00:00,https://www.costco.ca/kirkland-signature-boneless-skinless-chicken-breasts-24-kg-bulk.product.002136.html
CAN-NOFRILLS-20002137,nofrills,No Frills,nofrills.ca,"Merivale Rd, Ottawa",3419,ON - Ottawa,K1P1J1,Meat & Seafood,Poultry,"Farmer's Market Boneless Skinless Chicken Breasts, 1 kg",Farmer's Market,1 kg,12.99,13.99,YES,1.0,Hit of the Month - Rollback $1.00,12.99,kg,In Stock,2026-10-04T12:21:24.457243+00:00,Official nofrills.ca Web Storefront,2026-10-01T04:00:00+00:00,2026-10-08T03:59:59+00:00,https://www.nofrills.ca/en/farmers-market-boneless-skinless-chicken-breasts-1-kg/p/20002137_EA
CAN-WALMART-20002138,walmart,Walmart,walmart.ca,"Billings Bridge, Ottawa",3092,ON - Ottawa,K1P1J1,Meat & Seafood,Poultry,"Your Fresh Market Boneless Skinless Chicken Breasts, 1 kg",Your Fresh Market,1 kg,12.97,12.97,NO,0.0,Regular Everyday Price,12.97,kg,In Stock,2026-10-04T12:21:38.615689+00:00,Official walmart.ca Web Storefront,2026-10-01T04:00:00+00:00,2026-10-08T03:59:59+00:00,https://www.walmart.ca/en/ip/your-fresh-market-boneless-skinless-chicken-breasts-1-kg/60000002138
CAN-TNT-20002139,tnt,T&T,tntsupermarket.com,"Hunt Club Rd, Ottawa",015,ON - Ottawa,K1P1J1,Meat & Seafood,Poultry,"T&T Fresh Boneless Skinless Chicken Breasts, 1 kg",T&T Fresh,1 kg,13.88,13.88,NO,0.0,Regular Everyday Price,13.88,kg,In Stock,2026-10-04T12:21:41.634893+00:00,Official tntsupermarket.com Web Storefront,2026-10-01T04:00:00+00:00,2026-10-08T03:59:59+00:00,https://www.tntsupermarket.com/eng/2000213-tt-fresh-boneless-skinless-chicken-breasts-1-kg.html
CAN-SAVEON-20002140,saveon,Save-On,saveonfoods.com,Ottawa Regional Fulfillment,9902,ON - Ottawa,K1P1J1,Meat & Seafood,Poultry,"Western Family Boneless Skinless Chicken Breasts, 1 kg",Western Family,1 kg,15.49,15.49,NO,0.0,Regular Everyday Price,15.49,kg,In Stock,2026-10-04T12:21:47.609086+00:00,Official saveonfoods.com Web Storefront,2026-10-01T04:00:00+00:00,2026-10-08T03:59:59+00:00,https://www.saveonfoods.com/sm/pickup/rsid/9902/product/western-family-boneless-skinless-chicken-breasts-1-kg-20002140
CAN-LOBLAWS-20002141,loblaws,Loblaws,loblaws.ca,"Isabella St, Ottawa",1024,ON - Ottawa,K1P1J1,Meat & Seafood,Beef,"President's Choice Lean Ground Beef, 1 kg",President's Choice,1 kg,14.99,14.99,NO,0.0,Regular Everyday Price,14.99,kg,In Stock,2026-10-04T12:21:59.672627+00:00,Official loblaws.ca Web Storefront,2026-10-01T04:00:00+00:00,2026-10-08T03:59:59+00:00,https://www.loblaws.ca/en/presidents-choice-lean-ground-beef-1-kg/p/20002141_EA
CAN-METRO-20002142,metro,Metro,metro.ca,"Beechwood Ave, Ottawa",0418,ON - Ottawa,K1P1J1,Meat & Seafood,Beef,"Selection Lean Ground Beef, 1 kg",Selection,1 kg,14.29,15.59,YES,1.3,Weekly Flyer Special - Save $1.30,14.29,kg,In Stock,2026-10-04T12:22:05.038815+00:00,Official metro.ca Web Storefront,2026-10-01T04:00:00+00:00,2026-10-08T03:59:59+00:00,https://www.metro.ca/en/online-grocery/aisles/meat-seafood/selection-lean-ground-beef-1-kg-p-20002142
CAN-FOODBASICS-20002143,foodbasics,Food Basics,foodbasics.ca,"St. Laurent Blvd, Ottawa",0934,ON - Ottawa,K1P1J1,Meat & Seafood,Beef,"Selection Lean Ground Beef, 1 kg",Selection,1 kg,11.99,12.49,YES,0.5,Always More For Less - Save $0.50,11.99,kg,In Stock,2026-10-04T12:22:10.826197+00:00,Official foodbasics.ca Web Storefront,2026-10-01T04:00:00+00:00,2026-10-08T03:59:59+00:00,https://www.foodbasics.ca/aisles/meat-seafood/selection-lean-ground-beef-1-kg-p-20002143
CAN-SOBEYS-20002144,sobeys,Sobeys,sobeys.com,"March Rd, Kanata / Ottawa",0675,ON - Ottawa,K1P1J1,Meat & Seafood,Beef,"Compliments Lean Ground Beef, 1 kg",Compliments,1 kg,14.99,14.99,NO,0.0,Regular Everyday Price,14.99,kg,In Stock,2026-10-04T12:22:21.921781+00:00,Official sobeys.com Web Storefront,2026-10-01T04:00:00+00:00,2026-10-08T03:59:59+00:00,https://www.sobeys.com/en/products/compliments-lean-ground-beef-1-kg-20002144
CAN-FRESHCO-20002145,freshco,FreshCo,freshco.com,"McArthur Ave, Ottawa",9555,ON - Ottawa,K1P1J1,Meat & Seafood,Beef,"Compliments Lean Ground Beef, 1 kg",Compliments,1 kg,11.99,11.99,NO,0.0,Regular Everyday Price,11.99,kg,In Stock,2026-10-04T12:22:35.266323+00:00,Official freshco.com Web Storefront,2026-10-01T04:00:00+00:00,2026-10-08T03:59:59+00:00,https://freshco.com/products/compliments-lean-ground-beef-1-kg-20002145
CAN-COSTCO-20002146,costco,Costco,costco.ca,"Innes Rd, Ottawa",0541,ON - Ottawa,K1P1J1,Meat & Seafood,Beef,"Kirkland Signature Lean Ground Beef, 2.2 kg bulk",Kirkland Signature,2.2 kg bulk,26.99,26.99,NO,0.0,Regular Everyday Price,12.27,kg,In Stock,2026-10-04T12:22:43.598920+00:00,Official costco.ca Web Storefront,2026-10-01T04:00:00+00:00,2026-10-08T03:59:59+00:00,https://www.costco.ca/kirkland-signature-lean-ground-beef-22-kg-bulk.product.002146.html
CAN-NOFRILLS-20002147,nofrills,No Frills,nofrills.ca,"Merivale Rd, Ottawa",3419,ON - Ottawa,K1P1J1,Meat & Seafood,Beef,"No Name Lean Ground Beef, 1 kg",No Name,1 kg,11.99,11.99,NO,0.0,Regular Everyday Price,11.99,kg,In Stock,2026-10-04T12:22:50.589031+00:00,Official nofrills.ca Web Storefront,2026-10-01T04:00:00+00:00,2026-10-08T03:59:59+00:00,https://www.nofrills.ca/en/no-name-lean-ground-beef-1-kg/p/20002147_EA
CAN-WALMART-20002148,walmart,Walmart,walmart.ca,"Billings Bridge, Ottawa",3092,ON - Ottawa,K1P1J1,Meat & Seafood,Beef,"Your Fresh Market Lean Ground Beef, 1 kg",Your Fresh Market,1 kg,11.97,11.97,NO,0.0,Regular Everyday Price,11.97,kg,In Stock,2026-10-04T12:23:04.991531+00:00,Official walmart.ca Web Storefront,2026-10-01T04:00:00+00:00,2026-10-08T03:59:59+00:00,https://www.walmart.ca/en/ip/your-fresh-market-lean-ground-beef-1-kg/60000002148
CAN-TNT-20002149,tnt,T&T,tntsupermarket.com,"Hunt Club Rd, Ottawa",015,ON - Ottawa,K1P1J1,Meat & Seafood,Beef,"T&T Fresh Lean Ground Beef, 1 kg",T&T Fresh,1 kg,12.88,12.88,NO,0.0,Regular Everyday Price,12.88,kg,In Stock,2026-10-04T12:23:18.007420+00:00,Official tntsupermarket.com Web Storefront,2026-10-01T04:00:00+00:00,2026-10-08T03:59:59+00:00,https://www.tntsupermarket.com/eng/2000214-tt-fresh-lean-ground-beef-1-kg.html
CAN-SAVEON-20002150,saveon,Save-On,saveonfoods.com,Ottawa Regional Fulfillment,9902,ON - Ottawa,K1P1J1,Meat & Seafood,Beef,"Western Family Lean Ground Beef, 1 kg",Western Family,1 kg,14.49,14.49,NO,0.0,Regular Everyday Price,14.49,kg,In Stock,2026-10-04T12:23:22.657783+00:00,Official saveonfoods.com Web Storefront,2026-10-01T04:00:00+00:00,2026-10-08T03:59:59+00:00,https://www.saveonfoods.com/sm/pickup/rsid/9902/product/western-family-lean-ground-beef-1-kg-20002150
CAN-LOBLAWS-20002151,loblaws,Loblaws,loblaws.ca,"Isabella St, Ottawa",1024,ON - Ottawa,K1P1J1,Meat & Seafood,Seafood,"PC Blue Menu Atlantic Salmon Fillets Fresh, 1 kg",PC Blue Menu,1 kg,25.99,25.99,NO,0.0,Regular Everyday Price,25.99,kg,In Stock,2026-10-04T12:23:27.913742+00:00,Official loblaws.ca Web Storefront,2026-10-01T04:00:00+00:00,2026-10-08T03:59:59+00:00,https://www.loblaws.ca/en/pc-blue-menu-atlantic-salmon-fillets-fresh-1-kg/p/20002151_EA
CAN-METRO-20002152,metro,Metro,metro.ca,"Beechwood Ave, Ottawa",0418,ON - Ottawa,K1P1J1,Meat & Seafood,Seafood,"Selection Atlantic Salmon Fillets Fresh, 1 kg",Selection,1 kg,24.99,26.99,YES,2.0,Weekly Flyer Special - Save $2.00,24.99,kg,In Stock,2026-10-04T12:23:37.852780+00:00,Official metro.ca Web Storefront,2026-10-01T04:00:00+00:00,2026-10-08T03:59:59+00:00,https://www.metro.ca/en/online-grocery/aisles/meat-seafood/selection-atlantic-salmon-fillets-fresh-1-kg-p-20002152
CAN-FOODBASICS-20002153,foodbasics,Food Basics,foodbasics.ca,"St. Laurent Blvd, Ottawa",0934,ON - Ottawa,K1P1J1,Meat & Seafood,Seafood,"Selection Atlantic Salmon Fillets Fresh, 1 kg",Selection,1 kg,21.99,21.99,NO,0.0,Regular Everyday Price,21.99,kg,In Stock,2026-10-04T12:23:47.987188+00:00,Official foodbasics.ca Web Storefront,2026-10-01T04:00:00+00:00,2026-10-08T03:59:59+00:00,https://www.foodbasics.ca/aisles/meat-seafood/selection-atlantic-salmon-fillets-fresh-1-kg-p-20002153
CAN-SOBEYS-20002154,sobeys,Sobeys,sobeys.com,"March Rd, Kanata / Ottawa",0675,ON - Ottawa,K1P1J1,Meat & Seafood,Seafood,"Compliments Atlantic Salmon Fillets Fresh, 1 kg",Compliments,1 kg,25.99,25.99,NO,0.0,Regular Everyday Price,25.99,kg,In Stock,2026-10-04T12:23:54.213142+00:00,Official sobeys.com Web Storefront,2026-10-01T04:00:00+00:00,2026-10-08T03:59:59+00:00,https://www.sobeys.com/en/products/compliments-atlantic-salmon-fillets-fresh-1-kg-20002154
CAN-FRESHCO-20002155,freshco,FreshCo,freshco.com,"McArthur Ave, Ottawa",9555,ON - Ottawa,K1P1J1,Meat & Seafood,Seafood,"Compliments Atlantic Salmon Fillets Fresh, 1 kg",Compliments,1 kg,21.99,21.99,NO,0.0,Regular Everyday Price,21.99,kg,In Stock,2026-10-04T12:24:06.842398+00:00,Official freshco.com Web Storefront,2026-10-01T04:00:00+00:00,2026-10-08T03:59:59+00:00,https://freshco.com/products/compliments-atlantic-salmon-fillets-fresh-1-kg-20002155
CAN-COSTCO-20002156,costco,Costco,costco.ca,"Innes Rd, Ottawa",0541,ON - Ottawa,K1P1J1,Meat & Seafood,Seafood,"Kirkland Signature Atlantic Salmon Fillets Fresh, 1.4 kg",Kirkland Signature,1.4 kg,31.99,31.99,NO,0.0,Regular Everyday Price,22.85,kg,In Stock,2026-10-04T12:24:18.080262+00:00,Official costco.ca Web Storefront,2026-10-01T04:00:00+00:00,2026-10-08T03:59:59+00:00,https://www.costco.ca/kirkland-signature-atlantic-salmon-fillets-fresh-14-kg.product.002156.html
CAN-NOFRILLS-20002157,nofrills,No Frills,nofrills.ca,"Merivale Rd, Ottawa",3419,ON - Ottawa,K1P1J1,Meat & Seafood,Seafood,"Farmer's Market Atlantic Salmon Fillets Fresh, 1 kg",Farmer's Market,1 kg,21.99,21.99,NO,0.0,Regular Everyday Price,21.99,kg,In Stock,2026-10-04T12:24:21.106376+00:00,Official nofrills.ca Web Storefront,2026-10-01T04:00:00+00:00,2026-10-08T03:59:59+00:00,https://www.nofrills.ca/en/farmers-market-atlantic-salmon-fillets-fresh-1-kg/p/20002157_EA
CAN-WALMART-20002158,walmart,Walmart,walmart.ca,"Billings Bridge, Ottawa",3092,ON - Ottawa,K1P1J1,Meat & Seafood,Seafood,"Your Fresh Market Atlantic Salmon Fillets Fresh, 1 kg",Your Fresh Market,1 kg,21.97,21.97,NO,0.0,Regular Everyday Price,21.97,kg,In Stock,2026-10-04T12:24:26.895731+00:00,Official walmart.ca Web Storefront,2026-10-01T04:00:00+00:00,2026-10-08T03:59:59+00:00,https://www.walmart.ca/en/ip/your-fresh-market-atlantic-salmon-fillets-fresh-1-kg/60000002158
CAN-TNT-20002159,tnt,T&T,tntsupermarket.com,"Hunt Club Rd, Ottawa",015,ON - Ottawa,K1P1J1,Meat & Seafood,Seafood,"T&T Seafood Direct Atlantic Salmon Fillets Fresh, 1 kg",T&T Seafood Direct,1 kg,20.88,20.88,NO,0.0,Regular Everyday Price,20.88,kg,In Stock,2026-10-04T12:24:33.348375+00:00,Official tntsupermarket.com Web Storefront,2026-10-01T04:00:00+00:00,2026-10-08T03:59:59+00:00,https://www.tntsupermarket.com/eng/2000215-tt-seafood-direct-atlantic-salmon-fillets-fresh-1-kg.html
CAN-SAVEON-20002160,saveon,Save-On,saveonfoods.com,Ottawa Regional Fulfillment,9902,ON - Ottawa,K1P1J1,Meat & Seafood,Seafood,"Western Family Atlantic Salmon Fillets Fresh, 1 kg",Western Family,1 kg,24.99,26.99,YES,2.0,Save $2.00 With More Rewards Card,24.99,kg,In Stock,2026-10-04T12:24:38.289458+00:00,Official saveonfoods.com Web Storefront,2026-10-01T04:00:00+00:00,2026-10-08T03:59:59+00:00,https://www.saveonfoods.com/sm/pickup/rsid/9902/product/western-family-atlantic-salmon-fillets-fresh-1-kg-20002160
CAN-LOBLAWS-20002161,loblaws,Loblaws,loblaws.ca,"Isabella St, Ottawa",1024,ON - Ottawa,K1P1J1,Meat & Seafood,Pork & Bacon,"President's Choice Naturally Smoked Thick Cut Bacon, 375 g",President's Choice,375 g,7.49,8.49,YES,1.0,PC Optimum Member Price - Save $1.00,2.0,100g,In Stock,2026-10-04T12:24:48.992646+00:00,Official loblaws.ca Web Storefront,2026-10-01T04:00:00+00:00,2026-10-08T03:59:59+00:00,https://www.loblaws.ca/en/presidents-choice-naturally-smoked-thick-cut-bacon-375-g/p/20002161_EA
CAN-METRO-20002162,metro,Metro,metro.ca,"Beechwood Ave, Ottawa",0418,ON - Ottawa,K1P1J1,Meat & Seafood,Pork & Bacon,"Selection Naturally Smoked Thick Cut Bacon, 375 g",Selection,375 g,6.99,6.99,NO,0.0,Regular Everyday Price,1.86,100g,In Stock,2026-10-04T12:24:54.533662+00:00,Official metro.ca Web Storefront,2026-10-01T04:00:00+00:00,2026-10-08T03:59:59+00:00,https://www.metro.ca/en/online-grocery/aisles/meat-seafood/selection-naturally-smoked-thick-cut-bacon-375-g-p-20002162
CAN-FOODBASICS-20002163,foodbasics,Food Basics,foodbasics.ca,"St. Laurent Blvd, Ottawa",0934,ON - Ottawa,K1P1J1,Meat & Seafood,Pork & Bacon,"Selection Naturally Smoked Thick Cut Bacon, 375 g",Selection,375 g,5.49,5.49,NO,0.0,Regular Everyday Price,1.46,100g,In Stock,2026-10-04T12:24:59.611516+00:00,Official foodbasics.ca Web Storefront,2026-10-01T04:00:00+00:00,2026-10-08T03:59:59+00:00,https://www.foodbasics.ca/aisles/meat-seafood/selection-naturally-smoked-thick-cut-bacon-375-g-p-20002163
CAN-SOBEYS-20002164,sobeys,Sobeys,sobeys.com,"March Rd, Kanata / Ottawa",0675,ON - Ottawa,K1P1J1,Meat & Seafood,Pork & Bacon,"Compliments Naturally Smoked Thick Cut Bacon, 375 g",Compliments,375 g,7.49,7.49,NO,0.0,Regular Everyday Price,2.0,100g,In Stock,2026-10-04T12:25:09.275440+00:00,Official sobeys.com Web Storefront,2026-10-01T04:00:00+00:00,2026-10-08T03:59:59+00:00,https://www.sobeys.com/en/products/compliments-naturally-smoked-thick-cut-bacon-375-g-20002164
CAN-FRESHCO-20002165,freshco,FreshCo,freshco.com,"McArthur Ave, Ottawa",9555,ON - Ottawa,K1P1J1,Meat & Seafood,Pork & Bacon,"Compliments Naturally Smoked Thick Cut Bacon, 375 g",Compliments,375 g,5.49,5.49,NO,0.0,Regular Everyday Price,1.46,100g,In Stock,2026-10-04T12:25:19.687329+00:00,Official freshco.com Web Storefront,2026-10-01T04:00:00+00:00,2026-10-08T03:59:59+00:00,https://freshco.com/products/compliments-naturally-smoked-thick-cut-bacon-375-g-20002165
CAN-COSTCO-20002166,costco,Costco,costco.ca,"Innes Rd, Ottawa",0541,ON - Ottawa,K1P1J1,Meat & Seafood,Pork & Bacon,"Kirkland Signature Naturally Smoked Thick Cut Bacon, 4 x 500 g",Kirkland Signature,4 x 500 g,18.99,18.99,NO,0.0,Regular Everyday Price,3.8,100g,In Stock,2026-10-04T12:25:33.666635+00:00,Official costco.ca Web Storefront,2026-10-01T04:00:00+00:00,2026-10-08T03:59:59+00:00,https://www.costco.ca/kirkland-signature-naturally-smoked-thick-cut-bacon-4-x-500-g.product.002166.html
CAN-NOFRILLS-20002167,nofrills,No Frills,nofrills.ca,"Merivale Rd, Ottawa",3419,ON - Ottawa,K1P1J1,Meat & Seafood,Pork & Bacon,"No Name Naturally Smoked Thick Cut Bacon, 375 g",No Name,375 g,5.49,5.49,NO,0.0,Regular Everyday Price,1.46,100g,In Stock,2026-10-04T12:25:43.086070+00:00,Official nofrills.ca Web Storefront,2026-10-01T04:00:00+00:00,2026-10-08T03:59:59+00:00,https://www.nofrills.ca/en/no-name-naturally-smoked-thick-cut-bacon-375-g/p/20002167_EA
CAN-WALMART-20002168,walmart,Walmart,walmart.ca,"Billings Bridge, Ottawa",3092,ON - Ottawa,K1P1J1,Meat & Seafood,Pork & Bacon,"Great Value Naturally Smoked Thick Cut Bacon, 375 g",Great Value,375 g,5.47,5.47,NO,0.0,Regular Everyday Price,1.46,100g,In Stock,2026-10-04T12:25:51.447918+00:00,Official walmart.ca Web Storefront,2026-10-01T04:00:00+00:00,2026-10-08T03:59:59+00:00,https://www.walmart.ca/en/ip/great-value-naturally-smoked-thick-cut-bacon-375-g/60000002168
CAN-TNT-20002169,tnt,T&T,tntsupermarket.com,"Hunt Club Rd, Ottawa",015,ON - Ottawa,K1P1J1,Meat & Seafood,Pork & Bacon,"Maple Leaf Naturally Smoked Thick Cut Bacon, 375 g",Maple Leaf,375 g,6.88,6.88,NO,0.0,Regular Everyday Price,1.83,100g,In Stock,2026-10-04T12:26:06.385732+00:00,Official tntsupermarket.com Web Storefront,2026-10-01T04:00:00+00:00,2026-10-08T03:59:59+00:00,https://www.tntsupermarket.com/eng/2000216-maple-leaf-naturally-smoked-thick-cut-bacon-375-g.html
CAN-SAVEON-20002170,saveon,Save-On,saveonfoods.com,Ottawa Regional Fulfillment,9902,ON - Ottawa,K1P1J1,Meat & Seafood,Pork & Bacon,"Western Family Naturally Smoked Thick Cut Bacon, 375 g",Western Family,375 g,7.29,7.99,YES,0.7,Save $0.70 With More Rewards Card,1.94,100g,In Stock,2026-10-04T12:26:17.338987+00:00,Official saveonfoods.com Web Storefront,2026-10-01T04:00:00+00:00,2026-10-08T03:59:59+00:00,https://www.saveonfoods.com/sm/pickup/rsid/9902/product/western-family-naturally-smoked-thick-cut-bacon-375-g-20002170
CAN-LOBLAWS-20002171,loblaws,Loblaws,loblaws.ca,"Isabella St, Ottawa",1024,ON - Ottawa,K1P1J1,Bakery & Bread,Bread,"Country Harvest 100% Whole Wheat Sliced Bread, 675 g",Country Harvest,675 g,3.99,4.74,YES,0.75,PC Optimum Member Price - Save $0.75,0.59,100g,In Stock,2026-10-04T12:26:24.430610+00:00,Official loblaws.ca Web Storefront,2026-10-01T04:00:00+00:00,2026-10-08T03:59:59+00:00,https://www.loblaws.ca/en/country-harvest-100-whole-wheat-sliced-bread-675-g/p/20002171_EA
CAN-METRO-20002172,metro,Metro,metro.ca,"Beechwood Ave, Ottawa",0418,ON - Ottawa,K1P1J1,Bakery & Bread,Bread,"Selection 100% Whole Wheat Sliced Bread, 675 g",Selection,675 g,3.49,3.49,NO,0.0,Regular Everyday Price,0.52,100g,In Stock,2026-10-04T12:26:28.714598+00:00,Official metro.ca Web Storefront,2026-10-01T04:00:00+00:00,2026-10-08T03:59:59+00:00,https://www.metro.ca/en/online-grocery/aisles/bakery-bread/selection-100-whole-wheat-sliced-bread-675-g-p-20002172
CAN-FOODBASICS-20002173,foodbasics,Food Basics,foodbasics.ca,"St. Laurent Blvd, Ottawa",0934,ON - Ottawa,K1P1J1,Bakery & Bread,Bread,"Selection 100% Whole Wheat Sliced Bread, 675 g",Selection,675 g,2.49,3.19,YES,0.7,Always More For Less - Save $0.70,0.37,100g,In Stock,2026-10-04T12:26:41.068517+00:00,Official foodbasics.ca Web Storefront,2026-10-01T04:00:00+00:00,2026-10-08T03:59:59+00:00,https://www.foodbasics.ca/aisles/bakery-bread/selection-100-whole-wheat-sliced-bread-675-g-p-20002173
CAN-SOBEYS-20002174,sobeys,Sobeys,sobeys.com,"March Rd, Kanata / Ottawa",0675,ON - Ottawa,K1P1J1,Bakery & Bread,Bread,"Compliments 100% Whole Wheat Sliced Bread, 675 g",Compliments,675 g,3.99,3.99,NO,0.0,Regular Everyday Price,0.59,100g,In Stock,2026-10-04T12:26:44.312771+00:00,Official sobeys.com Web Storefront,2026-10-01T04:00:00+00:00,2026-10-08T03:59:59+00:00,https://www.sobeys.com/en/products/compliments-100-whole-wheat-sliced-bread-675-g-20002174
CAN-FRESHCO-20002175,freshco,FreshCo,freshco.com,"McArthur Ave, Ottawa",9555,ON - Ottawa,K1P1J1,Bakery & Bread,Bread,"Compliments 100% Whole Wheat Sliced Bread, 675 g",Compliments,675 g,2.49,2.49,NO,0.0,Regular Everyday Price,0.37,100g,In Stock,2026-10-04T12:26:56.974100+00:00,Official freshco.com Web Storefront,2026-10-01T04:00:00+00:00,2026-10-08T03:59:59+00:00,https://freshco.com/products/compliments-100-whole-wheat-sliced-bread-675-g-20002175
CAN-COSTCO-20002176,costco,Costco,costco.ca,"Innes Rd, Ottawa",0541,ON - Ottawa,K1P1J1,Bakery & Bread,Bread,"Dempster's 100% Whole Wheat Sliced Bread, 3 x 675 g",Dempster's,3 x 675 g,6.99,11.99,YES,5.0,Instant Savings $5.00 Off at Checkout,1.04,100g,In Stock,2026-10-04T12:27:02.228308+00:00,Official costco.ca Web Storefront,2026-10-01T04:00:00+00:00,2026-10-08T03:59:59+00:00,https://www.costco.ca/dempsters-100-whole-wheat-sliced-bread-3-x-675-g.product.002176.html
CAN-NOFRILLS-20002177,nofrills,No Frills,nofrills.ca,"Merivale Rd, Ottawa",3419,ON - Ottawa,K1P1J1,Bakery & Bread,Bread,"No Name 100% Whole Wheat Sliced Bread, 675 g",No Name,675 g,2.49,2.49,NO,0.0,Regular Everyday Price,0.37,100g,In Stock,2026-10-04T12:27:15.177580+00:00,Official nofrills.ca Web Storefront,2026-10-01T04:00:00+00:00,2026-10-08T03:59:59+00:00,https://www.nofrills.ca/en/no-name-100-whole-wheat-sliced-bread-675-g/p/20002177_EA
CAN-WALMART-20002178,walmart,Walmart,walmart.ca,"Billings Bridge, Ottawa",3092,ON - Ottawa,K1P1J1,Bakery & Bread,Bread,"Great Value 100% Whole Wheat Sliced Bread, 675 g",Great Value,675 g,2.47,2.97,YES,0.5,Rollback - Save $0.50,0.37,100g,In Stock,2026-10-04T12:27:22.926835+00:00,Official walmart.ca Web Storefront,2026-10-01T04:00:00+00:00,2026-10-08T03:59:59+00:00,https://www.walmart.ca/en/ip/great-value-100-whole-wheat-sliced-bread-675-g/60000002178
CAN-TNT-20002179,tnt,T&T,tntsupermarket.com,"Hunt Club Rd, Ottawa",015,ON - Ottawa,K1P1J1,Bakery & Bread,Bread,"T&T Bakery 100% Whole Wheat Sliced Bread, 675 g",T&T Bakery,675 g,3.28,3.28,NO,0.0,Regular Everyday Price,0.49,100g,In Stock,2026-10-04T12:27:36.849958+00:00,Official tntsupermarket.com Web Storefront,2026-10-01T04:00:00+00:00,2026-10-08T03:59:59+00:00,https://www.tntsupermarket.com/eng/2000217-tt-bakery-100-whole-wheat-sliced-bread-675-g.html
CAN-SAVEON-20002180,saveon,Save-On,saveonfoods.com,Ottawa Regional Fulfillment,9902,ON - Ottawa,K1P1J1,Bakery & Bread,Bread,"Western Family 100% Whole Wheat Sliced Bread, 675 g",Western Family,675 g,3.69,3.69,NO,0.0,Regular Everyday Price,0.55,100g,In Stock,2026-10-04T12:27:43.728881+00:00,Official saveonfoods.com Web Storefront,2026-10-01T04:00:00+00:00,2026-10-08T03:59:59+00:00,https://www.saveonfoods.com/sm/pickup/rsid/9902/product/western-family-100-whole-wheat-sliced-bread-675-g-20002180
CAN-LOBLAWS-20002181,loblaws,Loblaws,loblaws.ca,"Isabella St, Ottawa",1024,ON - Ottawa,K1P1J1,Bakery & Bread,Bagels,"President's Choice Everything Bagels, 6 pack",President's Choice,6 pack,4.49,4.49,NO,0.0,Regular Everyday Price,0.75,each,In Stock,2026-10-04T12:27:56.768285+00:00,Official loblaws.ca Web Storefront,2026-10-01T04:00:00+00:00,2026-10-08T03:59:59+00:00,https://www.loblaws.ca/en/presidents-choice-everything-bagels-6-pack/p/20002181_EA
CAN-METRO-20002182,metro,Metro,metro.ca,"Beechwood Ave, Ottawa",0418,ON - Ottawa,K1P1J1,Bakery & Bread,Bagels,"Selection Everything Bagels, 6 pack",Selection,6 pack,3.99,3.99,NO,0.0,Regular Everyday Price,0.67,each,In Stock,2026-10-04T12:28:09.350520+00:00,Official metro.ca Web Storefront,2026-10-01T04:00:00+00:00,2026-10-08T03:59:59+00:00,https://www.metro.ca/en/online-grocery/aisles/bakery-bread/selection-everything-bagels-6-pack-p-20002182
CAN-FOODBASICS-20002183,foodbasics,Food Basics,foodbasics.ca,"St. Laurent Blvd, Ottawa",0934,ON - Ottawa,K1P1J1,Bakery & Bread,Bagels,"Selection Everything Bagels, 6 pack",Selection,6 pack,2.99,2.99,NO,0.0,Regular Everyday Price,0.5,each,In Stock,2026-10-04T12:28:22.115017+00:00,Official foodbasics.ca Web Storefront,2026-10-01T04:00:00+00:00,2026-10-08T03:59:59+00:00,https://www.foodbasics.ca/aisles/bakery-bread/selection-everything-bagels-6-pack-p-20002183
CAN-SOBEYS-20002184,sobeys,Sobeys,sobeys.com,"March Rd, Kanata / Ottawa",0675,ON - Ottawa,K1P1J1,Bakery & Bread,Bagels,"Compliments Everything Bagels, 6 pack",Compliments,6 pack,4.49,4.49,NO,0.0,Regular Everyday Price,0.75,each,In Stock,2026-10-04T12:28:30.312777+00:00,Official sobeys.com Web Storefront,2026-10-01T04:00:00+00:00,2026-10-08T03:59:59+00:00,https://www.sobeys.com/en/products/compliments-everything-bagels-6-pack-20002184
CAN-FRESHCO-20002185,freshco,FreshCo,freshco.com,"McArthur Ave, Ottawa",9555,ON - Ottawa,K1P1J1,Bakery & Bread,Bagels,"Compliments Everything Bagels, 6 pack",Compliments,6 pack,2.99,2.99,NO,0.0,Regular Everyday Price,0.5,each,In Stock,2026-10-04T12:28:37.380825+00:00,Official freshco.com Web Storefront,2026-10-01T04:00:00+00:00,2026-10-08T03:59:59+00:00,https://freshco.com/products/compliments-everything-bagels-6-pack-20002185
CAN-COSTCO-20002186,costco,Costco,costco.ca,"Innes Rd, Ottawa",0541,ON - Ottawa,K1P1J1,Bakery & Bread,Bagels,"Kirkland Signature Everything Bagels, 2 x 6 pack",Kirkland Signature,2 x 6 pack,7.99,7.99,NO,0.0,Regular Everyday Price,1.33,each,In Stock,2026-10-04T12:28:50.251648+00:00,Official costco.ca Web Storefront,2026-10-01T04:00:00+00:00,2026-10-08T03:59:59+00:00,https://www.costco.ca/kirkland-signature-everything-bagels-2-x-6-pack.product.002186.html
CAN-NOFRILLS-20002187,nofrills,No Frills,nofrills.ca,"Merivale Rd, Ottawa",3419,ON - Ottawa,K1P1J1,Bakery & Bread,Bagels,"No Name Everything Bagels, 6 pack",No Name,6 pack,2.99,2.99,NO,0.0,Regular Everyday Price,0.5,each,In Stock,2026-10-04T12:29:02.107705+00:00,Official nofrills.ca Web Storefront,2026-10-01T04:00:00+00:00,2026-10-08T03:59:59+00:00,https://www.nofrills.ca/en/no-name-everything-bagels-6-pack/p/20002187_EA
CAN-WALMART-20002188,walmart,Walmart,walmart.ca,"Billings Bridge, Ottawa",3092,ON - Ottawa,K1P1J1,Bakery & Bread,Bagels,"Great Value Everything Bagels, 6 pack",Great Value,6 pack,2.97,4.97,YES,2.0,Rollback - Save $2.00,0.5,each,In Stock,2026-10-04T12:29:08.737879+00:00,Official walmart.ca Web Storefront,2026-10-01T04:00:00+00:00,2026-10-08T03:59:59+00:00,https://www.walmart.ca/en/ip/great-value-everything-bagels-6-pack/60000002188
CAN-TNT-20002189,tnt,T&T,tntsupermarket.com,"Hunt Club Rd, Ottawa",015,ON - Ottawa,K1P1J1,Bakery & Bread,Bagels,"T&T Bakery Everything Bagels, 6 pack",T&T Bakery,6 pack,3.68,3.68,NO,0.0,Regular Everyday Price,0.61,each,In Stock,2026-10-04T12:29:17.057702+00:00,Official tntsupermarket.com Web Storefront,2026-10-01T04:00:00+00:00,2026-10-08T03:59:59+00:00,https://www.tntsupermarket.com/eng/2000218-tt-bakery-everything-bagels-6-pack.html
CAN-SAVEON-20002190,saveon,Save-On,saveonfoods.com,Ottawa Regional Fulfillment,9902,ON - Ottawa,K1P1J1,Bakery & Bread,Bagels,"Western Family Everything Bagels, 6 pack",Western Family,6 pack,4.19,4.19,NO,0.0,Regular Everyday Price,0.7,each,In Stock,2026-10-04T12:29:24.827964+00:00,Official saveonfoods.com Web Storefront,2026-10-01T04:00:00+00:00,2026-10-08T03:59:59+00:00,https://www.saveonfoods.com/sm/pickup/rsid/9902/product/western-family-everything-bagels-6-pack-20002190
CAN-LOBLAWS-20002191,loblaws,Loblaws,loblaws.ca,"Isabella St, Ottawa",1024,ON - Ottawa,K1P1J1,Pantry & Dry Staples,Rice & Grains,"Rooster Brand Premium Jasmine Rice, 8 kg",Rooster Brand,8 kg,21.99,21.99,NO,0.0,Regular Everyday Price,2.75,kg,In Stock,2026-10-04T12:29:30.876305+00:00,Official loblaws.ca Web Storefront,2026-10-01T04:00:00+00:00,2026-10-08T03:59:59+00:00,https://www.loblaws.ca/en/rooster-brand-premium-jasmine-rice-8-kg/p/20002191_EA
CAN-METRO-20002192,metro,Metro,metro.ca,"Beechwood Ave, Ottawa",0418,ON - Ottawa,K1P1J1,Pantry & Dry Staples,Rice & Grains,"Selection Premium Jasmine Rice, 8 kg",Selection,8 kg,20.99,20.99,NO,0.0,Regular Everyday Price,2.62,kg,In Stock,2026-10-04T12:29:40.072347+00:00,Official metro.ca Web Storefront,2026-10-01T04:00:00+00:00,2026-10-08T03:59:59+00:00,https://www.metro.ca/en/online-grocery/aisles/pantry-dry-staples/selection-premium-jasmine-rice-8-kg-p-20002192
CAN-FOODBASICS-20002193,foodbasics,Food Basics,foodbasics.ca,"St. Laurent Blvd, Ottawa",0934,ON - Ottawa,K1P1J1,Pantry & Dry Staples,Rice & Grains,"Selection Premium Jasmine Rice, 8 kg",Selection,8 kg,16.99,16.99,NO,0.0,Regular Everyday Price,2.12,kg,In Stock,2026-10-04T12:29:44.168029+00:00,Official foodbasics.ca Web Storefront,2026-10-01T04:00:00+00:00,2026-10-08T03:59:59+00:00,https://www.foodbasics.ca/aisles/pantry-dry-staples/selection-premium-jasmine-rice-8-kg-p-20002193
CAN-SOBEYS-20002194,sobeys,Sobeys,sobeys.com,"March Rd, Kanata / Ottawa",0675,ON - Ottawa,K1P1J1,Pantry & Dry Staples,Rice & Grains,"Compliments Premium Jasmine Rice, 8 kg",Compliments,8 kg,21.99,21.99,NO,0.0,Regular Everyday Price,2.75,kg,In Stock,2026-10-04T12:29:49.957903+00:00,Official sobeys.com Web Storefront,2026-10-01T04:00:00+00:00,2026-10-08T03:59:59+00:00,https://www.sobeys.com/en/products/compliments-premium-jasmine-rice-8-kg-20002194
CAN-FRESHCO-20002195,freshco,FreshCo,freshco.com,"McArthur Ave, Ottawa",9555,ON - Ottawa,K1P1J1,Pantry & Dry Staples,Rice & Grains,"Compliments Premium Jasmine Rice, 8 kg",Compliments,8 kg,16.99,18.09,YES,1.1,Price Match Guarantee Deal - Save $1.10,2.12,kg,In Stock,2026-10-04T12:30:03.807397+00:00,Official freshco.com Web Storefront,2026-10-01T04:00:00+00:00,2026-10-08T03:59:59+00:00,https://freshco.com/products/compliments-premium-jasmine-rice-8-kg-20002195
CAN-COSTCO-20002196,costco,Costco,costco.ca,"Innes Rd, Ottawa",0541,ON - Ottawa,K1P1J1,Pantry & Dry Staples,Rice & Grains,"Kirkland Signature Premium Jasmine Rice, 10 kg",Kirkland Signature,10 kg,19.49,19.49,NO,0.0,Regular Everyday Price,1.95,kg,In Stock,2026-10-04T12:30:14.538413+00:00,Official costco.ca Web Storefront,2026-10-01T04:00:00+00:00,2026-10-08T03:59:59+00:00,https://www.costco.ca/kirkland-signature-premium-jasmine-rice-10-kg.product.002196.html
CAN-NOFRILLS-20002197,nofrills,No Frills,nofrills.ca,"Merivale Rd, Ottawa",3419,ON - Ottawa,K1P1J1,Pantry & Dry Staples,Rice & Grains,"Rooster Brand Premium Jasmine Rice, 8 kg",Rooster Brand,8 kg,16.99,16.99,NO,0.0,Regular Everyday Price,2.12,kg,In Stock,2026-10-04T12:30:17.647188+00:00,Official nofrills.ca Web Storefront,2026-10-01T04:00:00+00:00,2026-10-08T03:59:59+00:00,https://www.nofrills.ca/en/rooster-brand-premium-jasmine-rice-8-kg/p/20002197_EA
CAN-WALMART-20002198,walmart,Walmart,walmart.ca,"Billings Bridge, Ottawa",3092,ON - Ottawa,K1P1J1,Pantry & Dry Staples,Rice & Grains,"Great Value Premium Jasmine Rice, 8 kg",Great Value,8 kg,16.97,16.97,NO,0.0,Regular Everyday Price,2.12,kg,In Stock,2026-10-04T12:30:28.809175+00:00,Official walmart.ca Web Storefront,2026-10-01T04:00:00+00:00,2026-10-08T03:59:59+00:00,https://www.walmart.ca/en/ip/great-value-premium-jasmine-rice-8-kg/60000002198
CAN-TNT-20002199,tnt,T&T,tntsupermarket.com,"Hunt Club Rd, Ottawa",015,ON - Ottawa,K1P1J1,Pantry & Dry Staples,Rice & Grains,"Rooster Jasmine Premium Jasmine Rice, 8 kg",Rooster Jasmine,8 kg,15.88,15.88,NO,0.0,Regular Everyday Price,1.99,kg,In Stock,2026-10-04T12:30:36.118258+00:00,Official tntsupermarket.com Web Storefront,2026-10-01T04:00:00+00:00,2026-10-08T03:59:59+00:00,https://www.tntsupermarket.com/eng/2000219-rooster-jasmine-premium-jasmine-rice-8-kg.html
CAN-SAVEON-20002200,saveon,Save-On,saveonfoods.com,Ottawa Regional Fulfillment,9902,ON - Ottawa,K1P1J1,Pantry & Dry Staples,Rice & Grains,"Western Family Premium Jasmine Rice, 8 kg",Western Family,8 kg,21.99,21.99,NO,0.0,Regular Everyday Price,2.75,kg,In Stock,2026-10-04T12:30:40.446461+00:00,Official saveonfoods.com Web Storefront,2026-10-01T04:00:00+00:00,2026-10-08T03:59:59+00:00,https://www.saveonfoods.com/sm/pickup/rsid/9902/product/western-family-premium-jasmine-rice-8-kg-20002200
CAN-LOBLAWS-20002201,loblaws,Loblaws,loblaws.ca,"Isabella St, Ottawa",1024,ON - Ottawa,K1P1J1,Pantry & Dry Staples,Pasta,"President's Choice Traditional Spaghetti Pasta, 900 g",President's Choice,900 g,2.99,2.99,NO,0.0,Regular Everyday Price,0.33,100g,In Stock,2026-10-04T12:30:52.564343+00:00,Official loblaws.ca Web Storefront,2026-10-01T04:00:00+00:00,2026-10-08T03:59:59+00:00,https://www.loblaws.ca/en/presidents-choice-traditional-spaghetti-pasta-900-g/p/20002201_EA
CAN-METRO-20002202,metro,Metro,metro.ca,"Beechwood Ave, Ottawa",0418,ON - Ottawa,K1P1J1,Pantry & Dry Staples,Pasta,"Selection Traditional Spaghetti Pasta, 900 g",Selection,900 g,2.49,2.49,NO,0.0,Regular Everyday Price,0.28,100g,In Stock,2026-10-04T12:31:06.719178+00:00,Official metro.ca Web Storefront,2026-10-01T04:00:00+00:00,2026-10-08T03:59:59+00:00,https://www.metro.ca/en/online-grocery/aisles/pantry-dry-staples/selection-traditional-spaghetti-pasta-900-g-p-20002202
CAN-FOODBASICS-20002203,foodbasics,Food Basics,foodbasics.ca,"St. Laurent Blvd, Ottawa",0934,ON - Ottawa,K1P1J1,Pantry & Dry Staples,Pasta,"Selection Traditional Spaghetti Pasta, 900 g",Selection,900 g,1.88,1.88,NO,0.0,Regular Everyday Price,0.21,100g,In Stock,2026-10-04T12:31:11.825226+00:00,Official foodbasics.ca Web Storefront,2026-10-01T04:00:00+00:00,2026-10-08T03:59:59+00:00,https://www.foodbasics.ca/aisles/pantry-dry-staples/selection-traditional-spaghetti-pasta-900-g-p-20002203
CAN-SOBEYS-20002204,sobeys,Sobeys,sobeys.com,"March Rd, Kanata / Ottawa",0675,ON - Ottawa,K1P1J1,Pantry & Dry Staples,Pasta,"Compliments Traditional Spaghetti Pasta, 900 g",Compliments,900 g,2.99,2.99,NO,0.0,Regular Everyday Price,0.33,100g,In Stock,2026-10-04T12:31:21.068728+00:00,Official sobeys.com Web Storefront,2026-10-01T04:00:00+00:00,2026-10-08T03:59:59+00:00,https://www.sobeys.com/en/products/compliments-traditional-spaghetti-pasta-900-g-20002204
CAN-FRESHCO-20002205,freshco,FreshCo,freshco.com,"McArthur Ave, Ottawa",9555,ON - Ottawa,K1P1J1,Pantry & Dry Staples,Pasta,"Compliments Traditional Spaghetti Pasta, 900 g",Compliments,900 g,1.88,2.48,YES,0.6,Price Match Guarantee Deal - Save $0.60,0.21,100g,In Stock,2026-10-04T12:31:32.719735+00:00,Official freshco.com Web Storefront,2026-10-01T04:00:00+00:00,2026-10-08T03:59:59+00:00,https://freshco.com/products/compliments-traditional-spaghetti-pasta-900-g-20002205
CAN-COSTCO-20002206,costco,Costco,costco.ca,"Innes Rd, Ottawa",0541,ON - Ottawa,K1P1J1,Pantry & Dry Staples,Pasta,"Garofalo Organic Traditional Spaghetti Pasta, 8 x 500 g",Garofalo Organic,8 x 500 g,14.99,14.99,NO,0.0,Regular Everyday Price,3.0,100g,In Stock,2026-10-04T12:31:39.866077+00:00,Official costco.ca Web Storefront,2026-10-01T04:00:00+00:00,2026-10-08T03:59:59+00:00,https://www.costco.ca/garofalo-organic-traditional-spaghetti-pasta-8-x-500-g.product.002206.html
CAN-NOFRILLS-20002207,nofrills,No Frills,nofrills.ca,"Merivale Rd, Ottawa",3419,ON - Ottawa,K1P1J1,Pantry & Dry Staples,Pasta,"Italpasta Traditional Spaghetti Pasta, 900 g",Italpasta,900 g,1.88,1.88,NO,0.0,Regular Everyday Price,0.21,100g,In Stock,2026-10-04T12:31:53.638098+00:00,Official nofrills.ca Web Storefront,2026-10-01T04:00:00+00:00,2026-10-08T03:59:59+00:00,https://www.nofrills.ca/en/italpasta-traditional-spaghetti-pasta-900-g/p/20002207_EA
CAN-WALMART-20002208,walmart,Walmart,walmart.ca,"Billings Bridge, Ottawa",3092,ON - Ottawa,K1P1J1,Pantry & Dry Staples,Pasta,"Great Value Traditional Spaghetti Pasta, 900 g",Great Value,900 g,1.87,1.87,NO,0.0,Regular Everyday Price,0.21,100g,In Stock,2026-10-04T12:32:08.394823+00:00,Official walmart.ca Web Storefront,2026-10-01T04:00:00+00:00,2026-10-08T03:59:59+00:00,https://www.walmart.ca/en/ip/great-value-traditional-spaghetti-pasta-900-g/60000002208
CAN-TNT-20002209,tnt,T&T,tntsupermarket.com,"Hunt Club Rd, Ottawa",015,ON - Ottawa,K1P1J1,Pantry & Dry Staples,Pasta,"Barilla Traditional Spaghetti Pasta, 900 g",Barilla,900 g,2.48,3.08,YES,0.6,Weekly Feature Special - Save $0.60,0.28,100g,In Stock,2026-10-04T12:32:16.763431+00:00,Official tntsupermarket.com Web Storefront,2026-10-01T04:00:00+00:00,2026-10-08T03:59:59+00:00,https://www.tntsupermarket.com/eng/2000220-barilla-traditional-spaghetti-pasta-900-g.html
CAN-SAVEON-20002210,saveon,Save-On,saveonfoods.com,Ottawa Regional Fulfillment,9902,ON - Ottawa,K1P1J1,Pantry & Dry Staples,Pasta,"Western Family Traditional Spaghetti Pasta, 900 g",Western Family,900 g,2.69,2.69,NO,0.0,Regular Everyday Price,0.3,100g,In Stock,2026-10-04T12:32:29.064869+00:00,Official saveonfoods.com Web Storefront,2026-10-01T04:00:00+00:00,2026-10-08T03:59:59+00:00,https://www.saveonfoods.com/sm/pickup/rsid/9902/product/western-family-traditional-spaghetti-pasta-900-g-20002210
CAN-LOBLAWS-20002211,loblaws,Loblaws,loblaws.ca,"Isabella St, Ottawa",1024,ON - Ottawa,K1P1J1,Pantry & Dry Staples,Baking,"President's Choice All-Purpose White Flour, 2.5 kg",President's Choice,2.5 kg,5.49,5.49,NO,0.0,Regular Everyday Price,2.2,kg,In Stock,2026-10-04T12:32:42.371801+00:00,Official loblaws.ca Web Storefront,2026-10-01T04:00:00+00:00,2026-10-08T03:59:59+00:00,https://www.loblaws.ca/en/presidents-choice-all-purpose-white-flour-25-kg/p/20002211_EA
CAN-METRO-20002212,metro,Metro,metro.ca,"Beechwood Ave, Ottawa",0418,ON - Ottawa,K1P1J1,Pantry & Dry Staples,Baking,"Selection All-Purpose White Flour, 2.5 kg",Selection,2.5 kg,4.99,4.99,NO,0.0,Regular Everyday Price,2.0,kg,In Stock,2026-10-04T12:32:54.527402+00:00,Official metro.ca Web Storefront,2026-10-01T04:00:00+00:00,2026-10-08T03:59:59+00:00,https://www.metro.ca/en/online-grocery/aisles/pantry-dry-staples/selection-all-purpose-white-flour-25-kg-p-20002212
CAN-FOODBASICS-20002213,foodbasics,Food Basics,foodbasics.ca,"St. Laurent Blvd, Ottawa",0934,ON - Ottawa,K1P1J1,Pantry & Dry Staples,Baking,"Selection All-Purpose White Flour, 2.5 kg",Selection,2.5 kg,3.99,4.99,YES,1.0,Always More For Less - Save $1.00,1.6,kg,In Stock,2026-10-04T12:33:05.764557+00:00,Official foodbasics.ca Web Storefront,2026-10-01T04:00:00+00:00,2026-10-08T03:59:59+00:00,https://www.foodbasics.ca/aisles/pantry-dry-staples/selection-all-purpose-white-flour-25-kg-p-20002213
CAN-SOBEYS-20002214,sobeys,Sobeys,sobeys.com,"March Rd, Kanata / Ottawa",0675,ON - Ottawa,K1P1J1,Pantry & Dry Staples,Baking,"Compliments All-Purpose White Flour, 2.5 kg",Compliments,2.5 kg,5.49,5.49,NO,0.0,Regular Everyday Price,2.2,kg,In Stock,2026-10-04T12:33:11.061089+00:00,Official sobeys.com Web Storefront,2026-10-01T04:00:00+00:00,2026-10-08T03:59:59+00:00,https://www.sobeys.com/en/products/compliments-all-purpose-white-flour-25-kg-20002214
CAN-FRESHCO-20002215,freshco,FreshCo,freshco.com,"McArthur Ave, Ottawa",9555,ON - Ottawa,K1P1J1,Pantry & Dry Staples,Baking,"Compliments All-Purpose White Flour, 2.5 kg",Compliments,2.5 kg,3.99,3.99,NO,0.0,Regular Everyday Price,1.6,kg,In Stock,2026-10-04T12:33:19.961332+00:00,Official freshco.com Web Storefront,2026-10-01T04:00:00+00:00,2026-10-08T03:59:59+00:00,https://freshco.com/products/compliments-all-purpose-white-flour-25-kg-20002215
CAN-COSTCO-20002216,costco,Costco,costco.ca,"Innes Rd, Ottawa",0541,ON - Ottawa,K1P1J1,Pantry & Dry Staples,Baking,"Robin Hood All-Purpose White Flour, 10 kg",Robin Hood,10 kg,13.99,18.99,YES,5.0,Instant Savings $5.00 Off at Checkout,1.4,kg,In Stock,2026-10-04T12:33:25.337475+00:00,Official costco.ca Web Storefront,2026-10-01T04:00:00+00:00,2026-10-08T03:59:59+00:00,https://www.costco.ca/robin-hood-all-purpose-white-flour-10-kg.product.002216.html
CAN-NOFRILLS-20002217,nofrills,No Frills,nofrills.ca,"Merivale Rd, Ottawa",3419,ON - Ottawa,K1P1J1,Pantry & Dry Staples,Baking,"No Name All-Purpose White Flour, 2.5 kg",No Name,2.5 kg,3.99,4.99,YES,1.0,Hit of the Month - Rollback $1.00,1.6,kg,In Stock,2026-10-04T12:33:34.449958+00:00,Official nofrills.ca Web Storefront,2026-10-01T04:00:00+00:00,2026-10-08T03:59:59+00:00,https://www.nofrills.ca/en/no-name-all-purpose-white-flour-25-kg/p/20002217_EA
CAN-WALMART-20002218,walmart,Walmart,walmart.ca,"Billings Bridge, Ottawa",3092,ON - Ottawa,K1P1J1,Pantry & Dry Staples,Baking,"Great Value All-Purpose White Flour, 2.5 kg",Great Value,2.5 kg,3.97,3.97,NO,0.0,Regular Everyday Price,1.59,kg,In Stock,2026-10-04T12:33:38.891809+00:00,Official walmart.ca Web Storefront,2026-10-01T04:00:00+00:00,2026-10-08T03:59:59+00:00,https://www.walmart.ca/en/ip/great-value-all-purpose-white-flour-25-kg/60000002218
CAN-TNT-20002219,tnt,T&T,tntsupermarket.com,"Hunt Club Rd, Ottawa",015,ON - Ottawa,K1P1J1,Pantry & Dry Staples,Baking,"Five Roses All-Purpose White Flour, 2.5 kg",Five Roses,2.5 kg,4.68,4.68,NO,0.0,Regular Everyday Price,1.87,kg,In Stock,2026-10-04T12:33:48.107557+00:00,Official tntsupermarket.com Web Storefront,2026-10-01T04:00:00+00:00,2026-10-08T03:59:59+00:00,https://www.tntsupermarket.com/eng/2000221-five-roses-all-purpose-white-flour-25-kg.html
CAN-SAVEON-20002220,saveon,Save-On,saveonfoods.com,Ottawa Regional Fulfillment,9902,ON - Ottawa,K1P1J1,Pantry & Dry Staples,Baking,"Western Family All-Purpose White Flour, 2.5 kg",Western Family,2.5 kg,5.29,6.79,YES,1.5,Save $1.50 With More Rewards Card,2.12,kg,In Stock,2026-10-04T12:34:01.378209+00:00,Official saveonfoods.com Web Storefront,2026-10-01T04:00:00+00:00,2026-10-08T03:59:59+00:00,https://www.saveonfoods.com/sm/pickup/rsid/9902/product/western-family-all-purpose-white-flour-25-kg-20002220
CAN-LOBLAWS-20002221,loblaws,Loblaws,loblaws.ca,"Isabella St, Ottawa",1024,ON - Ottawa,K1P1J1,Pantry & Dry Staples,Oils,"President's Choice Pure Canola Cooking Oil, 3 L",President's Choice,3 L,11.99,11.99,NO,0.0,Regular Everyday Price,4.0,L,In Stock,2026-10-04T12:34:12.222727+00:00,Official loblaws.ca Web Storefront,2026-10-01T04:00:00+00:00,2026-10-08T03:59:59+00:00,https://www.loblaws.ca/en/presidents-choice-pure-canola-cooking-oil-3-l/p/20002221_EA
CAN-METRO-20002222,metro,Metro,metro.ca,"Beechwood Ave, Ottawa",0418,ON - Ottawa,K1P1J1,Pantry & Dry Staples,Oils,"Selection Pure Canola Cooking Oil, 3 L",Selection,3 L,10.99,11.79,YES,0.8,Weekly Flyer Special - Save $0.80,3.66,L,In Stock,2026-10-04T12:34:22.871860+00:00,Official metro.ca Web Storefront,2026-10-01T04:00:00+00:00,2026-10-08T03:59:59+00:00,https://www.metro.ca/en/online-grocery/aisles/pantry-dry-staples/selection-pure-canola-cooking-oil-3-l-p-20002222
CAN-FOODBASICS-20002223,foodbasics,Food Basics,foodbasics.ca,"St. Laurent Blvd, Ottawa",0934,ON - Ottawa,K1P1J1,Pantry & Dry Staples,Oils,"Selection Pure Canola Cooking Oil, 3 L",Selection,3 L,8.99,8.99,NO,0.0,Regular Everyday Price,3.0,L,In Stock,2026-10-04T12:34:29.060019+00:00,Official foodbasics.ca Web Storefront,2026-10-01T04:00:00+00:00,2026-10-08T03:59:59+00:00,https://www.foodbasics.ca/aisles/pantry-dry-staples/selection-pure-canola-cooking-oil-3-l-p-20002223
CAN-SOBEYS-20002224,sobeys,Sobeys,sobeys.com,"March Rd, Kanata / Ottawa",0675,ON - Ottawa,K1P1J1,Pantry & Dry Staples,Oils,"Compliments Pure Canola Cooking Oil, 3 L",Compliments,3 L,11.99,13.49,YES,1.5,Scene+ Member Deal - Save $1.50,4.0,L,In Stock,2026-10-04T12:34:37.293192+00:00,Official sobeys.com Web Storefront,2026-10-01T04:00:00+00:00,2026-10-08T03:59:59+00:00,https://www.sobeys.com/en/products/compliments-pure-canola-cooking-oil-3-l-20002224
CAN-FRESHCO-20002225,freshco,FreshCo,freshco.com,"McArthur Ave, Ottawa",9555,ON - Ottawa,K1P1J1,Pantry & Dry Staples,Oils,"Compliments Pure Canola Cooking Oil, 3 L",Compliments,3 L,8.99,8.99,NO,0.0,Regular Everyday Price,3.0,L,In Stock,2026-10-04T12:34:44.748217+00:00,Official freshco.com Web Storefront,2026-10-01T04:00:00+00:00,2026-10-08T03:59:59+00:00,https://freshco.com/products/compliments-pure-canola-cooking-oil-3-l-20002225
CAN-COSTCO-20002226,costco,Costco,costco.ca,"Innes Rd, Ottawa",0541,ON - Ottawa,K1P1J1,Pantry & Dry Staples,Oils,"Kirkland Signature Pure Canola Cooking Oil, 5 L",Kirkland Signature,5 L,14.99,14.99,NO,0.0,Regular Everyday Price,3.0,L,In Stock,2026-10-04T12:34:59.311424+00:00,Official costco.ca Web Storefront,2026-10-01T04:00:00+00:00,2026-10-08T03:59:59+00:00,https://www.costco.ca/kirkland-signature-pure-canola-cooking-oil-5-l.product.002226.html
CAN-NOFRILLS-20002227,nofrills,No Frills,nofrills.ca,"Merivale Rd, Ottawa",3419,ON - Ottawa,K1P1J1,Pantry & Dry Staples,Oils,"No Name Pure Canola Cooking Oil, 3 L",No Name,3 L,8.99,9.74,YES,0.75,Hit of the Month - Rollback $0.75,3.0,L,In Stock,2026-10-04T12:35:03.778655+00:00,Official nofrills.ca Web Storefront,2026-10-01T04:00:00+00:00,2026-10-08T03:59:59+00:00,https://www.nofrills.ca/en/no-name-pure-canola-cooking-oil-3-l/p/20002227_EA
CAN-WALMART-20002228,walmart,Walmart,walmart.ca,"Billings Bridge, Ottawa",3092,ON - Ottawa,K1P1J1,Pantry & Dry Staples,Oils,"Great Value Pure Canola Cooking Oil, 3 L",Great Value,3 L,8.97,8.97,NO,0.0,Regular Everyday Price,2.99,L,In Stock,2026-10-04T12:35:15.051644+00:00,Official walmart.ca Web Storefront,2026-10-01T04:00:00+00:00,2026-10-08T03:59:59+00:00,https://www.walmart.ca/en/ip/great-value-pure-canola-cooking-oil-3-l/60000002228
CAN-TNT-20002229,tnt,T&T,tntsupermarket.com,"Hunt Club Rd, Ottawa",015,ON - Ottawa,K1P1J1,Pantry & Dry Staples,Oils,"Rooster Brand Pure Canola Cooking Oil, 3 L",Rooster Brand,3 L,9.88,10.99,YES,1.11,Weekly Feature Special - Save $1.11,3.29,L,In Stock,2026-10-04T12:35:25.515043+00:00,Official tntsupermarket.com Web Storefront,2026-10-01T04:00:00+00:00,2026-10-08T03:59:59+00:00,https://www.tntsupermarket.com/eng/2000222-rooster-brand-pure-canola-cooking-oil-3-l.html
CAN-SAVEON-20002230,saveon,Save-On,saveonfoods.com,Ottawa Regional Fulfillment,9902,ON - Ottawa,K1P1J1,Pantry & Dry Staples,Oils,"Western Family Pure Canola Cooking Oil, 3 L",Western Family,3 L,11.49,12.99,YES,1.5,Save $1.50 With More Rewards Card,3.83,L,In Stock,2026-10-04T12:35:35.900991+00:00,Official saveonfoods.com Web Storefront,2026-10-01T04:00:00+00:00,2026-10-08T03:59:59+00:00,https://www.saveonfoods.com/sm/pickup/rsid/9902/product/western-family-pure-canola-cooking-oil-3-l-20002230
CAN-LOBLAWS-20002231,loblaws,Loblaws,loblaws.ca,"Isabella St, Ottawa",1024,ON - Ottawa,K1P1J1,Pantry & Dry Staples,Oils,"PC Splendido Extra Virgin Olive Oil, 1 L",PC Splendido,1 L,16.49,17.49,YES,1.0,PC Optimum Member Price - Save $1.00,16.49,L,In Stock,2026-10-04T12:35:48.507432+00:00,Official loblaws.ca Web Storefront,2026-10-01T04:00:00+00:00,2026-10-08T03:59:59+00:00,https://www.loblaws.ca/en/pc-splendido-extra-virgin-olive-oil-1-l/p/20002231_EA
CAN-METRO-20002232,metro,Metro,metro.ca,"Beechwood Ave, Ottawa",0418,ON - Ottawa,K1P1J1,Pantry & Dry Staples,Oils,"Irresistibles Extra Virgin Olive Oil, 1 L",Irresistibles,1 L,15.49,15.49,NO,0.0,Regular Everyday Price,15.49,L,In Stock,2026-10-04T12:35:57.081499+00:00,Official metro.ca Web Storefront,2026-10-01T04:00:00+00:00,2026-10-08T03:59:59+00:00,https://www.metro.ca/en/online-grocery/aisles/pantry-dry-staples/irresistibles-extra-virgin-olive-oil-1-l-p-20002232
CAN-FOODBASICS-20002233,foodbasics,Food Basics,foodbasics.ca,"St. Laurent Blvd, Ottawa",0934,ON - Ottawa,K1P1J1,Pantry & Dry Staples,Oils,"Selection Extra Virgin Olive Oil, 1 L",Selection,1 L,12.99,13.49,YES,0.5,Always More For Less - Save $0.50,12.99,L,In Stock,2026-10-04T12:36:01.742762+00:00,Official foodbasics.ca Web Storefront,2026-10-01T04:00:00+00:00,2026-10-08T03:59:59+00:00,https://www.foodbasics.ca/aisles/pantry-dry-staples/selection-extra-virgin-olive-oil-1-l-p-20002233
CAN-SOBEYS-20002234,sobeys,Sobeys,sobeys.com,"March Rd, Kanata / Ottawa",0675,ON - Ottawa,K1P1J1,Pantry & Dry Staples,Oils,"Panache Extra Virgin Olive Oil, 1 L",Panache,1 L,16.49,16.49,NO,0.0,Regular Everyday Price,16.49,L,In Stock,2026-10-04T12:36:08.053733+00:00,Official sobeys.com Web Storefront,2026-10-01T04:00:00+00:00,2026-10-08T03:59:59+00:00,https://www.sobeys.com/en/products/panache-extra-virgin-olive-oil-1-l-20002234
CAN-FRESHCO-20002235,freshco,FreshCo,freshco.com,"McArthur Ave, Ottawa",9555,ON - Ottawa,K1P1J1,Pantry & Dry Staples,Oils,"Compliments Extra Virgin Olive Oil, 1 L",Compliments,1 L,12.99,12.99,NO,0.0,Regular Everyday Price,12.99,L,In Stock,2026-10-04T12:36:19.175031+00:00,Official freshco.com Web Storefront,2026-10-01T04:00:00+00:00,2026-10-08T03:59:59+00:00,https://freshco.com/products/compliments-extra-virgin-olive-oil-1-l-20002235
CAN-COSTCO-20002236,costco,Costco,costco.ca,"Innes Rd, Ottawa",0541,ON - Ottawa,K1P1J1,Pantry & Dry Staples,Oils,"Kirkland Signature Extra Virgin Olive Oil, 2 L",Kirkland Signature,2 L,24.99,24.99,NO,0.0,Regular Everyday Price,12.49,L,In Stock,2026-10-04T12:36:32.586773+00:00,Official costco.ca Web Storefront,2026-10-01T04:00:00+00:00,2026-10-08T03:59:59+00:00,https://www.costco.ca/kirkland-signature-extra-virgin-olive-oil-2-l.product.002236.html
CAN-NOFRILLS-20002237,nofrills,No Frills,nofrills.ca,"Merivale Rd, Ottawa",3419,ON - Ottawa,K1P1J1,Pantry & Dry Staples,Oils,"No Name Extra Virgin Olive Oil, 1 L",No Name,1 L,12.99,12.99,NO,0.0,Regular Everyday Price,12.99,L,In Stock,2026-10-04T12:36:40.803500+00:00,Official nofrills.ca Web Storefront,2026-10-01T04:00:00+00:00,2026-10-08T03:59:59+00:00,https://www.nofrills.ca/en/no-name-extra-virgin-olive-oil-1-l/p/20002237_EA
CAN-WALMART-20002238,walmart,Walmart,walmart.ca,"Billings Bridge, Ottawa",3092,ON - Ottawa,K1P1J1,Pantry & Dry Staples,Oils,"Great Value Extra Virgin Olive Oil, 1 L",Great Value,1 L,12.97,12.97,NO,0.0,Regular Everyday Price,12.97,L,In Stock,2026-10-04T12:36:51.679780+00:00,Official walmart.ca Web Storefront,2026-10-01T04:00:00+00:00,2026-10-08T03:59:59+00:00,https://www.walmart.ca/en/ip/great-value-extra-virgin-olive-oil-1-l/60000002238
CAN-TNT-20002239,tnt,T&T,tntsupermarket.com,"Hunt Club Rd, Ottawa",015,ON - Ottawa,K1P1J1,Pantry & Dry Staples,Oils,"Bertolli Extra Virgin Olive Oil, 1 L",Bertolli,1 L,14.48,14.48,NO,0.0,Regular Everyday Price,14.48,L,In Stock,2026-10-04T12:37:00.261803+00:00,Official tntsupermarket.com Web Storefront,2026-10-01T04:00:00+00:00,2026-10-08T03:59:59+00:00,https://www.tntsupermarket.com/eng/2000223-bertolli-extra-virgin-olive-oil-1-l.html
CAN-SAVEON-20002240,saveon,Save-On,saveonfoods.com,Ottawa Regional Fulfillment,9902,ON - Ottawa,K1P1J1,Pantry & Dry Staples,Oils,"Western Family Extra Virgin Olive Oil, 1 L",Western Family,1 L,15.99,15.99,NO,0.0,Regular Everyday Price,15.99,L,In Stock,2026-10-04T12:37:09.956241+00:00,Official saveonfoods.com Web Storefront,2026-10-01T04:00:00+00:00,2026-10-08T03:59:59+00:00,https://www.saveonfoods.com/sm/pickup/rsid/9902/product/western-family-extra-virgin-olive-oil-1-l-20002240
CAN-LOBLAWS-20002241,loblaws,Loblaws,loblaws.ca,"Isabella St, Ottawa",1024,ON - Ottawa,K1P1J1,Beverages,Coffee & Tea,"President's Choice Medium Roast Ground Coffee, 925 g",President's Choice,925 g,12.99,13.74,YES,0.75,PC Optimum Member Price - Save $0.75,1.4,100g,In Stock,2026-10-04T12:37:24.796399+00:00,Official loblaws.ca Web Storefront,2026-10-01T04:00:00+00:00,2026-10-08T03:59:59+00:00,https://www.loblaws.ca/en/presidents-choice-medium-roast-ground-coffee-925-g/p/20002241_EA
CAN-METRO-20002242,metro,Metro,metro.ca,"Beechwood Ave, Ottawa",0418,ON - Ottawa,K1P1J1,Beverages,Coffee & Tea,"Selection Medium Roast Ground Coffee, 925 g",Selection,925 g,11.99,11.99,NO,0.0,Regular Everyday Price,1.3,100g,In Stock,2026-10-04T12:37:29.250813+00:00,Official metro.ca Web Storefront,2026-10-01T04:00:00+00:00,2026-10-08T03:59:59+00:00,https://www.metro.ca/en/online-grocery/aisles/beverages/selection-medium-roast-ground-coffee-925-g-p-20002242
CAN-FOODBASICS-20002243,foodbasics,Food Basics,foodbasics.ca,"St. Laurent Blvd, Ottawa",0934,ON - Ottawa,K1P1J1,Beverages,Coffee & Tea,"Selection Medium Roast Ground Coffee, 925 g",Selection,925 g,9.49,9.49,NO,0.0,Regular Everyday Price,1.03,100g,In Stock,2026-10-04T12:37:41.477141+00:00,Official foodbasics.ca Web Storefront,2026-10-01T04:00:00+00:00,2026-10-08T03:59:59+00:00,https://www.foodbasics.ca/aisles/beverages/selection-medium-roast-ground-coffee-925-g-p-20002243
CAN-SOBEYS-20002244,sobeys,Sobeys,sobeys.com,"March Rd, Kanata / Ottawa",0675,ON - Ottawa,K1P1J1,Beverages,Coffee & Tea,"Compliments Medium Roast Ground Coffee, 925 g",Compliments,925 g,12.99,12.99,NO,0.0,Regular Everyday Price,1.4,100g,In Stock,2026-10-04T12:37:47.098076+00:00,Official sobeys.com Web Storefront,2026-10-01T04:00:00+00:00,2026-10-08T03:59:59+00:00,https://www.sobeys.com/en/products/compliments-medium-roast-ground-coffee-925-g-20002244
CAN-FRESHCO-20002245,freshco,FreshCo,freshco.com,"McArthur Ave, Ottawa",9555,ON - Ottawa,K1P1J1,Beverages,Coffee & Tea,"Compliments Medium Roast Ground Coffee, 925 g",Compliments,925 g,9.49,9.49,NO,0.0,Regular Everyday Price,1.03,100g,In Stock,2026-10-04T12:37:59.087833+00:00,Official freshco.com Web Storefront,2026-10-01T04:00:00+00:00,2026-10-08T03:59:59+00:00,https://freshco.com/products/compliments-medium-roast-ground-coffee-925-g-20002245
CAN-COSTCO-20002246,costco,Costco,costco.ca,"Innes Rd, Ottawa",0541,ON - Ottawa,K1P1J1,Beverages,Coffee & Tea,"Kirkland Signature Medium Roast Ground Coffee, 1.36 kg",Kirkland Signature,1.36 kg,18.99,18.99,NO,0.0,Regular Everyday Price,13.96,kg,In Stock,2026-10-04T12:38:09.008174+00:00,Official costco.ca Web Storefront,2026-10-01T04:00:00+00:00,2026-10-08T03:59:59+00:00,https://www.costco.ca/kirkland-signature-medium-roast-ground-coffee-136-kg.product.002246.html
CAN-NOFRILLS-20002247,nofrills,No Frills,nofrills.ca,"Merivale Rd, Ottawa",3419,ON - Ottawa,K1P1J1,Beverages,Coffee & Tea,"No Name Medium Roast Ground Coffee, 925 g",No Name,925 g,9.49,9.49,NO,0.0,Regular Everyday Price,1.03,100g,In Stock,2026-10-04T12:38:14.473700+00:00,Official nofrills.ca Web Storefront,2026-10-01T04:00:00+00:00,2026-10-08T03:59:59+00:00,https://www.nofrills.ca/en/no-name-medium-roast-ground-coffee-925-g/p/20002247_EA
CAN-WALMART-20002248,walmart,Walmart,walmart.ca,"Billings Bridge, Ottawa",3092,ON - Ottawa,K1P1J1,Beverages,Coffee & Tea,"Great Value Medium Roast Ground Coffee, 925 g",Great Value,925 g,9.47,9.47,NO,0.0,Regular Everyday Price,1.02,100g,In Stock,2026-10-04T12:38:24.567859+00:00,Official walmart.ca Web Storefront,2026-10-01T04:00:00+00:00,2026-10-08T03:59:59+00:00,https://www.walmart.ca/en/ip/great-value-medium-roast-ground-coffee-925-g/60000002248
CAN-TNT-20002249,tnt,T&T,tntsupermarket.com,"Hunt Club Rd, Ottawa",015,ON - Ottawa,K1P1J1,Beverages,Coffee & Tea,"Tim Hortons Medium Roast Ground Coffee, 925 g",Tim Hortons,925 g,11.88,11.88,NO,0.0,Regular Everyday Price,1.28,100g,In Stock,2026-10-04T12:38:33.501683+00:00,Official tntsupermarket.com Web Storefront,2026-10-01T04:00:00+00:00,2026-10-08T03:59:59+00:00,https://www.tntsupermarket.com/eng/2000224-tim-hortons-medium-roast-ground-coffee-925-g.html
CAN-SAVEON-20002250,saveon,Save-On,saveonfoods.com,Ottawa Regional Fulfillment,9902,ON - Ottawa,K1P1J1,Beverages,Coffee & Tea,"Western Family Medium Roast Ground Coffee, 925 g",Western Family,925 g,12.49,12.49,NO,0.0,Regular Everyday Price,1.35,100g,In Stock,2026-10-04T12:38:37.565167+00:00,Official saveonfoods.com Web Storefront,2026-10-01T04:00:00+00:00,2026-10-08T03:59:59+00:00,https://www.saveonfoods.com/sm/pickup/rsid/9902/product/western-family-medium-roast-ground-coffee-925-g-20002250
CAN-LOBLAWS-20002251,loblaws,Loblaws,loblaws.ca,"Isabella St, Ottawa",1024,ON - Ottawa,K1P1J1,Beverages,Juices,"President's Choice Pure Orange Juice No Pulp, 2.5 L",President's Choice,2.5 L,6.49,7.49,YES,1.0,PC Optimum Member Price - Save $1.00,2.6,L,In Stock,2026-10-04T12:38:46.841613+00:00,Official loblaws.ca Web Storefront,2026-10-01T04:00:00+00:00,2026-10-08T03:59:59+00:00,https://www.loblaws.ca/en/presidents-choice-pure-orange-juice-no-pulp-25-l/p/20002251_EA
CAN-METRO-20002252,metro,Metro,metro.ca,"Beechwood Ave, Ottawa",0418,ON - Ottawa,K1P1J1,Beverages,Juices,"Selection Pure Orange Juice No Pulp, 2.5 L",Selection,2.5 L,5.99,5.99,NO,0.0,Regular Everyday Price,2.4,L,In Stock,2026-10-04T12:38:51.201037+00:00,Official metro.ca Web Storefront,2026-10-01T04:00:00+00:00,2026-10-08T03:59:59+00:00,https://www.metro.ca/en/online-grocery/aisles/beverages/selection-pure-orange-juice-no-pulp-25-l-p-20002252
CAN-FOODBASICS-20002253,foodbasics,Food Basics,foodbasics.ca,"St. Laurent Blvd, Ottawa",0934,ON - Ottawa,K1P1J1,Beverages,Juices,"Selection Pure Orange Juice No Pulp, 2.5 L",Selection,2.5 L,4.99,4.99,NO,0.0,Regular Everyday Price,2.0,L,In Stock,2026-10-04T12:38:55.631898+00:00,Official foodbasics.ca Web Storefront,2026-10-01T04:00:00+00:00,2026-10-08T03:59:59+00:00,https://www.foodbasics.ca/aisles/beverages/selection-pure-orange-juice-no-pulp-25-l-p-20002253
CAN-SOBEYS-20002254,sobeys,Sobeys,sobeys.com,"March Rd, Kanata / Ottawa",0675,ON - Ottawa,K1P1J1,Beverages,Juices,"Compliments Pure Orange Juice No Pulp, 2.5 L",Compliments,2.5 L,6.49,6.49,NO,0.0,Regular Everyday Price,2.6,L,In Stock,2026-10-04T12:39:08.514856+00:00,Official sobeys.com Web Storefront,2026-10-01T04:00:00+00:00,2026-10-08T03:59:59+00:00,https://www.sobeys.com/en/products/compliments-pure-orange-juice-no-pulp-25-l-20002254
CAN-FRESHCO-20002255,freshco,FreshCo,freshco.com,"McArthur Ave, Ottawa",9555,ON - Ottawa,K1P1J1,Beverages,Juices,"Compliments Pure Orange Juice No Pulp, 2.5 L",Compliments,2.5 L,4.99,5.59,YES,0.6,Price Match Guarantee Deal - Save $0.60,2.0,L,In Stock,2026-10-04T12:39:19.013550+00:00,Official freshco.com Web Storefront,2026-10-01T04:00:00+00:00,2026-10-08T03:59:59+00:00,https://freshco.com/products/compliments-pure-orange-juice-no-pulp-25-l-20002255
CAN-COSTCO-20002256,costco,Costco,costco.ca,"Innes Rd, Ottawa",0541,ON - Ottawa,K1P1J1,Beverages,Juices,"Kirkland Signature Pure Orange Juice No Pulp, 2 x 2.84 L",Kirkland Signature,2 x 2.84 L,9.99,13.49,YES,3.5,Instant Savings $3.50 Off at Checkout,3.52,L,In Stock,2026-10-04T12:39:30.444659+00:00,Official costco.ca Web Storefront,2026-10-01T04:00:00+00:00,2026-10-08T03:59:59+00:00,https://www.costco.ca/kirkland-signature-pure-orange-juice-no-pulp-2-x-284-l.product.002256.html
CAN-NOFRILLS-20002257,nofrills,No Frills,nofrills.ca,"Merivale Rd, Ottawa",3419,ON - Ottawa,K1P1J1,Beverages,Juices,"No Name Pure Orange Juice No Pulp, 2.5 L",No Name,2.5 L,4.99,4.99,NO,0.0,Regular Everyday Price,2.0,L,In Stock,2026-10-04T12:39:37.696679+00:00,Official nofrills.ca Web Storefront,2026-10-01T04:00:00+00:00,2026-10-08T03:59:59+00:00,https://www.nofrills.ca/en/no-name-pure-orange-juice-no-pulp-25-l/p/20002257_EA
CAN-WALMART-20002258,walmart,Walmart,walmart.ca,"Billings Bridge, Ottawa",3092,ON - Ottawa,K1P1J1,Beverages,Juices,"Great Value Pure Orange Juice No Pulp, 2.5 L",Great Value,2.5 L,4.97,5.94,YES,0.97,Rollback - Save $0.97,1.99,L,In Stock,2026-10-04T12:39:42.657771+00:00,Official walmart.ca Web Storefront,2026-10-01T04:00:00+00:00,2026-10-08T03:59:59+00:00,https://www.walmart.ca/en/ip/great-value-pure-orange-juice-no-pulp-25-l/60000002258
CAN-TNT-20002259,tnt,T&T,tntsupermarket.com,"Hunt Club Rd, Ottawa",015,ON - Ottawa,K1P1J1,Beverages,Juices,"Oasis Pure Orange Juice No Pulp, 2.5 L",Oasis,2.5 L,5.48,5.48,NO,0.0,Regular Everyday Price,2.19,L,In Stock,2026-10-04T12:39:45.838237+00:00,Official tntsupermarket.com Web Storefront,2026-10-01T04:00:00+00:00,2026-10-08T03:59:59+00:00,https://www.tntsupermarket.com/eng/2000225-oasis-pure-orange-juice-no-pulp-25-l.html
CAN-SAVEON-20002260,saveon,Save-On,saveonfoods.com,Ottawa Regional Fulfillment,9902,ON - Ottawa,K1P1J1,Beverages,Juices,"Western Family Pure Orange Juice No Pulp, 2.5 L",Western Family,2.5 L,6.29,6.29,NO,0.0,Regular Everyday Price,2.52,L,In Stock,2026-10-04T12:39:54.686643+00:00,Official saveonfoods.com Web Storefront,2026-10-01T04:00:00+00:00,2026-10-08T03:59:59+00:00,https://www.saveonfoods.com/sm/pickup/rsid/9902/product/western-family-pure-orange-juice-no-pulp-25-l-20002260
CAN-LOBLAWS-20002261,loblaws,Loblaws,loblaws.ca,"Isabella St, Ottawa",1024,ON - Ottawa,K1P1J1,Frozen Foods,Frozen Fruit,"PC Blue Menu Frozen Wild Blueberries, 600 g",PC Blue Menu,600 g,5.99,5.99,NO,0.0,Regular Everyday Price,1.0,100g,In Stock,2026-10-04T12:39:58.814953+00:00,Official loblaws.ca Web Storefront,2026-10-01T04:00:00+00:00,2026-10-08T03:59:59+00:00,https://www.loblaws.ca/en/pc-blue-menu-frozen-wild-blueberries-600-g/p/20002261_EA
CAN-METRO-20002262,metro,Metro,metro.ca,"Beechwood Ave, Ottawa",0418,ON - Ottawa,K1P1J1,Frozen Foods,Frozen Fruit,"Irresistibles Frozen Wild Blueberries, 600 g",Irresistibles,600 g,5.49,5.49,NO,0.0,Regular Everyday Price,0.92,100g,In Stock,2026-10-04T12:40:08.686713+00:00,Official metro.ca Web Storefront,2026-10-01T04:00:00+00:00,2026-10-08T03:59:59+00:00,https://www.metro.ca/en/online-grocery/aisles/frozen-foods/irresistibles-frozen-wild-blueberries-600-g-p-20002262
CAN-FOODBASICS-20002263,foodbasics,Food Basics,foodbasics.ca,"St. Laurent Blvd, Ottawa",0934,ON - Ottawa,K1P1J1,Frozen Foods,Frozen Fruit,"Selection Frozen Wild Blueberries, 600 g",Selection,600 g,4.49,4.49,NO,0.0,Regular Everyday Price,0.75,100g,In Stock,2026-10-04T12:40:15.494338+00:00,Official foodbasics.ca Web Storefront,2026-10-01T04:00:00+00:00,2026-10-08T03:59:59+00:00,https://www.foodbasics.ca/aisles/frozen-foods/selection-frozen-wild-blueberries-600-g-p-20002263
CAN-SOBEYS-20002264,sobeys,Sobeys,sobeys.com,"March Rd, Kanata / Ottawa",0675,ON - Ottawa,K1P1J1,Frozen Foods,Frozen Fruit,"Compliments Frozen Wild Blueberries, 600 g",Compliments,600 g,5.99,5.99,NO,0.0,Regular Everyday Price,1.0,100g,In Stock,2026-10-04T12:40:22.734572+00:00,Official sobeys.com Web Storefront,2026-10-01T04:00:00+00:00,2026-10-08T03:59:59+00:00,https://www.sobeys.com/en/products/compliments-frozen-wild-blueberries-600-g-20002264
CAN-FRESHCO-20002265,freshco,FreshCo,freshco.com,"McArthur Ave, Ottawa",9555,ON - Ottawa,K1P1J1,Frozen Foods,Frozen Fruit,"Compliments Frozen Wild Blueberries, 600 g",Compliments,600 g,4.49,4.49,NO,0.0,Regular Everyday Price,0.75,100g,In Stock,2026-10-04T12:40:36.379344+00:00,Official freshco.com Web Storefront,2026-10-01T04:00:00+00:00,2026-10-08T03:59:59+00:00,https://freshco.com/products/compliments-frozen-wild-blueberries-600-g-20002265
CAN-COSTCO-20002266,costco,Costco,costco.ca,"Innes Rd, Ottawa",0541,ON - Ottawa,K1P1J1,Frozen Foods,Frozen Fruit,"Kirkland Signature Frozen Wild Blueberries, 2 kg",Kirkland Signature,2 kg,12.99,17.99,YES,5.0,Instant Savings $5.00 Off at Checkout,6.5,kg,In Stock,2026-10-04T12:40:50.566551+00:00,Official costco.ca Web Storefront,2026-10-01T04:00:00+00:00,2026-10-08T03:59:59+00:00,https://www.costco.ca/kirkland-signature-frozen-wild-blueberries-2-kg.product.002266.html
CAN-NOFRILLS-20002267,nofrills,No Frills,nofrills.ca,"Merivale Rd, Ottawa",3419,ON - Ottawa,K1P1J1,Frozen Foods,Frozen Fruit,"No Name Frozen Wild Blueberries, 600 g",No Name,600 g,4.49,4.49,NO,0.0,Regular Everyday Price,0.75,100g,In Stock,2026-10-04T12:41:04.156965+00:00,Official nofrills.ca Web Storefront,2026-10-01T04:00:00+00:00,2026-10-08T03:59:59+00:00,https://www.nofrills.ca/en/no-name-frozen-wild-blueberries-600-g/p/20002267_EA
CAN-WALMART-20002268,walmart,Walmart,walmart.ca,"Billings Bridge, Ottawa",3092,ON - Ottawa,K1P1J1,Frozen Foods,Frozen Fruit,"Great Value Frozen Wild Blueberries, 600 g",Great Value,600 g,4.47,5.67,YES,1.2,Rollback - Save $1.20,0.74,100g,In Stock,2026-10-04T12:41:10.332969+00:00,Official walmart.ca Web Storefront,2026-10-01T04:00:00+00:00,2026-10-08T03:59:59+00:00,https://www.walmart.ca/en/ip/great-value-frozen-wild-blueberries-600-g/60000002268
CAN-TNT-20002269,tnt,T&T,tntsupermarket.com,"Hunt Club Rd, Ottawa",015,ON - Ottawa,K1P1J1,Frozen Foods,Frozen Fruit,"T&T Brand Frozen Wild Blueberries, 600 g",T&T Brand,600 g,4.98,4.98,NO,0.0,Regular Everyday Price,0.83,100g,In Stock,2026-10-04T12:41:13.458637+00:00,Official tntsupermarket.com Web Storefront,2026-10-01T04:00:00+00:00,2026-10-08T03:59:59+00:00,https://www.tntsupermarket.com/eng/2000226-tt-brand-frozen-wild-blueberries-600-g.html
CAN-SAVEON-20002270,saveon,Save-On,saveonfoods.com,Ottawa Regional Fulfillment,9902,ON - Ottawa,K1P1J1,Frozen Foods,Frozen Fruit,"Western Family Frozen Wild Blueberries, 600 g",Western Family,600 g,5.79,5.79,NO,0.0,Regular Everyday Price,0.97,100g,In Stock,2026-10-04T12:41:18.074306+00:00,Official saveonfoods.com Web Storefront,2026-10-01T04:00:00+00:00,2026-10-08T03:59:59+00:00,https://www.saveonfoods.com/sm/pickup/rsid/9902/product/western-family-frozen-wild-blueberries-600-g-20002270
CAN-LOBLAWS-20002271,loblaws,Loblaws,loblaws.ca,"Isabella St, Ottawa",1024,ON - Ottawa,K1P1J1,Frozen Foods,Frozen Meals,"President's Choice Deluxe Rising Crust Frozen Pizza, 780 g",President's Choice,780 g,7.49,9.49,YES,2.0,PC Optimum Member Price - Save $2.00,0.96,100g,In Stock,2026-10-04T12:41:32.730356+00:00,Official loblaws.ca Web Storefront,2026-10-01T04:00:00+00:00,2026-10-08T03:59:59+00:00,https://www.loblaws.ca/en/presidents-choice-deluxe-rising-crust-frozen-pizza-780-g/p/20002271_EA
CAN-METRO-20002272,metro,Metro,metro.ca,"Beechwood Ave, Ottawa",0418,ON - Ottawa,K1P1J1,Frozen Foods,Frozen Meals,"Selection Deluxe Rising Crust Frozen Pizza, 780 g",Selection,780 g,6.99,6.99,NO,0.0,Regular Everyday Price,0.9,100g,In Stock,2026-10-04T12:41:42.010598+00:00,Official metro.ca Web Storefront,2026-10-01T04:00:00+00:00,2026-10-08T03:59:59+00:00,https://www.metro.ca/en/online-grocery/aisles/frozen-foods/selection-deluxe-rising-crust-frozen-pizza-780-g-p-20002272
CAN-FOODBASICS-20002273,foodbasics,Food Basics,foodbasics.ca,"St. Laurent Blvd, Ottawa",0934,ON - Ottawa,K1P1J1,Frozen Foods,Frozen Meals,"Selection Deluxe Rising Crust Frozen Pizza, 780 g",Selection,780 g,4.99,4.99,NO,0.0,Regular Everyday Price,0.64,100g,In Stock,2026-10-04T12:41:45.143118+00:00,Official foodbasics.ca Web Storefront,2026-10-01T04:00:00+00:00,2026-10-08T03:59:59+00:00,https://www.foodbasics.ca/aisles/frozen-foods/selection-deluxe-rising-crust-frozen-pizza-780-g-p-20002273
CAN-SOBEYS-20002274,sobeys,Sobeys,sobeys.com,"March Rd, Kanata / Ottawa",0675,ON - Ottawa,K1P1J1,Frozen Foods,Frozen Meals,"Compliments Deluxe Rising Crust Frozen Pizza, 780 g",Compliments,780 g,7.49,7.49,NO,0.0,Regular Everyday Price,0.96,100g,In Stock,2026-10-04T12:41:48.435675+00:00,Official sobeys.com Web Storefront,2026-10-01T04:00:00+00:00,2026-10-08T03:59:59+00:00,https://www.sobeys.com/en/products/compliments-deluxe-rising-crust-frozen-pizza-780-g-20002274
CAN-FRESHCO-20002275,freshco,FreshCo,freshco.com,"McArthur Ave, Ottawa",9555,ON - Ottawa,K1P1J1,Frozen Foods,Frozen Meals,"Compliments Deluxe Rising Crust Frozen Pizza, 780 g",Compliments,780 g,4.99,4.99,NO,0.0,Regular Everyday Price,0.64,100g,In Stock,2026-10-04T12:42:03.412979+00:00,Official freshco.com Web Storefront,2026-10-01T04:00:00+00:00,2026-10-08T03:59:59+00:00,https://freshco.com/products/compliments-deluxe-rising-crust-frozen-pizza-780-g-20002275
CAN-COSTCO-20002276,costco,Costco,costco.ca,"Innes Rd, Ottawa",0541,ON - Ottawa,K1P1J1,Frozen Foods,Frozen Meals,"Delissio / Kirkland Deluxe Rising Crust Frozen Pizza, 4 pack",Delissio / Kirkland,4 pack,16.99,16.99,NO,0.0,Regular Everyday Price,4.25,each,In Stock,2026-10-04T12:42:08.770204+00:00,Official costco.ca Web Storefront,2026-10-01T04:00:00+00:00,2026-10-08T03:59:59+00:00,https://www.costco.ca/delissio-kirkland-deluxe-rising-crust-frozen-pizza-4-pack.product.002276.html
CAN-NOFRILLS-20002277,nofrills,No Frills,nofrills.ca,"Merivale Rd, Ottawa",3419,ON - Ottawa,K1P1J1,Frozen Foods,Frozen Meals,"No Name Deluxe Rising Crust Frozen Pizza, 780 g",No Name,780 g,4.99,4.99,NO,0.0,Regular Everyday Price,0.64,100g,In Stock,2026-10-04T12:42:18.556780+00:00,Official nofrills.ca Web Storefront,2026-10-01T04:00:00+00:00,2026-10-08T03:59:59+00:00,https://www.nofrills.ca/en/no-name-deluxe-rising-crust-frozen-pizza-780-g/p/20002277_EA
CAN-WALMART-20002278,walmart,Walmart,walmart.ca,"Billings Bridge, Ottawa",3092,ON - Ottawa,K1P1J1,Frozen Foods,Frozen Meals,"Great Value Deluxe Rising Crust Frozen Pizza, 780 g",Great Value,780 g,4.97,6.97,YES,2.0,Rollback - Save $2.00,0.64,100g,In Stock,2026-10-04T12:42:33.035699+00:00,Official walmart.ca Web Storefront,2026-10-01T04:00:00+00:00,2026-10-08T03:59:59+00:00,https://www.walmart.ca/en/ip/great-value-deluxe-rising-crust-frozen-pizza-780-g/60000002278
CAN-TNT-20002279,tnt,T&T,tntsupermarket.com,"Hunt Club Rd, Ottawa",015,ON - Ottawa,K1P1J1,Frozen Foods,Frozen Meals,"Dr. Oetker Deluxe Rising Crust Frozen Pizza, 780 g",Dr. Oetker,780 g,6.88,7.99,YES,1.11,Weekly Feature Special - Save $1.11,0.88,100g,In Stock,2026-10-04T12:42:38.019759+00:00,Official tntsupermarket.com Web Storefront,2026-10-01T04:00:00+00:00,2026-10-08T03:59:59+00:00,https://www.tntsupermarket.com/eng/2000227-dr-oetker-deluxe-rising-crust-frozen-pizza-780-g.html
CAN-SAVEON-20002280,saveon,Save-On,saveonfoods.com,Ottawa Regional Fulfillment,9902,ON - Ottawa,K1P1J1,Frozen Foods,Frozen Meals,"Western Family Deluxe Rising Crust Frozen Pizza, 780 g",Western Family,780 g,7.29,7.99,YES,0.7,Save $0.70 With More Rewards Card,0.93,100g,In Stock,2026-10-04T12:42:49.643703+00:00,Official saveonfoods.com Web Storefront,2026-10-01T04:00:00+00:00,2026-10-08T03:59:59+00:00,https://www.saveonfoods.com/sm/pickup/rsid/9902/product/western-family-deluxe-rising-crust-frozen-pizza-780-g-20002280
CAN-LOBLAWS-20002281,loblaws,Loblaws,loblaws.ca,"Isabella St, Ottawa",1024,ON - Ottawa,K1P1J1,Snacks & Treats,Chips & Snacks,"President's Choice Loads Of Classic Sea Salt Potato Chips, 200 g",President's Choice Loads Of,200 g,3.49,3.49,NO,0.0,Regular Everyday Price,1.75,100g,In Stock,2026-10-04T12:42:53.465782+00:00,Official loblaws.ca Web Storefront,2026-10-01T04:00:00+00:00,2026-10-08T03:59:59+00:00,https://www.loblaws.ca/en/presidents-choice-loads-of-classic-sea-salt-potato-chips-200-g/p/20002281_EA
CAN-METRO-20002282,metro,Metro,metro.ca,"Beechwood Ave, Ottawa",0418,ON - Ottawa,K1P1J1,Snacks & Treats,Chips & Snacks,"Selection Classic Sea Salt Potato Chips, 200 g",Selection,200 g,2.99,2.99,NO,0.0,Regular Everyday Price,1.5,100g,In Stock,2026-10-04T12:43:02.560675+00:00,Official metro.ca Web Storefront,2026-10-01T04:00:00+00:00,2026-10-08T03:59:59+00:00,https://www.metro.ca/en/online-grocery/aisles/snacks-treats/selection-classic-sea-salt-potato-chips-200-g-p-20002282
CAN-FOODBASICS-20002283,foodbasics,Food Basics,foodbasics.ca,"St. Laurent Blvd, Ottawa",0934,ON - Ottawa,K1P1J1,Snacks & Treats,Chips & Snacks,"Selection Classic Sea Salt Potato Chips, 200 g",Selection,200 g,1.99,1.99,NO,0.0,Regular Everyday Price,1.0,100g,In Stock,2026-10-04T12:43:06.310246+00:00,Official foodbasics.ca Web Storefront,2026-10-01T04:00:00+00:00,2026-10-08T03:59:59+00:00,https://www.foodbasics.ca/aisles/snacks-treats/selection-classic-sea-salt-potato-chips-200-g-p-20002283
CAN-SOBEYS-20002284,sobeys,Sobeys,sobeys.com,"March Rd, Kanata / Ottawa",0675,ON - Ottawa,K1P1J1,Snacks & Treats,Chips & Snacks,"Compliments Classic Sea Salt Potato Chips, 200 g",Compliments,200 g,3.49,3.49,NO,0.0,Regular Everyday Price,1.75,100g,In Stock,2026-10-04T12:43:19.082765+00:00,Official sobeys.com Web Storefront,2026-10-01T04:00:00+00:00,2026-10-08T03:59:59+00:00,https://www.sobeys.com/en/products/compliments-classic-sea-salt-potato-chips-200-g-20002284
CAN-FRESHCO-20002285,freshco,FreshCo,freshco.com,"McArthur Ave, Ottawa",9555,ON - Ottawa,K1P1J1,Snacks & Treats,Chips & Snacks,"Compliments Classic Sea Salt Potato Chips, 200 g",Compliments,200 g,1.99,2.89,YES,0.9,Price Match Guarantee Deal - Save $0.90,1.0,100g,In Stock,2026-10-04T12:43:30.227649+00:00,Official freshco.com Web Storefront,2026-10-01T04:00:00+00:00,2026-10-08T03:59:59+00:00,https://freshco.com/products/compliments-classic-sea-salt-potato-chips-200-g-20002285
CAN-COSTCO-20002286,costco,Costco,costco.ca,"Innes Rd, Ottawa",0541,ON - Ottawa,K1P1J1,Snacks & Treats,Chips & Snacks,"Kirkland Signature Classic Sea Salt Potato Chips, 907 g",Kirkland Signature,907 g,6.99,6.99,NO,0.0,Regular Everyday Price,0.77,100g,In Stock,2026-10-04T12:43:42.895331+00:00,Official costco.ca Web Storefront,2026-10-01T04:00:00+00:00,2026-10-08T03:59:59+00:00,https://www.costco.ca/kirkland-signature-classic-sea-salt-potato-chips-907-g.product.002286.html
CAN-NOFRILLS-20002287,nofrills,No Frills,nofrills.ca,"Merivale Rd, Ottawa",3419,ON - Ottawa,K1P1J1,Snacks & Treats,Chips & Snacks,"No Name Classic Sea Salt Potato Chips, 200 g",No Name,200 g,1.99,1.99,NO,0.0,Regular Everyday Price,1.0,100g,In Stock,2026-10-04T12:43:54.597543+00:00,Official nofrills.ca Web Storefront,2026-10-01T04:00:00+00:00,2026-10-08T03:59:59+00:00,https://www.nofrills.ca/en/no-name-classic-sea-salt-potato-chips-200-g/p/20002287_EA
CAN-WALMART-20002288,walmart,Walmart,walmart.ca,"Billings Bridge, Ottawa",3092,ON - Ottawa,K1P1J1,Snacks & Treats,Chips & Snacks,"Great Value Classic Sea Salt Potato Chips, 200 g",Great Value,200 g,1.97,1.97,NO,0.0,Regular Everyday Price,0.98,100g,In Stock,2026-10-04T12:43:59.353564+00:00,Official walmart.ca Web Storefront,2026-10-01T04:00:00+00:00,2026-10-08T03:59:59+00:00,https://www.walmart.ca/en/ip/great-value-classic-sea-salt-potato-chips-200-g/60000002288
CAN-TNT-20002289,tnt,T&T,tntsupermarket.com,"Hunt Club Rd, Ottawa",015,ON - Ottawa,K1P1J1,Snacks & Treats,Chips & Snacks,"Calbee / T&T Classic Sea Salt Potato Chips, 200 g",Calbee / T&T,200 g,2.68,3.56,YES,0.88,Weekly Feature Special - Save $0.88,1.34,100g,In Stock,2026-10-04T12:44:13.957298+00:00,Official tntsupermarket.com Web Storefront,2026-10-01T04:00:00+00:00,2026-10-08T03:59:59+00:00,https://www.tntsupermarket.com/eng/2000228-calbee-tt-classic-sea-salt-potato-chips-200-g.html
CAN-SAVEON-20002290,saveon,Save-On,saveonfoods.com,Ottawa Regional Fulfillment,9902,ON - Ottawa,K1P1J1,Snacks & Treats,Chips & Snacks,"Western Family Classic Sea Salt Potato Chips, 200 g",Western Family,200 g,3.19,3.19,NO,0.0,Regular Everyday Price,1.59,100g,In Stock,2026-10-04T12:44:18.426147+00:00,Official saveonfoods.com Web Storefront,2026-10-01T04:00:00+00:00,2026-10-08T03:59:59+00:00,https://www.saveonfoods.com/sm/pickup/rsid/9902/product/western-family-classic-sea-salt-potato-chips-200-g-20002290
CAN-LOBLAWS-20002291,loblaws,Loblaws,loblaws.ca,"Isabella St, Ottawa",1024,ON - Ottawa,K1P1J1,Household & Essentials,Paper Products,"PC Green Ultra Paper Towels, 6 jumbo rolls",PC Green,6 jumbo rolls,14.49,14.49,NO,0.0,Regular Everyday Price,14.49,each,In Stock,2026-10-04T12:44:25.653688+00:00,Official loblaws.ca Web Storefront,2026-10-01T04:00:00+00:00,2026-10-08T03:59:59+00:00,https://www.loblaws.ca/en/pc-green-ultra-paper-towels-6-jumbo-rolls/p/20002291_EA
CAN-METRO-20002292,metro,Metro,metro.ca,"Beechwood Ave, Ottawa",0418,ON - Ottawa,K1P1J1,Household & Essentials,Paper Products,"Selection Ultra Paper Towels, 6 jumbo rolls",Selection,6 jumbo rolls,12.99,12.99,NO,0.0,Regular Everyday Price,12.99,each,In Stock,2026-10-04T12:44:30.576670+00:00,Official metro.ca Web Storefront,2026-10-01T04:00:00+00:00,2026-10-08T03:59:59+00:00,https://www.metro.ca/en/online-grocery/aisles/household-essentials/selection-ultra-paper-towels-6-jumbo-rolls-p-20002292
CAN-FOODBASICS-20002293,foodbasics,Food Basics,foodbasics.ca,"St. Laurent Blvd, Ottawa",0934,ON - Ottawa,K1P1J1,Household & Essentials,Paper Products,"Selection Ultra Paper Towels, 6 jumbo rolls",Selection,6 jumbo rolls,9.99,9.99,NO,0.0,Regular Everyday Price,9.99,each,In Stock,2026-10-04T12:44:44.733204+00:00,Official foodbasics.ca Web Storefront,2026-10-01T04:00:00+00:00,2026-10-08T03:59:59+00:00,https://www.foodbasics.ca/aisles/household-essentials/selection-ultra-paper-towels-6-jumbo-rolls-p-20002293
CAN-SOBEYS-20002294,sobeys,Sobeys,sobeys.com,"March Rd, Kanata / Ottawa",0675,ON - Ottawa,K1P1J1,Household & Essentials,Paper Products,"Compliments Ultra Paper Towels, 6 jumbo rolls",Compliments,6 jumbo rolls,14.49,14.49,NO,0.0,Regular Everyday Price,14.49,each,In Stock,2026-10-04T12:44:53.872383+00:00,Official sobeys.com Web Storefront,2026-10-01T04:00:00+00:00,2026-10-08T03:59:59+00:00,https://www.sobeys.com/en/products/compliments-ultra-paper-towels-6-jumbo-rolls-20002294
CAN-FRESHCO-20002295,freshco,FreshCo,freshco.com,"McArthur Ave, Ottawa",9555,ON - Ottawa,K1P1J1,Household & Essentials,Paper Products,"Compliments Ultra Paper Towels, 6 jumbo rolls",Compliments,6 jumbo rolls,9.99,9.99,NO,0.0,Regular Everyday Price,9.99,each,In Stock,2026-10-04T12:44:58.521285+00:00,Official freshco.com Web Storefront,2026-10-01T04:00:00+00:00,2026-10-08T03:59:59+00:00,https://freshco.com/products/compliments-ultra-paper-towels-6-jumbo-rolls-20002295
CAN-COSTCO-20002296,costco,Costco,costco.ca,"Innes Rd, Ottawa",0541,ON - Ottawa,K1P1J1,Household & Essentials,Paper Products,"Kirkland Signature Ultra Paper Towels, 12 jumbo rolls",Kirkland Signature,12 jumbo rolls,34.99,38.49,YES,3.5,Instant Savings $3.50 Off at Checkout,34.99,each,In Stock,2026-10-04T12:45:01.619996+00:00,Official costco.ca Web Storefront,2026-10-01T04:00:00+00:00,2026-10-08T03:59:59+00:00,https://www.costco.ca/kirkland-signature-ultra-paper-towels-12-jumbo-rolls.product.002296.html
CAN-NOFRILLS-20002297,nofrills,No Frills,nofrills.ca,"Merivale Rd, Ottawa",3419,ON - Ottawa,K1P1J1,Household & Essentials,Paper Products,"No Name Ultra Paper Towels, 6 jumbo rolls",No Name,6 jumbo rolls,9.99,9.99,NO,0.0,Regular Everyday Price,9.99,each,In Stock,2026-10-04T12:45:12.572477+00:00,Official nofrills.ca Web Storefront,2026-10-01T04:00:00+00:00,2026-10-08T03:59:59+00:00,https://www.nofrills.ca/en/no-name-ultra-paper-towels-6-jumbo-rolls/p/20002297_EA
CAN-WALMART-20002298,walmart,Walmart,walmart.ca,"Billings Bridge, Ottawa",3092,ON - Ottawa,K1P1J1,Household & Essentials,Paper Products,"Great Value Ultra Paper Towels, 6 jumbo rolls",Great Value,6 jumbo rolls,9.97,11.97,YES,2.0,Rollback - Save $2.00,9.97,each,In Stock,2026-10-04T12:45:26.658092+00:00,Official walmart.ca Web Storefront,2026-10-01T04:00:00+00:00,2026-10-08T03:59:59+00:00,https://www.walmart.ca/en/ip/great-value-ultra-paper-towels-6-jumbo-rolls/60000002298
CAN-TNT-20002299,tnt,T&T,tntsupermarket.com,"Hunt Club Rd, Ottawa",015,ON - Ottawa,K1P1J1,Household & Essentials,Paper Products,"Royale Ultra Paper Towels, 6 jumbo rolls",Royale,6 jumbo rolls,12.88,12.88,NO,0.0,Regular Everyday Price,12.88,each,In Stock,2026-10-04T12:45:29.667311+00:00,Official tntsupermarket.com Web Storefront,2026-10-01T04:00:00+00:00,2026-10-08T03:59:59+00:00,https://www.tntsupermarket.com/eng/2000229-royale-ultra-paper-towels-6-jumbo-rolls.html
CAN-SAVEON-20002300,saveon,Save-On,saveonfoods.com,Ottawa Regional Fulfillment,9902,ON - Ottawa,K1P1J1,Household & Essentials,Paper Products,"Western Family Ultra Paper Towels, 6 jumbo rolls",Western Family,6 jumbo rolls,13.49,14.49,YES,1.0,Save $1.00 With More Rewards Card,13.49,each,In Stock,2026-10-04T12:45:42.490335+00:00,Official saveonfoods.com Web Storefront,2026-10-01T04:00:00+00:00,2026-10-08T03:59:59+00:00,https://www.saveonfoods.com/sm/pickup/rsid/9902/product/western-family-ultra-paper-towels-6-jumbo-rolls-20002300
CAN-LOBLAWS-20002301,loblaws,Loblaws,loblaws.ca,"Isabella St, Ottawa",1024,ON - Ottawa,K1P1J1,Household & Essentials,Paper Products,"President's Choice 2-Ply Bathroom Tissue, 12 double rolls",President's Choice,12 double rolls,13.49,13.49,NO,0.0,Regular Everyday Price,13.49,each,In Stock,2026-10-04T12:45:51.609986+00:00,Official loblaws.ca Web Storefront,2026-10-01T04:00:00+00:00,2026-10-08T03:59:59+00:00,https://www.loblaws.ca/en/presidents-choice-2-ply-bathroom-tissue-12-double-rolls/p/20002301_EA
CAN-METRO-20002302,metro,Metro,metro.ca,"Beechwood Ave, Ottawa",0418,ON - Ottawa,K1P1J1,Household & Essentials,Paper Products,"Selection 2-Ply Bathroom Tissue, 12 double rolls",Selection,12 double rolls,11.99,12.99,YES,1.0,Weekly Flyer Special - Save $1.00,11.99,each,In Stock,2026-10-04T12:46:01.152705+00:00,Official metro.ca Web Storefront,2026-10-01T04:00:00+00:00,2026-10-08T03:59:59+00:00,https://www.metro.ca/en/online-grocery/aisles/household-essentials/selection-2-ply-bathroom-tissue-12-double-rolls-p-20002302
CAN-FOODBASICS-20002303,foodbasics,Food Basics,foodbasics.ca,"St. Laurent Blvd, Ottawa",0934,ON - Ottawa,K1P1J1,Household & Essentials,Paper Products,"Selection 2-Ply Bathroom Tissue, 12 double rolls",Selection,12 double rolls,8.99,9.99,YES,1.0,Always More For Less - Save $1.00,8.99,each,In Stock,2026-10-04T12:46:04.999310+00:00,Official foodbasics.ca Web Storefront,2026-10-01T04:00:00+00:00,2026-10-08T03:59:59+00:00,https://www.foodbasics.ca/aisles/household-essentials/selection-2-ply-bathroom-tissue-12-double-rolls-p-20002303
CAN-SOBEYS-20002304,sobeys,Sobeys,sobeys.com,"March Rd, Kanata / Ottawa",0675,ON - Ottawa,K1P1J1,Household & Essentials,Paper Products,"Compliments 2-Ply Bathroom Tissue, 12 double rolls",Compliments,12 double rolls,13.49,13.49,NO,0.0,Regular Everyday Price,13.49,each,In Stock,2026-10-04T12:46:14.204597+00:00,Official sobeys.com Web Storefront,2026-10-01T04:00:00+00:00,2026-10-08T03:59:59+00:00,https://www.sobeys.com/en/products/compliments-2-ply-bathroom-tissue-12-double-rolls-20002304
CAN-FRESHCO-20002305,freshco,FreshCo,freshco.com,"McArthur Ave, Ottawa",9555,ON - Ottawa,K1P1J1,Household & Essentials,Paper Products,"Compliments 2-Ply Bathroom Tissue, 12 double rolls",Compliments,12 double rolls,8.99,8.99,NO,0.0,Regular Everyday Price,8.99,each,In Stock,2026-10-04T12:46:25.667182+00:00,Official freshco.com Web Storefront,2026-10-01T04:00:00+00:00,2026-10-08T03:59:59+00:00,https://freshco.com/products/compliments-2-ply-bathroom-tissue-12-double-rolls-20002305
CAN-COSTCO-20002306,costco,Costco,costco.ca,"Innes Rd, Ottawa",0541,ON - Ottawa,K1P1J1,Household & Essentials,Paper Products,"Kirkland Signature 2-Ply Bathroom Tissue, 30 rolls / 380 sheets",Kirkland Signature,30 rolls / 380 sheets,24.99,29.99,YES,5.0,Instant Savings $5.00 Off at Checkout,0.83,each,In Stock,2026-10-04T12:46:35.836584+00:00,Official costco.ca Web Storefront,2026-10-01T04:00:00+00:00,2026-10-08T03:59:59+00:00,https://www.costco.ca/kirkland-signature-2-ply-bathroom-tissue-30-rolls-380-sheets.product.002306.html
CAN-NOFRILLS-20002307,nofrills,No Frills,nofrills.ca,"Merivale Rd, Ottawa",3419,ON - Ottawa,K1P1J1,Household & Essentials,Paper Products,"No Name 2-Ply Bathroom Tissue, 12 double rolls",No Name,12 double rolls,8.99,8.99,NO,0.0,Regular Everyday Price,8.99,each,In Stock,2026-10-04T12:46:46.881937+00:00,Official nofrills.ca Web Storefront,2026-10-01T04:00:00+00:00,2026-10-08T03:59:59+00:00,https://www.nofrills.ca/en/no-name-2-ply-bathroom-tissue-12-double-rolls/p/20002307_EA
CAN-WALMART-20002308,walmart,Walmart,walmart.ca,"Billings Bridge, Ottawa",3092,ON - Ottawa,K1P1J1,Household & Essentials,Paper Products,"Great Value 2-Ply Bathroom Tissue, 12 double rolls",Great Value,12 double rolls,8.97,8.97,NO,0.0,Regular Everyday Price,8.97,each,In Stock,2026-10-04T12:46:52.165448+00:00,Official walmart.ca Web Storefront,2026-10-01T04:00:00+00:00,2026-10-08T03:59:59+00:00,https://www.walmart.ca/en/ip/great-value-2-ply-bathroom-tissue-12-double-rolls/60000002308
CAN-TNT-20002309,tnt,T&T,tntsupermarket.com,"Hunt Club Rd, Ottawa",015,ON - Ottawa,K1P1J1,Household & Essentials,Paper Products,"Cashmere 2-Ply Bathroom Tissue, 12 double rolls",Cashmere,12 double rolls,11.48,11.48,NO,0.0,Regular Everyday Price,11.48,each,In Stock,2026-10-04T12:47:06.654083+00:00,Official tntsupermarket.com Web Storefront,2026-10-01T04:00:00+00:00,2026-10-08T03:59:59+00:00,https://www.tntsupermarket.com/eng/2000230-cashmere-2-ply-bathroom-tissue-12-double-rolls.html
CAN-SAVEON-20002310,saveon,Save-On,saveonfoods.com,Ottawa Regional Fulfillment,9902,ON - Ottawa,K1P1J1,Household & Essentials,Paper Products,"Western Family 2-Ply Bathroom Tissue, 12 double rolls",Western Family,12 double rolls,12.49,12.49,NO,0.0,Regular Everyday Price,12.49,each,In Stock,2026-10-04T12:47:20.413664+00:00,Official saveonfoods.com Web Storefront,2026-10-01T04:00:00+00:00,2026-10-08T03:59:59+00:00,https://www.saveonfoods.com/sm/pickup/rsid/9902/product/western-family-2-ply-bathroom-tissue-12-double-rolls-20002310
CAN-LOBLAWS-20002311,loblaws,Loblaws,loblaws.ca,"Isabella St, Ottawa",1024,ON - Ottawa,K1P1J1,Household & Essentials,Cleaning,"President's Choice Liquid Laundry Detergent, 4.08 L",President's Choice,4.08 L,16.49,16.49,NO,0.0,Regular Everyday Price,4.04,L,In Stock,2026-10-04T12:47:34.492187+00:00,Official loblaws.ca Web Storefront,2026-10-01T04:00:00+00:00,2026-10-08T03:59:59+00:00,https://www.loblaws.ca/en/presidents-choice-liquid-laundry-detergent-408-l/p/20002311_EA
CAN-METRO-20002312,metro,Metro,metro.ca,"Beechwood Ave, Ottawa",0418,ON - Ottawa,K1P1J1,Household & Essentials,Cleaning,"Selection Liquid Laundry Detergent, 4.08 L",Selection,4.08 L,14.99,16.99,YES,2.0,Weekly Flyer Special - Save $2.00,3.67,L,In Stock,2026-10-04T12:47:43.386614+00:00,Official metro.ca Web Storefront,2026-10-01T04:00:00+00:00,2026-10-08T03:59:59+00:00,https://www.metro.ca/en/online-grocery/aisles/household-essentials/selection-liquid-laundry-detergent-408-l-p-20002312
CAN-FOODBASICS-20002313,foodbasics,Food Basics,foodbasics.ca,"St. Laurent Blvd, Ottawa",0934,ON - Ottawa,K1P1J1,Household & Essentials,Cleaning,"Selection Liquid Laundry Detergent, 4.08 L",Selection,4.08 L,11.99,11.99,NO,0.0,Regular Everyday Price,2.94,L,In Stock,2026-10-04T12:47:57.027313+00:00,Official foodbasics.ca Web Storefront,2026-10-01T04:00:00+00:00,2026-10-08T03:59:59+00:00,https://www.foodbasics.ca/aisles/household-essentials/selection-liquid-laundry-detergent-408-l-p-20002313
CAN-SOBEYS-20002314,sobeys,Sobeys,sobeys.com,"March Rd, Kanata / Ottawa",0675,ON - Ottawa,K1P1J1,Household & Essentials,Cleaning,"Compliments Liquid Laundry Detergent, 4.08 L",Compliments,4.08 L,16.49,16.49,NO,0.0,Regular Everyday Price,4.04,L,In Stock,2026-10-04T12:48:05.841631+00:00,Official sobeys.com Web Storefront,2026-10-01T04:00:00+00:00,2026-10-08T03:59:59+00:00,https://www.sobeys.com/en/products/compliments-liquid-laundry-detergent-408-l-20002314
CAN-FRESHCO-20002315,freshco,FreshCo,freshco.com,"McArthur Ave, Ottawa",9555,ON - Ottawa,K1P1J1,Household & Essentials,Cleaning,"Compliments Liquid Laundry Detergent, 4.08 L",Compliments,4.08 L,11.99,11.99,NO,0.0,Regular Everyday Price,2.94,L,In Stock,2026-10-04T12:48:20.267098+00:00,Official freshco.com Web Storefront,2026-10-01T04:00:00+00:00,2026-10-08T03:59:59+00:00,https://freshco.com/products/compliments-liquid-laundry-detergent-408-l-20002315
CAN-COSTCO-20002316,costco,Costco,costco.ca,"Innes Rd, Ottawa",0541,ON - Ottawa,K1P1J1,Household & Essentials,Cleaning,"Kirkland Signature Ultra Clean Liquid Laundry Detergent, 5.73 L / 146 loads",Kirkland Signature Ultra Clean,5.73 L / 146 loads,22.99,22.99,NO,0.0,Regular Everyday Price,4.01,L,In Stock,2026-10-04T12:48:27.893594+00:00,Official costco.ca Web Storefront,2026-10-01T04:00:00+00:00,2026-10-08T03:59:59+00:00,https://www.costco.ca/kirkland-signature-ultra-clean-liquid-laundry-detergent-573-l-146-loads.product.002316.html
CAN-NOFRILLS-20002317,nofrills,No Frills,nofrills.ca,"Merivale Rd, Ottawa",3419,ON - Ottawa,K1P1J1,Household & Essentials,Cleaning,"No Name Liquid Laundry Detergent, 4.08 L",No Name,4.08 L,11.99,12.74,YES,0.75,Hit of the Month - Rollback $0.75,2.94,L,In Stock,2026-10-04T12:48:36.701619+00:00,Official nofrills.ca Web Storefront,2026-10-01T04:00:00+00:00,2026-10-08T03:59:59+00:00,https://www.nofrills.ca/en/no-name-liquid-laundry-detergent-408-l/p/20002317_EA
CAN-WALMART-20002318,walmart,Walmart,walmart.ca,"Billings Bridge, Ottawa",3092,ON - Ottawa,K1P1J1,Household & Essentials,Cleaning,"Great Value Liquid Laundry Detergent, 4.08 L",Great Value,4.08 L,11.97,11.97,NO,0.0,Regular Everyday Price,2.93,L,In Stock,2026-10-04T12:48:40.597753+00:00,Official walmart.ca Web Storefront,2026-10-01T04:00:00+00:00,2026-10-08T03:59:59+00:00,https://www.walmart.ca/en/ip/great-value-liquid-laundry-detergent-408-l/60000002318
CAN-TNT-20002319,tnt,T&T,tntsupermarket.com,"Hunt Club Rd, Ottawa",015,ON - Ottawa,K1P1J1,Household & Essentials,Cleaning,"Tide Simply Liquid Laundry Detergent, 4.08 L",Tide Simply,4.08 L,14.48,15.36,YES,0.88,Weekly Feature Special - Save $0.88,3.55,L,In Stock,2026-10-04T12:48:52.230930+00:00,Official tntsupermarket.com Web Storefront,2026-10-01T04:00:00+00:00,2026-10-08T03:59:59+00:00,https://www.tntsupermarket.com/eng/2000231-tide-simply-liquid-laundry-detergent-408-l.html
CAN-SAVEON-20002320,saveon,Save-On,saveonfoods.com,Ottawa Regional Fulfillment,9902,ON - Ottawa,K1P1J1,Household & Essentials,Cleaning,"Western Family Liquid Laundry Detergent, 4.08 L",Western Family,4.08 L,15.49,15.49,NO,0.0,Regular Everyday Price,3.8,L,In Stock,2026-10-04T12:48:58.847108+00:00,Official saveonfoods.com Web Storefront,2026-10-01T04:00:00+00:00,2026-10-08T03:59:59+00:00,https://www.saveonfoods.com/sm/pickup/rsid/9902/product/western-family-liquid-laundry-detergent-408-l-20002320
